{"type": "FeatureCollection", "features": [{"type": "Feature", "geometry": {"type": "Polygon", "coordinates": [[[0.1930718, 43.587345], [0.192971, 43.5873408], [0.1929106, 43.5873548], [0.1919887, 43.5873698], [0.1912075, 43.5882391], [0.191139, 43.5881506], [0.1909104, 43.5878295], [0.1908, 43.5876862], [0.1905707, 43.587801], [0.190543, 43.5877692], [0.1902965, 43.5872475], [0.1897658, 43.5865144], [0.1898352, 43.5864984], [0.1910401, 43.5872536], [0.1913356, 43.5870842], [0.1913651, 43.5871208], [0.1922533, 43.5867926], [0.1925142, 43.5867282], [0.1936138, 43.5867639], [0.1936619, 43.5867526], [0.1936396, 43.5867039], [0.1941156, 43.586606], [0.1945212, 43.5872778], [0.1939575, 43.5873401], [0.1936106, 43.5873749], [0.1930718, 43.587345]]]}, "properties": {"kind": "prive_autorisation", "section": "A", "numero": "7", "contenance": 25980, "source": "cadastre.data.gouv.fr (PCI Vecteur Etalab) + BDTOPO_V3:foret_publique (IGN)"}}, {"type": "Feature", "geometry": {"type": "Polygon", "coordinates": [[[0.1950554, 43.5837356], [0.1951922, 43.5840639], [0.1948204, 43.5841772], [0.1949608, 43.584539], [0.1949158, 43.584562], [0.1948191, 43.5846375], [0.1941693, 43.5848926], [0.1942697, 43.5850767], [0.1940059, 43.5851454], [0.193925, 43.5851936], [0.1935672, 43.585235], [0.1932806, 43.5853132], [0.1931507, 43.5849583], [0.1932398, 43.5849444], [0.1934304, 43.5849148], [0.1933065, 43.5844891], [0.1931897, 43.5838722], [0.1949283, 43.5834404], [0.1950554, 43.5837356]]]}, "properties": {"kind": "prive_autorisation", "section": "A", "numero": "170", "contenance": 20660, "source": "cadastre.data.gouv.fr (PCI Vecteur Etalab) + BDTOPO_V3:foret_publique (IGN)"}}, {"type": "Feature", "geometry": {"type": "Polygon", "coordinates": [[[0.1931897, 43.5838722], [0.1933065, 43.5844891], [0.1931561, 43.5846079], [0.1929714, 43.5846413], [0.192794, 43.5846777], [0.1926491, 43.5847466], [0.1921041, 43.5848678], [0.1917731, 43.5849449], [0.1917339, 43.5849422], [0.1911619, 43.5848826], [0.1911488, 43.5843362], [0.1912845, 43.5842088], [0.1915118, 43.5840456], [0.1918744, 43.5838363], [0.1921976, 43.5837876], [0.1925644, 43.5836697], [0.1926797, 43.5836422], [0.1928171, 43.583585], [0.1931878, 43.5834458], [0.1932737, 43.5834255], [0.1934179, 43.5836953], [0.1931788, 43.5838155], [0.1931897, 43.5838722]]]}, "properties": {"kind": "prive_autorisation", "section": "A", "numero": "172", "contenance": 19750, "source": "cadastre.data.gouv.fr (PCI Vecteur Etalab) + BDTOPO_V3:foret_publique (IGN)"}}, {"type": "Feature", "geometry": {"type": "Polygon", "coordinates": [[[0.198992, 43.5823067], [0.1991573, 43.5827432], [0.1985829, 43.58284], [0.1981539, 43.5828802], [0.1977224, 43.5829169], [0.1968453, 43.583042], [0.1967243, 43.5825709], [0.1971607, 43.5824845], [0.1976865, 43.5824289], [0.198992, 43.5823067]]]}, "properties": {"kind": "prive_autorisation", "section": "A", "numero": "158", "contenance": 10365, "source": "cadastre.data.gouv.fr (PCI Vecteur Etalab) + BDTOPO_V3:foret_publique (IGN)"}}, {"type": "Feature", "geometry": {"type": "Polygon", "coordinates": [[[0.1968453, 43.583042], [0.1977224, 43.5829169], [0.1981539, 43.5828802], [0.1985829, 43.58284], [0.1991573, 43.5827432], [0.1992252, 43.5829262], [0.1993729, 43.5833301], [0.1990799, 43.5833843], [0.1987855, 43.5834349], [0.1984857, 43.583473], [0.197845, 43.5835602], [0.1978887, 43.5836812], [0.1978047, 43.5836914], [0.1977124, 43.5837024], [0.197402, 43.5837307], [0.197039, 43.5838042], [0.1968453, 43.583042]]]}, "properties": {"kind": "prive_autorisation", "section": "A", "numero": "159", "contenance": 14287, "source": "cadastre.data.gouv.fr (PCI Vecteur Etalab) + BDTOPO_V3:foret_publique (IGN)"}}, {"type": "Feature", "geometry": {"type": "Polygon", "coordinates": [[[0.1967243, 43.5825709], [0.1968453, 43.583042], [0.197039, 43.5838042], [0.1967785, 43.5838164], [0.1965996, 43.5831734], [0.1964454, 43.5826277], [0.1967243, 43.5825709]]]}, "properties": {"kind": "prive_autorisation", "section": "A", "numero": "160", "contenance": 3105, "source": "cadastre.data.gouv.fr (PCI Vecteur Etalab) + BDTOPO_V3:foret_publique (IGN)"}}, {"type": "Feature", "geometry": {"type": "Polygon", "coordinates": [[[0.1962723, 43.5839382], [0.1961749, 43.5839691], [0.1957814, 43.5826951], [0.195922, 43.5826759], [0.1961803, 43.5826575], [0.1963869, 43.583475], [0.1961431, 43.5835066], [0.1962723, 43.5839382]]]}, "properties": {"kind": "prive_autorisation", "section": "A", "numero": "165", "contenance": 3505, "source": "cadastre.data.gouv.fr (PCI Vecteur Etalab) + BDTOPO_V3:foret_publique (IGN)"}}, {"type": "Feature", "geometry": {"type": "Polygon", "coordinates": [[[0.1957814, 43.5826951], [0.1961749, 43.5839691], [0.1957648, 43.584125], [0.195595, 43.5842388], [0.1950344, 43.5828866], [0.1955068, 43.5827519], [0.1957814, 43.5826951]]]}, "properties": {"kind": "prive_autorisation", "section": "A", "numero": "166", "contenance": 8835, "source": "cadastre.data.gouv.fr (PCI Vecteur Etalab) + BDTOPO_V3:foret_publique (IGN)"}}, {"type": "Feature", "geometry": {"type": "Polygon", "coordinates": [[[0.1950554, 43.5837356], [0.1949283, 43.5834404], [0.1947344, 43.582978], [0.1950344, 43.5828866], [0.195595, 43.5842388], [0.1954684, 43.5843046], [0.1952036, 43.583704], [0.1950554, 43.5837356]]]}, "properties": {"kind": "prive_autorisation", "section": "A", "numero": "167", "contenance": 3410, "source": "cadastre.data.gouv.fr (PCI Vecteur Etalab) + BDTOPO_V3:foret_publique (IGN)"}}, {"type": "Feature", "geometry": {"type": "Polygon", "coordinates": [[[0.2028089, 43.5816873], [0.2029559, 43.5821534], [0.2033091, 43.5821052], [0.2033725, 43.5823404], [0.2033998, 43.5825627], [0.2033948, 43.5827565], [0.2033425, 43.5834153], [0.2028833, 43.583452], [0.2028414, 43.5826336], [0.2028238, 43.582489], [0.2025067, 43.5817142], [0.2028089, 43.5816873]]]}, "properties": {"kind": "prive_autorisation", "section": "A", "numero": "133", "contenance": 7782, "source": "cadastre.data.gouv.fr (PCI Vecteur Etalab) + BDTOPO_V3:foret_publique (IGN)"}}, {"type": "Feature", "geometry": {"type": "Polygon", "coordinates": [[[0.2025067, 43.5817142], [0.2028238, 43.582489], [0.2028414, 43.5826336], [0.2028833, 43.583452], [0.2025086, 43.5834811], [0.2023833, 43.5832263], [0.2022447, 43.5832506], [0.2022253, 43.5832128], [0.2021961, 43.583221], [0.2020163, 43.5827503], [0.2018156, 43.582798], [0.2017538, 43.5826657], [0.2014439, 43.5819974], [0.2017165, 43.5819067], [0.2019894, 43.5818158], [0.2022096, 43.5817395], [0.2025067, 43.5817142]]]}, "properties": {"kind": "bati", "section": "A", "numero": "135", "contenance": 13778, "source": "cadastre.data.gouv.fr (PCI Vecteur Etalab) + BDTOPO_V3:foret_publique (IGN)"}}, {"type": "Feature", "geometry": {"type": "Polygon", "coordinates": [[[0.2062438, 43.5836342], [0.2069412, 43.5833271], [0.2070323, 43.5834557], [0.2071326, 43.5836041], [0.2073478, 43.5839255], [0.2073796, 43.5839292], [0.207721, 43.5844366], [0.2077351, 43.5844443], [0.2074054, 43.5845944], [0.2071829, 43.5846577], [0.2069025, 43.5847385], [0.2068751, 43.5844715], [0.2067951, 43.5843527], [0.2065754, 43.5840283], [0.2062438, 43.5836342]]]}, "properties": {"kind": "prive_autorisation", "section": "A", "numero": "500", "contenance": 8607, "source": "cadastre.data.gouv.fr (PCI Vecteur Etalab) + BDTOPO_V3:foret_publique (IGN)"}}, {"type": "Feature", "geometry": {"type": "Polygon", "coordinates": [[[0.1922447, 43.5854001], [0.1916672, 43.5854633], [0.1901102, 43.5855463], [0.1895582, 43.5856645], [0.1895004, 43.5856722], [0.1887957, 43.5856758], [0.1885272, 43.5856256], [0.1893988, 43.585296], [0.1900692, 43.5850201], [0.1901135, 43.5850595], [0.1903271, 43.5851179], [0.1906277, 43.5851056], [0.1909405, 43.5851131], [0.1920136, 43.5853293], [0.1922447, 43.5854001]]]}, "properties": {"kind": "prive_autorisation", "section": "A", "numero": "179", "contenance": 10090, "source": "cadastre.data.gouv.fr (PCI Vecteur Etalab) + BDTOPO_V3:foret_publique (IGN)"}}, {"type": "Feature", "geometry": {"type": "Polygon", "coordinates": [[[0.1922447, 43.5854001], [0.1924923, 43.5854749], [0.1925885, 43.585522], [0.1924304, 43.5855266], [0.1918012, 43.5855337], [0.1914516, 43.5855287], [0.191251, 43.5856039], [0.1905044, 43.5856891], [0.1900099, 43.5857056], [0.1898302, 43.5858028], [0.1895927, 43.5858453], [0.1893962, 43.5858526], [0.1890378, 43.5858629], [0.1886793, 43.5858694], [0.1885862, 43.5858086], [0.1885149, 43.5857741], [0.1884379, 43.5857326], [0.1883681, 43.5856909], [0.1885272, 43.5856256], [0.1887957, 43.5856758], [0.1895004, 43.5856722], [0.1895582, 43.5856645], [0.1901102, 43.5855463], [0.1916672, 43.5854633], [0.1922447, 43.5854001]]]}, "properties": {"kind": "prive_autorisation", "section": "A", "numero": "180", "contenance": 5130, "source": "cadastre.data.gouv.fr (PCI Vecteur Etalab) + BDTOPO_V3:foret_publique (IGN)"}}, {"type": "Feature", "geometry": {"type": "Polygon", "coordinates": [[[0.1897658, 43.5865144], [0.1902965, 43.5872475], [0.190543, 43.5877692], [0.1905707, 43.587801], [0.1899845, 43.5880871], [0.189932, 43.5880138], [0.1898498, 43.587986], [0.189075, 43.5872118], [0.1890485, 43.5871844], [0.1888319, 43.5866296], [0.188806, 43.5865552], [0.1888022, 43.5865196], [0.1887931, 43.5864039], [0.1887892, 43.5862881], [0.1887155, 43.5861531], [0.1886832, 43.5861313], [0.1886316, 43.5861008], [0.1885769, 43.5860733], [0.188649, 43.5859017], [0.1889769, 43.585899], [0.1893539, 43.5862268], [0.1895047, 43.5863317], [0.1897658, 43.5865144]]]}, "properties": {"kind": "prive_autorisation", "section": "A", "numero": "3", "contenance": 17220, "source": "cadastre.data.gouv.fr (PCI Vecteur Etalab) + BDTOPO_V3:foret_publique (IGN)"}}, {"type": "Feature", "geometry": {"type": "Polygon", "coordinates": [[[0.1889769, 43.585899], [0.1896119, 43.58589], [0.1898331, 43.5858326], [0.1900456, 43.5857294], [0.1905062, 43.5857196], [0.1912688, 43.5856182], [0.1914672, 43.5855517], [0.1917252, 43.585562], [0.1917359, 43.5858257], [0.1916082, 43.5859641], [0.1914936, 43.5860069], [0.1911463, 43.586055], [0.1904921, 43.5861423], [0.1898368, 43.5862259], [0.1895047, 43.5863317], [0.1893539, 43.5862268], [0.1889769, 43.585899]]]}, "properties": {"kind": "prive_autorisation", "section": "A", "numero": "4", "contenance": 9650, "source": "cadastre.data.gouv.fr (PCI Vecteur Etalab) + BDTOPO_V3:foret_publique (IGN)"}}, {"type": "Feature", "geometry": {"type": "Polygon", "coordinates": [[[0.1936396, 43.5867039], [0.1936619, 43.5867526], [0.1936138, 43.5867639], [0.1925142, 43.5867282], [0.1922533, 43.5867926], [0.1913651, 43.5871208], [0.1913356, 43.5870842], [0.1910401, 43.5872536], [0.1898352, 43.5864984], [0.1897658, 43.5865144], [0.1895047, 43.5863317], [0.1898368, 43.5862259], [0.1904921, 43.5861423], [0.1911463, 43.586055], [0.1914936, 43.5860069], [0.1916082, 43.5859641], [0.1917359, 43.5858257], [0.1917252, 43.585562], [0.1924404, 43.5855543], [0.1926557, 43.5855309], [0.1929758, 43.5860237], [0.1932168, 43.5860675], [0.1935119, 43.5864387], [0.1936396, 43.5867039]]]}, "properties": {"kind": "prive_autorisation", "section": "A", "numero": "5", "contenance": 31995, "source": "cadastre.data.gouv.fr (PCI Vecteur Etalab) + BDTOPO_V3:foret_publique (IGN)"}}, {"type": "Feature", "geometry": {"type": "Polygon", "coordinates": [[[0.1941156, 43.586606], [0.1936396, 43.5867039], [0.1935119, 43.5864387], [0.1932168, 43.5860675], [0.1929758, 43.5860237], [0.1926557, 43.5855309], [0.1931997, 43.5853512], [0.1933749, 43.5852996], [0.1934385, 43.5854118], [0.1936775, 43.5858415], [0.1939543, 43.5863402], [0.1941156, 43.586606]]]}, "properties": {"kind": "prive_autorisation", "section": "A", "numero": "6", "contenance": 7740, "source": "cadastre.data.gouv.fr (PCI Vecteur Etalab) + BDTOPO_V3:foret_publique (IGN)"}}, {"type": "Feature", "geometry": {"type": "Polygon", "coordinates": [[[0.1987984, 43.5853636], [0.1992098, 43.5853389], [0.1991769, 43.5847099], [0.2000271, 43.5846138], [0.2006006, 43.5845461], [0.2006333, 43.5848277], [0.2007314, 43.5851753], [0.2004174, 43.5852112], [0.2000744, 43.5852516], [0.1999559, 43.585264], [0.1998596, 43.5857721], [0.1998856, 43.5860102], [0.1995552, 43.5859978], [0.1985877, 43.5859376], [0.1982544, 43.5859674], [0.1981213, 43.58597], [0.1978909, 43.5859715], [0.1976605, 43.5859693], [0.1975503, 43.585955], [0.197628, 43.5853802], [0.1980604, 43.5854214], [0.1987984, 43.5853636]]]}, "properties": {"kind": "prive_autorisation", "section": "A", "numero": "100", "contenance": 20990, "source": "cadastre.data.gouv.fr (PCI Vecteur Etalab) + BDTOPO_V3:foret_publique (IGN)"}}, {"type": "Feature", "geometry": {"type": "Polygon", "coordinates": [[[0.198922, 43.5879087], [0.1991404, 43.5876764], [0.1992482, 43.5869825], [0.1998434, 43.587021], [0.2000422, 43.5870204], [0.2014124, 43.5871718], [0.20129, 43.5875489], [0.2004342, 43.5874412], [0.2003704, 43.5878456], [0.2003363, 43.5878454], [0.2003342, 43.5878565], [0.1994727, 43.5883411], [0.1994606, 43.5883363], [0.1995581, 43.5881553], [0.1987569, 43.5880875], [0.198922, 43.5879087]]]}, "properties": {"kind": "bati", "section": "A", "numero": "524", "contenance": 16380, "source": "cadastre.data.gouv.fr (PCI Vecteur Etalab) + BDTOPO_V3:foret_publique (IGN)"}}, {"type": "Feature", "geometry": {"type": "Polygon", "coordinates": [[[0.2018067, 43.5847898], [0.2017806, 43.5845729], [0.2025594, 43.5845772], [0.2027277, 43.5845945], [0.202879, 43.584595], [0.2032034, 43.584644], [0.2032274, 43.5856414], [0.2032248, 43.5857469], [0.2032168, 43.5858521], [0.2032117, 43.5858974], [0.2029026, 43.5859197], [0.2023363, 43.5859393], [0.2018616, 43.5859829], [0.2018167, 43.5857968], [0.2017745, 43.5856109], [0.2017789, 43.5855009], [0.2017885, 43.585391], [0.201797, 43.5853236], [0.2018453, 43.5850943], [0.2018067, 43.5847898]]]}, "properties": {"kind": "prive_autorisation", "section": "A", "numero": "105", "contenance": 17684, "source": "cadastre.data.gouv.fr (PCI Vecteur Etalab) + BDTOPO_V3:foret_publique (IGN)"}}, {"type": "Feature", "geometry": {"type": "Polygon", "coordinates": [[[0.2083174, 43.5850441], [0.2089004, 43.5856033], [0.2089904, 43.5857336], [0.2091018, 43.5859252], [0.2092341, 43.5861114], [0.2093435, 43.5861746], [0.2097175, 43.5864086], [0.2078003, 43.586425], [0.207553, 43.5864839], [0.2072562, 43.5864711], [0.2073245, 43.5859751], [0.2065804, 43.5856788], [0.2060292, 43.5856218], [0.2060945, 43.5852277], [0.2062026, 43.5852832], [0.2066494, 43.5853053], [0.2066686, 43.585243], [0.2069524, 43.5852265], [0.2074175, 43.5851604], [0.2074155, 43.5851295], [0.2081692, 43.5850444], [0.2083174, 43.5850441]]]}, "properties": {"kind": "prive_autorisation", "section": "A", "numero": "112", "contenance": 26505, "source": "cadastre.data.gouv.fr (PCI Vecteur Etalab) + BDTOPO_V3:foret_publique (IGN)"}}, {"type": "Feature", "geometry": {"type": "Polygon", "coordinates": [[[0.2097175, 43.5864086], [0.2099253, 43.5864082], [0.2102196, 43.5865952], [0.2103955, 43.5867027], [0.2105377, 43.58683], [0.2107276, 43.5871062], [0.2102639, 43.5873731], [0.210129, 43.5874965], [0.2101561, 43.5871899], [0.2100888, 43.5870816], [0.2098486, 43.5870514], [0.209673, 43.5870728], [0.2092647, 43.5871002], [0.2087036, 43.5870757], [0.2086374, 43.5870657], [0.2085312, 43.5870374], [0.207917, 43.5868333], [0.2078003, 43.586425], [0.2097175, 43.5864086]]]}, "properties": {"kind": "prive_autorisation", "section": "A", "numero": "113", "contenance": 15343, "source": "cadastre.data.gouv.fr (PCI Vecteur Etalab) + BDTOPO_V3:foret_publique (IGN)"}}, {"type": "Feature", "geometry": {"type": "Polygon", "coordinates": [[[0.2058915, 43.5837756], [0.2060376, 43.5842942], [0.2056506, 43.5842674], [0.2051665, 43.5842307], [0.2048225, 43.5842143], [0.2045281, 43.5841683], [0.2043495, 43.5841738], [0.2043104, 43.5841434], [0.2033621, 43.5841196], [0.2034058, 43.5838248], [0.2034689, 43.583826], [0.2042741, 43.583887], [0.2044593, 43.5838907], [0.2048249, 43.5838846], [0.2051054, 43.5838894], [0.205562, 43.5838771], [0.2056886, 43.5838454], [0.2058915, 43.5837756]]]}, "properties": {"kind": "prive_autorisation", "section": "A", "numero": "124", "contenance": 8028, "source": "cadastre.data.gouv.fr (PCI Vecteur Etalab) + BDTOPO_V3:foret_publique (IGN)"}}, {"type": "Feature", "geometry": {"type": "Polygon", "coordinates": [[[0.1912075, 43.5882391], [0.1919887, 43.5873698], [0.1929106, 43.5873548], [0.1928756, 43.5877612], [0.1928136, 43.5880384], [0.1927361, 43.5882011], [0.1926869, 43.5885395], [0.1925646, 43.5888801], [0.1925346, 43.5889577], [0.1916692, 43.58879], [0.1913899, 43.5884753], [0.1912075, 43.5882391]]]}, "properties": {"kind": "prive_autorisation", "section": "A", "numero": "8", "contenance": 16955, "source": "cadastre.data.gouv.fr (PCI Vecteur Etalab) + BDTOPO_V3:foret_publique (IGN)"}}, {"type": "Feature", "geometry": {"type": "Polygon", "coordinates": [[[0.1946615, 43.5885091], [0.1951913, 43.5883925], [0.1957741, 43.5882613], [0.1958741, 43.5885189], [0.1958188, 43.5885466], [0.1952802, 43.5886024], [0.1952264, 43.5886363], [0.1946985, 43.5887866], [0.1946401, 43.5886169], [0.1944881, 43.5886766], [0.1935573, 43.5888441], [0.1935535, 43.5887091], [0.1943611, 43.5885585], [0.1944484, 43.5885302], [0.1946087, 43.5885217], [0.1946615, 43.5885091]]]}, "properties": {"kind": "prive_autorisation", "section": "A", "numero": "19", "contenance": 4080, "source": "cadastre.data.gouv.fr (PCI Vecteur Etalab) + BDTOPO_V3:foret_publique (IGN)"}}, {"type": "Feature", "geometry": {"type": "Polygon", "coordinates": [[[0.1968662, 43.587529], [0.1968368, 43.5875318], [0.1955354, 43.5876627], [0.1954132, 43.5872244], [0.1966972, 43.5871015], [0.1969191, 43.5871282], [0.1970618, 43.5871261], [0.19773, 43.5870449], [0.197862, 43.5870353], [0.1978612, 43.5874303], [0.1968662, 43.587529]]]}, "properties": {"kind": "prive_autorisation", "section": "A", "numero": "64", "contenance": 9414, "source": "cadastre.data.gouv.fr (PCI Vecteur Etalab) + BDTOPO_V3:foret_publique (IGN)"}}, {"type": "Feature", "geometry": {"type": "Polygon", "coordinates": [[[0.1965877, 43.5869445], [0.1980563, 43.5867848], [0.1983821, 43.5867658], [0.1993368, 43.5867106], [0.2001126, 43.5866758], [0.2003093, 43.5866614], [0.2004864, 43.5866339], [0.2006562, 43.5865837], [0.2007953, 43.5865805], [0.2007695, 43.5870551], [0.2000523, 43.5869777], [0.1997936, 43.5869813], [0.1991032, 43.5869325], [0.1989267, 43.5869363], [0.1977648, 43.587012], [0.1970547, 43.5870893], [0.1966944, 43.5870697], [0.1966009, 43.5870785], [0.1965877, 43.5869445]]]}, "properties": {"kind": "bati", "section": "A", "numero": "86", "contenance": 9427, "source": "cadastre.data.gouv.fr (PCI Vecteur Etalab) + BDTOPO_V3:foret_publique (IGN)"}}, {"type": "Feature", "geometry": {"type": "Polygon", "coordinates": [[[0.198992, 43.5823067], [0.1994689, 43.5822666], [0.1999566, 43.5822417], [0.2003954, 43.5822235], [0.2004248, 43.5823037], [0.2005191, 43.5825612], [0.2006183, 43.5828177], [0.1992252, 43.5829262], [0.1991573, 43.5827432], [0.198992, 43.5823067]]]}, "properties": {"kind": "prive_autorisation", "section": "A", "numero": "157", "contenance": 8082, "source": "cadastre.data.gouv.fr (PCI Vecteur Etalab) + BDTOPO_V3:foret_publique (IGN)"}}, {"type": "Feature", "geometry": {"type": "Polygon", "coordinates": [[[0.1993729, 43.5833301], [0.1997103, 43.5832733], [0.19999, 43.583183], [0.2001454, 43.5831233], [0.2007709, 43.5828617], [0.2008661, 43.5830196], [0.2001161, 43.5835041], [0.1999189, 43.5834919], [0.1998335, 43.5835331], [0.1994481, 43.583652], [0.1994136, 43.5836554], [0.1993729, 43.5833301]]]}, "properties": {"kind": "prive_autorisation", "section": "A", "numero": "488", "contenance": 3864, "source": "cadastre.data.gouv.fr (PCI Vecteur Etalab) + BDTOPO_V3:foret_publique (IGN)"}}, {"type": "Feature", "geometry": {"type": "Polygon", "coordinates": [[[0.1963869, 43.583475], [0.1961803, 43.5826575], [0.1963008, 43.5826466], [0.1964454, 43.5831967], [0.1966111, 43.5838306], [0.1964849, 43.5838708], [0.1963869, 43.583475]]]}, "properties": {"kind": "prive_autorisation", "section": "A", "numero": "163", "contenance": 1420, "source": "cadastre.data.gouv.fr (PCI Vecteur Etalab) + BDTOPO_V3:foret_publique (IGN)"}}, {"type": "Feature", "geometry": {"type": "Polygon", "coordinates": [[[0.2017538, 43.5826657], [0.2013643, 43.5827214], [0.2007514, 43.5828239], [0.2006183, 43.5828177], [0.2005191, 43.5825612], [0.2004248, 43.5823037], [0.2003954, 43.5822235], [0.2006304, 43.5821852], [0.2008654, 43.5821501], [0.2009421, 43.5821402], [0.2014439, 43.5819974], [0.2017538, 43.5826657]]]}, "properties": {"kind": "prive_autorisation", "section": "A", "numero": "136", "contenance": 6690, "source": "cadastre.data.gouv.fr (PCI Vecteur Etalab) + BDTOPO_V3:foret_publique (IGN)"}}, {"type": "Feature", "geometry": {"type": "Polygon", "coordinates": [[[0.2021961, 43.583221], [0.2021137, 43.5832375], [0.2011193, 43.5834475], [0.2008783, 43.5830399], [0.2014246, 43.5828902], [0.2018156, 43.582798], [0.2020163, 43.5827503], [0.2021961, 43.583221]]]}, "properties": {"kind": "prive_autorisation", "section": "A", "numero": "139", "contenance": 4890, "source": "cadastre.data.gouv.fr (PCI Vecteur Etalab) + BDTOPO_V3:foret_publique (IGN)"}}, {"type": "Feature", "geometry": {"type": "Polygon", "coordinates": [[[0.2028089, 43.5816873], [0.2030482, 43.58165], [0.2031482, 43.5816771], [0.2032118, 43.5818228], [0.2033091, 43.5821052], [0.2029559, 43.5821534], [0.2028089, 43.5816873]]]}, "properties": {"kind": "prive_autorisation", "section": "A", "numero": "134", "contenance": 1490, "source": "cadastre.data.gouv.fr (PCI Vecteur Etalab) + BDTOPO_V3:foret_publique (IGN)"}}, {"type": "Feature", "geometry": {"type": "Polygon", "coordinates": [[[0.1949283, 43.5834404], [0.1931897, 43.5838722], [0.1931788, 43.5838155], [0.1934179, 43.5836953], [0.1932737, 43.5834255], [0.1936001, 43.5833385], [0.1945599, 43.5830288], [0.1947344, 43.582978], [0.1949283, 43.5834404]]]}, "properties": {"kind": "prive_autorisation", "section": "A", "numero": "171", "contenance": 6424, "source": "cadastre.data.gouv.fr (PCI Vecteur Etalab) + BDTOPO_V3:foret_publique (IGN)"}}, {"type": "Feature", "geometry": {"type": "Polygon", "coordinates": [[[0.1917339, 43.5849422], [0.1915253, 43.5849294], [0.191192, 43.5849056], [0.1908591, 43.5848781], [0.1902916, 43.5849652], [0.1903276, 43.5850916], [0.1901411, 43.5850381], [0.1900998, 43.5849997], [0.1902252, 43.5848919], [0.1903197, 43.5848382], [0.1904379, 43.5847624], [0.1907147, 43.584611], [0.1909913, 43.5844575], [0.1910657, 43.5844138], [0.1911488, 43.5843362], [0.1911619, 43.5848826], [0.1917339, 43.5849422]]]}, "properties": {"kind": "prive_autorisation", "section": "A", "numero": "178", "contenance": 2579, "source": "cadastre.data.gouv.fr (PCI Vecteur Etalab) + BDTOPO_V3:foret_publique (IGN)"}}, {"type": "Feature", "geometry": {"type": "Polygon", "coordinates": [[[0.1950554, 43.5837356], [0.1952036, 43.583704], [0.1954684, 43.5843046], [0.1949608, 43.584539], [0.1948204, 43.5841772], [0.1951922, 43.5840639], [0.1950554, 43.5837356]]]}, "properties": {"kind": "prive_autorisation", "section": "A", "numero": "168", "contenance": 2166, "source": "cadastre.data.gouv.fr (PCI Vecteur Etalab) + BDTOPO_V3:foret_publique (IGN)"}}, {"type": "Feature", "geometry": {"type": "Polygon", "coordinates": [[[0.1966753, 43.5838345], [0.1967072, 43.5839539], [0.1962394, 43.5841472], [0.1956011, 43.5844403], [0.19556, 43.5842822], [0.1957575, 43.5841461], [0.1961741, 43.5839858], [0.1966753, 43.5838345]]]}, "properties": {"kind": "prive_autorisation", "section": "A", "numero": "47", "contenance": 1590, "source": "cadastre.data.gouv.fr (PCI Vecteur Etalab) + BDTOPO_V3:foret_publique (IGN)"}}, {"type": "Feature", "geometry": {"type": "Polygon", "coordinates": [[[0.1949158, 43.584562], [0.1949608, 43.584539], [0.1954684, 43.5843046], [0.195595, 43.5842388], [0.1954141, 43.5843615], [0.1951934, 43.5845162], [0.1949764, 43.5846737], [0.1949158, 43.584562]]]}, "properties": {"kind": "prive_autorisation", "section": "A", "numero": "45", "contenance": 382, "source": "cadastre.data.gouv.fr (PCI Vecteur Etalab) + BDTOPO_V3:foret_publique (IGN)"}}, {"type": "Feature", "geometry": {"type": "Polygon", "coordinates": [[[0.1967072, 43.5839539], [0.1967549, 43.5841349], [0.1951156, 43.5848813], [0.1949959, 43.5846786], [0.1956011, 43.5844403], [0.1962394, 43.5841472], [0.1967072, 43.5839539]]]}, "properties": {"kind": "prive_autorisation", "section": "A", "numero": "44", "contenance": 3940, "source": "cadastre.data.gouv.fr (PCI Vecteur Etalab) + BDTOPO_V3:foret_publique (IGN)"}}, {"type": "Feature", "geometry": {"type": "Polygon", "coordinates": [[[0.1967549, 43.5841349], [0.1967953, 43.5842873], [0.1964892, 43.5845043], [0.1963735, 43.5845894], [0.1959971, 43.5848098], [0.1952768, 43.5851583], [0.1951156, 43.5848813], [0.1967549, 43.5841349]]]}, "properties": {"kind": "prive_autorisation", "section": "A", "numero": "43", "contenance": 4076, "source": "cadastre.data.gouv.fr (PCI Vecteur Etalab) + BDTOPO_V3:foret_publique (IGN)"}}, {"type": "Feature", "geometry": {"type": "Polygon", "coordinates": [[[0.1951156, 43.5848813], [0.1952768, 43.5851583], [0.195365, 43.5853082], [0.1954402, 43.5854368], [0.1955965, 43.5857078], [0.1955575, 43.5856949], [0.1954975, 43.5856555], [0.1952548, 43.5855559], [0.1948199, 43.5854714], [0.1948153, 43.5853686], [0.194808, 43.5851309], [0.1947972, 43.5847962], [0.1949058, 43.5847412], [0.1949959, 43.5846786], [0.1951156, 43.5848813]]]}, "properties": {"kind": "prive_autorisation", "section": "A", "numero": "36", "contenance": 3390, "source": "cadastre.data.gouv.fr (PCI Vecteur Etalab) + BDTOPO_V3:foret_publique (IGN)"}}, {"type": "Feature", "geometry": {"type": "Polygon", "coordinates": [[[0.1975503, 43.585955], [0.1970515, 43.5858931], [0.1971747, 43.5848696], [0.1976999, 43.5848422], [0.197628, 43.5853802], [0.1975503, 43.585955]]]}, "properties": {"kind": "prive_autorisation", "section": "A", "numero": "53", "contenance": 5070, "source": "cadastre.data.gouv.fr (PCI Vecteur Etalab) + BDTOPO_V3:foret_publique (IGN)"}}, {"type": "Feature", "geometry": {"type": "Polygon", "coordinates": [[[0.1970515, 43.5858931], [0.1964211, 43.5858078], [0.1967469, 43.5848801], [0.196962, 43.5849255], [0.1971747, 43.5848696], [0.1970515, 43.5858931]]]}, "properties": {"kind": "prive_autorisation", "section": "A", "numero": "54", "contenance": 4670, "source": "cadastre.data.gouv.fr (PCI Vecteur Etalab) + BDTOPO_V3:foret_publique (IGN)"}}, {"type": "Feature", "geometry": {"type": "Polygon", "coordinates": [[[0.2002528, 43.5839128], [0.2005244, 43.5839754], [0.2011087, 43.5840903], [0.20199, 43.5842469], [0.2014886, 43.5842169], [0.2009744, 43.5841829], [0.2008549, 43.5843572], [0.2008549, 43.5845152], [0.2006394, 43.5845104], [0.1998911, 43.5846018], [0.1998431, 43.5843557], [0.1998948, 43.5841426], [0.1999486, 43.5838941], [0.2002528, 43.5839128]]]}, "properties": {"kind": "prive_autorisation", "section": "A", "numero": "129", "contenance": 6086, "source": "cadastre.data.gouv.fr (PCI Vecteur Etalab) + BDTOPO_V3:foret_publique (IGN)"}}, {"type": "Feature", "geometry": {"type": "Polygon", "coordinates": [[[0.2011193, 43.5834475], [0.2021137, 43.5832375], [0.2022325, 43.5842276], [0.20199, 43.5842469], [0.2011087, 43.5840903], [0.2005244, 43.5839754], [0.2002528, 43.5839128], [0.2006363, 43.5837131], [0.2008375, 43.5837569], [0.2010403, 43.583797], [0.2011711, 43.5838208], [0.2013137, 43.5835582], [0.2010292, 43.5834683], [0.2011193, 43.5834475]]]}, "properties": {"kind": "prive_autorisation", "section": "A", "numero": "131", "contenance": 9464, "source": "cadastre.data.gouv.fr (PCI Vecteur Etalab) + BDTOPO_V3:foret_publique (IGN)"}}, {"type": "Feature", "geometry": {"type": "Polygon", "coordinates": [[[0.2002528, 43.5839128], [0.1999486, 43.5838941], [0.1998948, 43.5841426], [0.1993671, 43.5842133], [0.1993513, 43.584104], [0.1990692, 43.5841488], [0.199024, 43.5839616], [0.1986834, 43.5840023], [0.1986788, 43.5839849], [0.1994401, 43.5838684], [0.1998268, 43.5838081], [0.2002528, 43.5839128]]]}, "properties": {"kind": "prive_autorisation", "section": "A", "numero": "142", "contenance": 2580, "source": "cadastre.data.gouv.fr (PCI Vecteur Etalab) + BDTOPO_V3:foret_publique (IGN)"}}, {"type": "Feature", "geometry": {"type": "Polygon", "coordinates": [[[0.1986834, 43.5840023], [0.199024, 43.5839616], [0.1990692, 43.5841488], [0.198737, 43.5842031], [0.1987162, 43.584129], [0.1986834, 43.5840023]]]}, "properties": {"kind": "prive_autorisation", "section": "A", "numero": "143", "contenance": 600, "source": "cadastre.data.gouv.fr (PCI Vecteur Etalab) + BDTOPO_V3:foret_publique (IGN)"}}, {"type": "Feature", "geometry": {"type": "Polygon", "coordinates": [[[0.1990692, 43.5841488], [0.1993513, 43.584104], [0.1993671, 43.5842133], [0.1993879, 43.5843871], [0.1987984, 43.5844429], [0.198737, 43.5842031], [0.1990692, 43.5841488]]]}, "properties": {"kind": "prive_autorisation", "section": "A", "numero": "144", "contenance": 1500, "source": "cadastre.data.gouv.fr (PCI Vecteur Etalab) + BDTOPO_V3:foret_publique (IGN)"}}, {"type": "Feature", "geometry": {"type": "Polygon", "coordinates": [[[0.1987162, 43.584129], [0.198737, 43.5842031], [0.1987984, 43.5844429], [0.1984994, 43.5844738], [0.198403, 43.5841679], [0.1987162, 43.584129]]]}, "properties": {"kind": "prive_autorisation", "section": "A", "numero": "148", "contenance": 880, "source": "cadastre.data.gouv.fr (PCI Vecteur Etalab) + BDTOPO_V3:foret_publique (IGN)"}}, {"type": "Feature", "geometry": {"type": "Polygon", "coordinates": [[[0.1984994, 43.5844738], [0.1982395, 43.5844842], [0.1981704, 43.5841971], [0.198403, 43.5841679], [0.1984994, 43.5844738]]]}, "properties": {"kind": "prive_autorisation", "section": "A", "numero": "149", "contenance": 670, "source": "cadastre.data.gouv.fr (PCI Vecteur Etalab) + BDTOPO_V3:foret_publique (IGN)"}}, {"type": "Feature", "geometry": {"type": "Polygon", "coordinates": [[[0.198403, 43.5841679], [0.1981704, 43.5841971], [0.1982395, 43.5844842], [0.1980336, 43.5844913], [0.1978996, 43.5840248], [0.1978317, 43.5837862], [0.1979009, 43.5838447], [0.198271, 43.583802], [0.198403, 43.5841679]]]}, "properties": {"kind": "prive_autorisation", "section": "A", "numero": "150", "contenance": 2050, "source": "cadastre.data.gouv.fr (PCI Vecteur Etalab) + BDTOPO_V3:foret_publique (IGN)"}}, {"type": "Feature", "geometry": {"type": "Polygon", "coordinates": [[[0.1986788, 43.5839849], [0.1986834, 43.5840023], [0.1987162, 43.584129], [0.198403, 43.5841679], [0.198271, 43.583802], [0.1985069, 43.5837729], [0.19862, 43.5837509], [0.1986788, 43.5839849]]]}, "properties": {"kind": "prive_autorisation", "section": "A", "numero": "151", "contenance": 1130, "source": "cadastre.data.gouv.fr (PCI Vecteur Etalab) + BDTOPO_V3:foret_publique (IGN)"}}, {"type": "Feature", "geometry": {"type": "Polygon", "coordinates": [[[0.1978047, 43.5836914], [0.1978887, 43.5836812], [0.197845, 43.5835602], [0.1984857, 43.583473], [0.1984829, 43.5836222], [0.1985069, 43.5837729], [0.198271, 43.583802], [0.1979009, 43.5838447], [0.1978317, 43.5837862], [0.1978047, 43.5836914]]]}, "properties": {"kind": "prive_autorisation", "section": "A", "numero": "152", "contenance": 1670, "source": "cadastre.data.gouv.fr (PCI Vecteur Etalab) + BDTOPO_V3:foret_publique (IGN)"}}, {"type": "Feature", "geometry": {"type": "Polygon", "coordinates": [[[0.1984857, 43.583473], [0.1987855, 43.5834349], [0.198813, 43.5837114], [0.19862, 43.5837509], [0.1985069, 43.5837729], [0.1984829, 43.5836222], [0.1984857, 43.583473]]]}, "properties": {"kind": "prive_autorisation", "section": "A", "numero": "153", "contenance": 840, "source": "cadastre.data.gouv.fr (PCI Vecteur Etalab) + BDTOPO_V3:foret_publique (IGN)"}}, {"type": "Feature", "geometry": {"type": "Polygon", "coordinates": [[[0.1993729, 43.5833301], [0.1992252, 43.5829262], [0.2006183, 43.5828177], [0.2007514, 43.5828239], [0.2007709, 43.5828617], [0.2001454, 43.5831233], [0.19999, 43.583183], [0.1997103, 43.5832733], [0.1993729, 43.5833301]]]}, "properties": {"kind": "prive_autorisation", "section": "A", "numero": "156", "contenance": 3658, "source": "cadastre.data.gouv.fr (PCI Vecteur Etalab) + BDTOPO_V3:foret_publique (IGN)"}}, {"type": "Feature", "geometry": {"type": "Polygon", "coordinates": [[[0.1965996, 43.5831734], [0.1967785, 43.5838164], [0.196745, 43.5838173], [0.1966776, 43.5838221], [0.1966111, 43.5838306], [0.1964454, 43.5831967], [0.1965996, 43.5831734]]]}, "properties": {"kind": "prive_autorisation", "section": "A", "numero": "161", "contenance": 940, "source": "cadastre.data.gouv.fr (PCI Vecteur Etalab) + BDTOPO_V3:foret_publique (IGN)"}}, {"type": "Feature", "geometry": {"type": "Polygon", "coordinates": [[[0.1962723, 43.5839382], [0.1961431, 43.5835066], [0.1963869, 43.583475], [0.1964849, 43.5838708], [0.1962723, 43.5839382]]]}, "properties": {"kind": "prive_autorisation", "section": "A", "numero": "164", "contenance": 890, "source": "cadastre.data.gouv.fr (PCI Vecteur Etalab) + BDTOPO_V3:foret_publique (IGN)"}}, {"type": "Feature", "geometry": {"type": "Polygon", "coordinates": [[[0.1994136, 43.5836554], [0.1994481, 43.583652], [0.1998335, 43.5835331], [0.1999189, 43.5834919], [0.2001161, 43.5835041], [0.2006363, 43.5837131], [0.2002528, 43.5839128], [0.1998268, 43.5838081], [0.1994401, 43.5838684], [0.1994136, 43.5836554]]]}, "properties": {"kind": "prive_autorisation", "section": "A", "numero": "486", "contenance": 2745, "source": "cadastre.data.gouv.fr (PCI Vecteur Etalab) + BDTOPO_V3:foret_publique (IGN)"}}, {"type": "Feature", "geometry": {"type": "Polygon", "coordinates": [[[0.1994136, 43.5836554], [0.1994401, 43.5838684], [0.1986788, 43.5839849], [0.19862, 43.5837509], [0.198813, 43.5837114], [0.1991765, 43.5836774], [0.1994136, 43.5836554]]]}, "properties": {"kind": "prive_autorisation", "section": "A", "numero": "487", "contenance": 1635, "source": "cadastre.data.gouv.fr (PCI Vecteur Etalab) + BDTOPO_V3:foret_publique (IGN)"}}, {"type": "Feature", "geometry": {"type": "Polygon", "coordinates": [[[0.1964454, 43.5826277], [0.1965996, 43.5831734], [0.1964454, 43.5831967], [0.1963008, 43.5826466], [0.1964454, 43.5826277]]]}, "properties": {"kind": "prive_autorisation", "section": "A", "numero": "162", "contenance": 740, "source": "cadastre.data.gouv.fr (PCI Vecteur Etalab) + BDTOPO_V3:foret_publique (IGN)"}}, {"type": "Feature", "geometry": {"type": "Polygon", "coordinates": [[[0.1980336, 43.5844913], [0.1976457, 43.5845498], [0.1976159, 43.5845536], [0.1975788, 43.5844371], [0.197468, 43.5840832], [0.1978996, 43.5840248], [0.1980336, 43.5844913]]]}, "properties": {"kind": "prive_autorisation", "section": "A", "numero": "49", "contenance": 1860, "source": "cadastre.data.gouv.fr (PCI Vecteur Etalab) + BDTOPO_V3:foret_publique (IGN)"}}, {"type": "Feature", "geometry": {"type": "Polygon", "coordinates": [[[0.1977124, 43.5837024], [0.1978047, 43.5836914], [0.1978317, 43.5837862], [0.1978996, 43.5840248], [0.197468, 43.5840832], [0.1975788, 43.5844371], [0.1968513, 43.5845024], [0.1967953, 43.5842873], [0.1967549, 43.5841349], [0.1967072, 43.5839539], [0.1966753, 43.5838345], [0.1970112, 43.5838234], [0.1973544, 43.5837567], [0.1977124, 43.5837024]]]}, "properties": {"kind": "prive_autorisation", "section": "A", "numero": "48", "contenance": 5620, "source": "cadastre.data.gouv.fr (PCI Vecteur Etalab) + BDTOPO_V3:foret_publique (IGN)"}}, {"type": "Feature", "geometry": {"type": "Polygon", "coordinates": [[[0.1964892, 43.5845043], [0.1967953, 43.5842873], [0.1968513, 43.5845024], [0.196962, 43.5849255], [0.1967469, 43.5848801], [0.1966959, 43.5848031], [0.1964892, 43.5845043]]]}, "properties": {"kind": "prive_autorisation", "section": "A", "numero": "42", "contenance": 1350, "source": "cadastre.data.gouv.fr (PCI Vecteur Etalab) + BDTOPO_V3:foret_publique (IGN)"}}, {"type": "Feature", "geometry": {"type": "Polygon", "coordinates": [[[0.1959971, 43.5848098], [0.1963735, 43.5845894], [0.1964892, 43.5845043], [0.1966959, 43.5848031], [0.1967469, 43.5848801], [0.1964959, 43.5849966], [0.196232, 43.5851247], [0.1961595, 43.5852592], [0.196171, 43.585146], [0.1961875, 43.5850372], [0.196209, 43.5849288], [0.1963001, 43.584838], [0.1960709, 43.5848587], [0.1959971, 43.5848098]]]}, "properties": {"kind": "prive_autorisation", "section": "A", "numero": "41", "contenance": 1010, "source": "cadastre.data.gouv.fr (PCI Vecteur Etalab) + BDTOPO_V3:foret_publique (IGN)"}}, {"type": "Feature", "geometry": {"type": "Polygon", "coordinates": [[[0.2033053, 43.5846009], [0.2039585, 43.5845504], [0.204327, 43.5844956], [0.2043135, 43.5847289], [0.2045585, 43.5847401], [0.2050338, 43.5848076], [0.2050447, 43.5850055], [0.2050648, 43.5853492], [0.2046089, 43.5852916], [0.204097, 43.5852412], [0.2040866, 43.5851678], [0.2033239, 43.5851759], [0.2033053, 43.5846009]]]}, "properties": {"kind": "prive_autorisation", "section": "A", "numero": "106", "contenance": 9140, "source": "cadastre.data.gouv.fr (PCI Vecteur Etalab) + BDTOPO_V3:foret_publique (IGN)"}}, {"type": "Feature", "geometry": {"type": "Polygon", "coordinates": [[[0.20199, 43.5842469], [0.2020386, 43.584535], [0.2008549, 43.5845152], [0.2008549, 43.5843572], [0.2009744, 43.5841829], [0.2014886, 43.5842169], [0.20199, 43.5842469]]]}, "properties": {"kind": "prive_autorisation", "section": "A", "numero": "128", "contenance": 3430, "source": "cadastre.data.gouv.fr (PCI Vecteur Etalab) + BDTOPO_V3:foret_publique (IGN)"}}, {"type": "Feature", "geometry": {"type": "Polygon", "coordinates": [[[0.2001161, 43.5835041], [0.2007213, 43.5836666], [0.2010292, 43.5834683], [0.2013137, 43.5835582], [0.2011711, 43.5838208], [0.2010403, 43.583797], [0.2008375, 43.5837569], [0.2006363, 43.5837131], [0.2001161, 43.5835041]]]}, "properties": {"kind": "prive_autorisation", "section": "A", "numero": "130", "contenance": 1360, "source": "cadastre.data.gouv.fr (PCI Vecteur Etalab) + BDTOPO_V3:foret_publique (IGN)"}}, {"type": "Feature", "geometry": {"type": "Polygon", "coordinates": [[[0.2028833, 43.583452], [0.2033425, 43.5834153], [0.2032632, 43.5840795], [0.2024769, 43.5841981], [0.2022325, 43.5842276], [0.2021137, 43.5832375], [0.2021961, 43.583221], [0.2022253, 43.5832128], [0.2022447, 43.5832506], [0.2023833, 43.5832263], [0.2025086, 43.5834811], [0.2028833, 43.583452]]]}, "properties": {"kind": "prive_autorisation", "section": "A", "numero": "132", "contenance": 7691, "source": "cadastre.data.gouv.fr (PCI Vecteur Etalab) + BDTOPO_V3:foret_publique (IGN)"}}, {"type": "Feature", "geometry": {"type": "Polygon", "coordinates": [[[0.2018156, 43.582798], [0.2014246, 43.5828902], [0.2013643, 43.5827214], [0.2017538, 43.5826657], [0.2018156, 43.582798]]]}, "properties": {"kind": "prive_autorisation", "section": "A", "numero": "137", "contenance": 550, "source": "cadastre.data.gouv.fr (PCI Vecteur Etalab) + BDTOPO_V3:foret_publique (IGN)"}}, {"type": "Feature", "geometry": {"type": "Polygon", "coordinates": [[[0.2008661, 43.5830196], [0.2007709, 43.5828617], [0.2007514, 43.5828239], [0.2013643, 43.5827214], [0.2014246, 43.5828902], [0.2008783, 43.5830399], [0.2008661, 43.5830196]]]}, "properties": {"kind": "prive_autorisation", "section": "A", "numero": "138", "contenance": 1100, "source": "cadastre.data.gouv.fr (PCI Vecteur Etalab) + BDTOPO_V3:foret_publique (IGN)"}}, {"type": "Feature", "geometry": {"type": "Polygon", "coordinates": [[[0.2008661, 43.5830196], [0.2008783, 43.5830399], [0.2011193, 43.5834475], [0.2010292, 43.5834683], [0.2007213, 43.5836666], [0.2001161, 43.5835041], [0.2008661, 43.5830196]]]}, "properties": {"kind": "prive_autorisation", "section": "A", "numero": "140", "contenance": 2860, "source": "cadastre.data.gouv.fr (PCI Vecteur Etalab) + BDTOPO_V3:foret_publique (IGN)"}}, {"type": "Feature", "geometry": {"type": "Polygon", "coordinates": [[[0.1998431, 43.5843557], [0.1993879, 43.5843871], [0.1993671, 43.5842133], [0.1998948, 43.5841426], [0.1998431, 43.5843557]]]}, "properties": {"kind": "prive_autorisation", "section": "A", "numero": "145", "contenance": 880, "source": "cadastre.data.gouv.fr (PCI Vecteur Etalab) + BDTOPO_V3:foret_publique (IGN)"}}, {"type": "Feature", "geometry": {"type": "Polygon", "coordinates": [[[0.1987855, 43.5834349], [0.1990799, 43.5833843], [0.1991765, 43.5836774], [0.198813, 43.5837114], [0.1987855, 43.5834349]]]}, "properties": {"kind": "prive_autorisation", "section": "A", "numero": "154", "contenance": 880, "source": "cadastre.data.gouv.fr (PCI Vecteur Etalab) + BDTOPO_V3:foret_publique (IGN)"}}, {"type": "Feature", "geometry": {"type": "Polygon", "coordinates": [[[0.1990799, 43.5833843], [0.1993729, 43.5833301], [0.1994136, 43.5836554], [0.1991765, 43.5836774], [0.1990799, 43.5833843]]]}, "properties": {"kind": "prive_autorisation", "section": "A", "numero": "489", "contenance": 766, "source": "cadastre.data.gouv.fr (PCI Vecteur Etalab) + BDTOPO_V3:foret_publique (IGN)"}}, {"type": "Feature", "geometry": {"type": "Polygon", "coordinates": [[[0.20199, 43.5842469], [0.2022325, 43.5842276], [0.2024769, 43.5841981], [0.2032632, 43.5840795], [0.2031996, 43.5846086], [0.2028431, 43.5845486], [0.2026982, 43.5845563], [0.2025746, 43.5845413], [0.2020386, 43.584535], [0.20199, 43.5842469]]]}, "properties": {"kind": "bati", "section": "A", "numero": "520", "contenance": 4226, "source": "cadastre.data.gouv.fr (PCI Vecteur Etalab) + BDTOPO_V3:foret_publique (IGN)"}}, {"type": "Feature", "geometry": {"type": "Polygon", "coordinates": [[[0.2033621, 43.5841196], [0.2043104, 43.5841434], [0.2043495, 43.5841738], [0.204327, 43.5844956], [0.2039585, 43.5845504], [0.2033053, 43.5846009], [0.2033621, 43.5841196]]]}, "properties": {"kind": "prive_autorisation", "section": "A", "numero": "107", "contenance": 3865, "source": "cadastre.data.gouv.fr (PCI Vecteur Etalab) + BDTOPO_V3:foret_publique (IGN)"}}, {"type": "Feature", "geometry": {"type": "Polygon", "coordinates": [[[0.2069025, 43.5847385], [0.206887, 43.5848687], [0.2067793, 43.5848719], [0.2067362, 43.5849809], [0.2061573, 43.58501], [0.2056309, 43.5850095], [0.2056414, 43.5846195], [0.2056506, 43.5842674], [0.2060376, 43.5842942], [0.2067951, 43.5843527], [0.2068751, 43.5844715], [0.2069025, 43.5847385]]]}, "properties": {"kind": "prive_autorisation", "section": "A", "numero": "109", "contenance": 7550, "source": "cadastre.data.gouv.fr (PCI Vecteur Etalab) + BDTOPO_V3:foret_publique (IGN)"}}, {"type": "Feature", "geometry": {"type": "Polygon", "coordinates": [[[0.2062438, 43.5836342], [0.2065754, 43.5840283], [0.2067951, 43.5843527], [0.2060376, 43.5842942], [0.2058915, 43.5837756], [0.2060449, 43.5836933], [0.2062438, 43.5836342]]]}, "properties": {"kind": "prive_autorisation", "section": "A", "numero": "123", "contenance": 3340, "source": "cadastre.data.gouv.fr (PCI Vecteur Etalab) + BDTOPO_V3:foret_publique (IGN)"}}, {"type": "Feature", "geometry": {"type": "Polygon", "coordinates": [[[0.204327, 43.5844956], [0.2056414, 43.5846195], [0.2056309, 43.5850095], [0.2055952, 43.5851065], [0.2050447, 43.5850055], [0.2050338, 43.5848076], [0.2045585, 43.5847401], [0.2043135, 43.5847289], [0.204327, 43.5844956]]]}, "properties": {"kind": "prive_autorisation", "section": "A", "numero": "498", "contenance": 3808, "source": "cadastre.data.gouv.fr (PCI Vecteur Etalab) + BDTOPO_V3:foret_publique (IGN)"}}, {"type": "Feature", "geometry": {"type": "Polygon", "coordinates": [[[0.2043495, 43.5841738], [0.2045281, 43.5841683], [0.2048225, 43.5842143], [0.2051665, 43.5842307], [0.2056506, 43.5842674], [0.2056414, 43.5846195], [0.204327, 43.5844956], [0.2043495, 43.5841738]]]}, "properties": {"kind": "prive_autorisation", "section": "A", "numero": "499", "contenance": 3962, "source": "cadastre.data.gouv.fr (PCI Vecteur Etalab) + BDTOPO_V3:foret_publique (IGN)"}}, {"type": "Feature", "geometry": {"type": "Polygon", "coordinates": [[[0.2062438, 43.5836342], [0.2062239, 43.5836122], [0.2060249, 43.5836929], [0.2058414, 43.5834545], [0.2064041, 43.5832104], [0.2067169, 43.5830758], [0.2069087, 43.5832803], [0.2069412, 43.5833271], [0.2062438, 43.5836342]]]}, "properties": {"kind": "prive_autorisation", "section": "A", "numero": "501", "contenance": 2648, "source": "cadastre.data.gouv.fr (PCI Vecteur Etalab) + BDTOPO_V3:foret_publique (IGN)"}}, {"type": "Feature", "geometry": {"type": "Polygon", "coordinates": [[[0.2083174, 43.5850441], [0.2088231, 43.5850231], [0.2092419, 43.5853666], [0.2091671, 43.585443], [0.2091959, 43.5854693], [0.2093582, 43.5855645], [0.2094247, 43.5858225], [0.2096112, 43.5859726], [0.2093435, 43.5861746], [0.2092341, 43.5861114], [0.2091018, 43.5859252], [0.2089904, 43.5857336], [0.2089004, 43.5856033], [0.2083174, 43.5850441]]]}, "properties": {"kind": "prive_autorisation", "section": "A", "numero": "117", "contenance": 4568, "source": "cadastre.data.gouv.fr (PCI Vecteur Etalab) + BDTOPO_V3:foret_publique (IGN)"}}, {"type": "Feature", "geometry": {"type": "Polygon", "coordinates": [[[0.2077351, 43.5844443], [0.2081594, 43.5848825], [0.2074304, 43.5846937], [0.2074054, 43.5845944], [0.2077351, 43.5844443]]]}, "properties": {"kind": "prive_autorisation", "section": "A", "numero": "118", "contenance": 1259, "source": "cadastre.data.gouv.fr (PCI Vecteur Etalab) + BDTOPO_V3:foret_publique (IGN)"}}, {"type": "Feature", "geometry": {"type": "Polygon", "coordinates": [[[0.2073796, 43.5839292], [0.2076233, 43.5838807], [0.2076989, 43.5839608], [0.2078111, 43.5841792], [0.207944, 43.5843131], [0.2079613, 43.584351], [0.207721, 43.5844366], [0.2073796, 43.5839292]]]}, "properties": {"kind": "prive_autorisation", "section": "A", "numero": "121", "contenance": 1156, "source": "cadastre.data.gouv.fr (PCI Vecteur Etalab) + BDTOPO_V3:foret_publique (IGN)"}}, {"type": "Feature", "geometry": {"type": "Polygon", "coordinates": [[[0.1932398, 43.5849444], [0.1931507, 43.5849583], [0.1927361, 43.5850217], [0.1922128, 43.5851448], [0.1921041, 43.5848678], [0.1926491, 43.5847466], [0.192794, 43.5846777], [0.1929714, 43.5846413], [0.1932398, 43.5849444]]]}, "properties": {"kind": "prive_autorisation", "section": "A", "numero": "175", "contenance": 2710, "source": "cadastre.data.gouv.fr (PCI Vecteur Etalab) + BDTOPO_V3:foret_publique (IGN)"}}, {"type": "Feature", "geometry": {"type": "Polygon", "coordinates": [[[0.1931507, 43.5849583], [0.1932806, 43.5853132], [0.1926512, 43.5855169], [0.1925226, 43.5854545], [0.1919655, 43.5852905], [0.1920976, 43.5852199], [0.1921836, 43.5851526], [0.1922128, 43.5851448], [0.1927361, 43.5850217], [0.1931507, 43.5849583]]]}, "properties": {"kind": "prive_autorisation", "section": "A", "numero": "176", "contenance": 3790, "source": "cadastre.data.gouv.fr (PCI Vecteur Etalab) + BDTOPO_V3:foret_publique (IGN)"}}, {"type": "Feature", "geometry": {"type": "Polygon", "coordinates": [[[0.1921041, 43.5848678], [0.1922128, 43.5851448], [0.1921836, 43.5851526], [0.1920976, 43.5852199], [0.1919655, 43.5852905], [0.1909177, 43.5850813], [0.1905965, 43.5850753], [0.1903276, 43.5850916], [0.1902916, 43.5849652], [0.1908591, 43.5848781], [0.191192, 43.5849056], [0.1915253, 43.5849294], [0.1917339, 43.5849422], [0.1917731, 43.5849449], [0.1921041, 43.5848678]]]}, "properties": {"kind": "prive_autorisation", "section": "A", "numero": "177", "contenance": 4160, "source": "cadastre.data.gouv.fr (PCI Vecteur Etalab) + BDTOPO_V3:foret_publique (IGN)"}}, {"type": "Feature", "geometry": {"type": "Polygon", "coordinates": [[[0.1963316, 43.5860435], [0.1963188, 43.5860857], [0.1957556, 43.5860136], [0.1955073, 43.5858681], [0.195461, 43.5857552], [0.1954619, 43.5857433], [0.1954678, 43.5857321], [0.1954781, 43.5857228], [0.195529, 43.5857042], [0.1955438, 43.585701], [0.1955537, 43.5857095], [0.195936, 43.5858363], [0.1961768, 43.5858594], [0.1964078, 43.5858416], [0.1963316, 43.5860435]]]}, "properties": {"kind": "prive_autorisation", "section": "A", "numero": "56", "contenance": 1650, "source": "cadastre.data.gouv.fr (PCI Vecteur Etalab) + BDTOPO_V3:foret_publique (IGN)"}}, {"type": "Feature", "geometry": {"type": "Polygon", "coordinates": [[[0.1957556, 43.5860136], [0.1959964, 43.5863814], [0.1955865, 43.5863335], [0.1955622, 43.5867506], [0.1953749, 43.5867389], [0.1953621, 43.586583], [0.1953493, 43.5864142], [0.1953149, 43.5861069], [0.195252, 43.5856559], [0.195529, 43.5857042], [0.1954781, 43.5857228], [0.1954678, 43.5857321], [0.1954619, 43.5857433], [0.195461, 43.5857552], [0.1955073, 43.5858681], [0.1957556, 43.5860136]]]}, "properties": {"kind": "prive_autorisation", "section": "A", "numero": "60", "contenance": 3240, "source": "cadastre.data.gouv.fr (PCI Vecteur Etalab) + BDTOPO_V3:foret_publique (IGN)"}}, {"type": "Feature", "geometry": {"type": "Polygon", "coordinates": [[[0.1942697, 43.5850767], [0.1941693, 43.5848926], [0.1948191, 43.5846375], [0.1949158, 43.584562], [0.1949764, 43.5846737], [0.1949013, 43.5847287], [0.1947931, 43.5847824], [0.1945661, 43.5849716], [0.1942697, 43.5850767]]]}, "properties": {"kind": "prive_autorisation", "section": "A", "numero": "169", "contenance": 1329, "source": "cadastre.data.gouv.fr (PCI Vecteur Etalab) + BDTOPO_V3:foret_publique (IGN)"}}, {"type": "Feature", "geometry": {"type": "Polygon", "coordinates": [[[0.1933065, 43.5844891], [0.1934304, 43.5849148], [0.1931561, 43.5846079], [0.1933065, 43.5844891]]]}, "properties": {"kind": "prive_autorisation", "section": "A", "numero": "173", "contenance": 367, "source": "cadastre.data.gouv.fr (PCI Vecteur Etalab) + BDTOPO_V3:foret_publique (IGN)"}}, {"type": "Feature", "geometry": {"type": "Polygon", "coordinates": [[[0.1934304, 43.5849148], [0.1932398, 43.5849444], [0.1929714, 43.5846413], [0.1931561, 43.5846079], [0.1934304, 43.5849148]]]}, "properties": {"kind": "prive_autorisation", "section": "A", "numero": "174", "contenance": 640, "source": "cadastre.data.gouv.fr (PCI Vecteur Etalab) + BDTOPO_V3:foret_publique (IGN)"}}, {"type": "Feature", "geometry": {"type": "Polygon", "coordinates": [[[0.1936775, 43.5858415], [0.1934385, 43.5854118], [0.194411, 43.5854633], [0.1947675, 43.5855349], [0.1948201, 43.5855612], [0.1948219, 43.5855762], [0.1948382, 43.5857357], [0.1945656, 43.5856597], [0.1946638, 43.5859435], [0.1936775, 43.5858415]]]}, "properties": {"kind": "prive_autorisation", "section": "A", "numero": "466", "contenance": 4519, "source": "cadastre.data.gouv.fr (PCI Vecteur Etalab) + BDTOPO_V3:foret_publique (IGN)"}}, {"type": "Feature", "geometry": {"type": "Polygon", "coordinates": [[[0.1948382, 43.5857357], [0.194864, 43.5859636], [0.1946638, 43.5859435], [0.1945656, 43.5856597], [0.1948382, 43.5857357]]]}, "properties": {"kind": "prive_autorisation", "section": "A", "numero": "467", "contenance": 524, "source": "cadastre.data.gouv.fr (PCI Vecteur Etalab) + BDTOPO_V3:foret_publique (IGN)"}}, {"type": "Feature", "geometry": {"type": "Polygon", "coordinates": [[[0.1956011, 43.5844403], [0.1949959, 43.5846786], [0.1951504, 43.584566], [0.1953535, 43.5844227], [0.19556, 43.5842822], [0.1956011, 43.5844403]]]}, "properties": {"kind": "prive_autorisation", "section": "A", "numero": "46", "contenance": 477, "source": "cadastre.data.gouv.fr (PCI Vecteur Etalab) + BDTOPO_V3:foret_publique (IGN)"}}, {"type": "Feature", "geometry": {"type": "Polygon", "coordinates": [[[0.1959971, 43.5848098], [0.1960709, 43.5848587], [0.1963001, 43.584838], [0.196209, 43.5849288], [0.1961875, 43.5850372], [0.196171, 43.585146], [0.1961595, 43.5852592], [0.1961098, 43.5852622], [0.1958281, 43.5852796], [0.195365, 43.5853082], [0.1952768, 43.5851583], [0.1959971, 43.5848098]]]}, "properties": {"kind": "prive_autorisation", "section": "A", "numero": "40", "contenance": 2560, "source": "cadastre.data.gouv.fr (PCI Vecteur Etalab) + BDTOPO_V3:foret_publique (IGN)"}}, {"type": "Feature", "geometry": {"type": "Polygon", "coordinates": [[[0.194808, 43.5851309], [0.1945238, 43.5851478], [0.1941496, 43.5851707], [0.1941138, 43.5851319], [0.1942499, 43.5850955], [0.1945726, 43.5849856], [0.1947972, 43.5847962], [0.194808, 43.5851309]]]}, "properties": {"kind": "prive_autorisation", "section": "A", "numero": "35", "contenance": 930, "source": "cadastre.data.gouv.fr (PCI Vecteur Etalab) + BDTOPO_V3:foret_publique (IGN)"}}, {"type": "Feature", "geometry": {"type": "Polygon", "coordinates": [[[0.1948153, 43.5853686], [0.1945486, 43.5852817], [0.1945238, 43.5851478], [0.194808, 43.5851309], [0.1948153, 43.5853686]]]}, "properties": {"kind": "prive_autorisation", "section": "A", "numero": "34", "contenance": 460, "source": "cadastre.data.gouv.fr (PCI Vecteur Etalab) + BDTOPO_V3:foret_publique (IGN)"}}, {"type": "Feature", "geometry": {"type": "Polygon", "coordinates": [[[0.1948199, 43.5854714], [0.1947937, 43.585473], [0.1947942, 43.5855258], [0.1944716, 43.5853721], [0.1942499, 43.5852758], [0.1945486, 43.5852817], [0.1948153, 43.5853686], [0.1948199, 43.5854714]]]}, "properties": {"kind": "prive_autorisation", "section": "A", "numero": "33", "contenance": 520, "source": "cadastre.data.gouv.fr (PCI Vecteur Etalab) + BDTOPO_V3:foret_publique (IGN)"}}, {"type": "Feature", "geometry": {"type": "Polygon", "coordinates": [[[0.1941496, 43.5851707], [0.1945238, 43.5851478], [0.1945486, 43.5852817], [0.1942499, 43.5852758], [0.1942196, 43.5852489], [0.1941496, 43.5851707]]]}, "properties": {"kind": "prive_autorisation", "section": "A", "numero": "32", "contenance": 400, "source": "cadastre.data.gouv.fr (PCI Vecteur Etalab) + BDTOPO_V3:foret_publique (IGN)"}}, {"type": "Feature", "geometry": {"type": "Polygon", "coordinates": [[[0.1934385, 43.5854118], [0.1933749, 43.5852996], [0.1935302, 43.5852567], [0.1939421, 43.5852041], [0.1940119, 43.585158], [0.1940924, 43.5851376], [0.1942287, 43.585282], [0.1944608, 43.5853822], [0.1947675, 43.5855349], [0.194411, 43.5854633], [0.1934385, 43.5854118]]]}, "properties": {"kind": "prive_autorisation", "section": "A", "numero": "31", "contenance": 1917, "source": "cadastre.data.gouv.fr (PCI Vecteur Etalab) + BDTOPO_V3:foret_publique (IGN)"}}, {"type": "Feature", "geometry": {"type": "Polygon", "coordinates": [[[0.195529, 43.5857042], [0.195252, 43.5856559], [0.1948219, 43.5855762], [0.1948201, 43.5855612], [0.19482, 43.5854909], [0.1948368, 43.5854883], [0.1952367, 43.5855621], [0.1954805, 43.5856635], [0.1955438, 43.585701], [0.195529, 43.5857042]]]}, "properties": {"kind": "prive_autorisation", "section": "A", "numero": "29", "contenance": 450, "source": "cadastre.data.gouv.fr (PCI Vecteur Etalab) + BDTOPO_V3:foret_publique (IGN)"}}, {"type": "Feature", "geometry": {"type": "Polygon", "coordinates": [[[0.195252, 43.5856559], [0.1953149, 43.5861069], [0.1953493, 43.5864142], [0.1953621, 43.586583], [0.1948658, 43.5865218], [0.1948433, 43.586343], [0.194864, 43.5859636], [0.1948382, 43.5857357], [0.1948219, 43.5855762], [0.195252, 43.5856559]]]}, "properties": {"kind": "prive_autorisation", "section": "A", "numero": "28", "contenance": 3850, "source": "cadastre.data.gouv.fr (PCI Vecteur Etalab) + BDTOPO_V3:foret_publique (IGN)"}}, {"type": "Feature", "geometry": {"type": "Polygon", "coordinates": [[[0.1939543, 43.5863402], [0.1936775, 43.5858415], [0.1946638, 43.5859435], [0.194864, 43.5859636], [0.1948433, 43.586343], [0.1939543, 43.5863402]]]}, "properties": {"kind": "prive_autorisation", "section": "A", "numero": "27", "contenance": 3920, "source": "cadastre.data.gouv.fr (PCI Vecteur Etalab) + BDTOPO_V3:foret_publique (IGN)"}}, {"type": "Feature", "geometry": {"type": "Polygon", "coordinates": [[[0.1945212, 43.5872778], [0.1941156, 43.586606], [0.1939543, 43.5863402], [0.1948433, 43.586343], [0.1948658, 43.5865218], [0.1949502, 43.5872308], [0.1945212, 43.5872778]]]}, "properties": {"kind": "prive_autorisation", "section": "A", "numero": "26", "contenance": 5570, "source": "cadastre.data.gouv.fr (PCI Vecteur Etalab) + BDTOPO_V3:foret_publique (IGN)"}}, {"type": "Feature", "geometry": {"type": "Polygon", "coordinates": [[[0.1964211, 43.5858078], [0.1964097, 43.5858276], [0.1961851, 43.5858483], [0.1959472, 43.5858251], [0.1961098, 43.5852622], [0.1961595, 43.5852592], [0.196232, 43.5851247], [0.1964959, 43.5849966], [0.1967469, 43.5848801], [0.1964211, 43.5858078]]]}, "properties": {"kind": "prive_autorisation", "section": "A", "numero": "55", "contenance": 3510, "source": "cadastre.data.gouv.fr (PCI Vecteur Etalab) + BDTOPO_V3:foret_publique (IGN)"}}, {"type": "Feature", "geometry": {"type": "Polygon", "coordinates": [[[0.1963316, 43.5860435], [0.1964078, 43.5858416], [0.1964227, 43.5858404], [0.1964381, 43.5858207], [0.1969002, 43.5858845], [0.1976541, 43.5859803], [0.1976733, 43.5861677], [0.1975532, 43.5861579], [0.1963316, 43.5860435]]]}, "properties": {"kind": "prive_autorisation", "section": "A", "numero": "57", "contenance": 2341, "source": "cadastre.data.gouv.fr (PCI Vecteur Etalab) + BDTOPO_V3:foret_publique (IGN)"}}, {"type": "Feature", "geometry": {"type": "Polygon", "coordinates": [[[0.1963316, 43.5860435], [0.1975532, 43.5861579], [0.197574, 43.586344], [0.197586, 43.5863984], [0.1976531, 43.5865806], [0.1971495, 43.586667], [0.1970184, 43.5866723], [0.196561, 43.5866527], [0.1965476, 43.5866509], [0.1963911, 43.5863891], [0.196327, 43.5860904], [0.1963188, 43.5860857], [0.1963316, 43.5860435]]]}, "properties": {"kind": "prive_autorisation", "section": "A", "numero": "58", "contenance": 5812, "source": "cadastre.data.gouv.fr (PCI Vecteur Etalab) + BDTOPO_V3:foret_publique (IGN)"}}, {"type": "Feature", "geometry": {"type": "Polygon", "coordinates": [[[0.1963188, 43.5860857], [0.196327, 43.5860904], [0.1963911, 43.5863891], [0.1965476, 43.5866509], [0.1963078, 43.586618], [0.1959711, 43.5864686], [0.1959964, 43.5863814], [0.1957556, 43.5860136], [0.1963188, 43.5860857]]]}, "properties": {"kind": "prive_autorisation", "section": "A", "numero": "59", "contenance": 2228, "source": "cadastre.data.gouv.fr (PCI Vecteur Etalab) + BDTOPO_V3:foret_publique (IGN)"}}, {"type": "Feature", "geometry": {"type": "Polygon", "coordinates": [[[0.2001126, 43.5866758], [0.1993368, 43.5867106], [0.1983821, 43.5867658], [0.1983755, 43.5866132], [0.1983671, 43.5864228], [0.1994899, 43.5864286], [0.1995044, 43.586312], [0.2001314, 43.5863019], [0.2001126, 43.5866758]]]}, "properties": {"kind": "prive_autorisation", "section": "A", "numero": "87", "contenance": 5328, "source": "cadastre.data.gouv.fr (PCI Vecteur Etalab) + BDTOPO_V3:foret_publique (IGN)"}}, {"type": "Feature", "geometry": {"type": "Polygon", "coordinates": [[[0.1980111, 43.5861872], [0.1980334, 43.5859812], [0.1982282, 43.5859783], [0.1985806, 43.5859491], [0.1987327, 43.5859558], [0.1987446, 43.5862145], [0.198359, 43.5862063], [0.1980111, 43.5861872]]]}, "properties": {"kind": "prive_autorisation", "section": "A", "numero": "92", "contenance": 1510, "source": "cadastre.data.gouv.fr (PCI Vecteur Etalab) + BDTOPO_V3:foret_publique (IGN)"}}, {"type": "Feature", "geometry": {"type": "Polygon", "coordinates": [[[0.1995552, 43.5859978], [0.1995239, 43.5862418], [0.1991534, 43.5862428], [0.1991476, 43.5862217], [0.1987446, 43.5862145], [0.1987327, 43.5859558], [0.1995552, 43.5859978]]]}, "properties": {"kind": "prive_autorisation", "section": "A", "numero": "94", "contenance": 1848, "source": "cadastre.data.gouv.fr (PCI Vecteur Etalab) + BDTOPO_V3:foret_publique (IGN)"}}, {"type": "Feature", "geometry": {"type": "Polygon", "coordinates": [[[0.1987984, 43.5853636], [0.1980604, 43.5854214], [0.1981546, 43.5847835], [0.1984857, 43.584737], [0.198869, 43.5847371], [0.1987984, 43.5853636]]]}, "properties": {"kind": "prive_autorisation", "section": "A", "numero": "101", "contenance": 4137, "source": "cadastre.data.gouv.fr (PCI Vecteur Etalab) + BDTOPO_V3:foret_publique (IGN)"}}, {"type": "Feature", "geometry": {"type": "Polygon", "coordinates": [[[0.1998911, 43.5846018], [0.1988806, 43.5847103], [0.1987984, 43.5844429], [0.1993879, 43.5843871], [0.1998431, 43.5843557], [0.1998911, 43.5846018]]]}, "properties": {"kind": "prive_autorisation", "section": "A", "numero": "146", "contenance": 2540, "source": "cadastre.data.gouv.fr (PCI Vecteur Etalab) + BDTOPO_V3:foret_publique (IGN)"}}, {"type": "Feature", "geometry": {"type": "Polygon", "coordinates": [[[0.1987984, 43.5844429], [0.1988806, 43.5847103], [0.1984402, 43.5847122], [0.1981495, 43.5847535], [0.1980336, 43.5844913], [0.1982395, 43.5844842], [0.1984994, 43.5844738], [0.1987984, 43.5844429]]]}, "properties": {"kind": "prive_autorisation", "section": "A", "numero": "147", "contenance": 1750, "source": "cadastre.data.gouv.fr (PCI Vecteur Etalab) + BDTOPO_V3:foret_publique (IGN)"}}, {"type": "Feature", "geometry": {"type": "Polygon", "coordinates": [[[0.197628, 43.5853802], [0.1976999, 43.5848422], [0.1978862, 43.5848209], [0.1980716, 43.5847959], [0.1981546, 43.5847835], [0.1980604, 43.5854214], [0.197628, 43.5853802]]]}, "properties": {"kind": "prive_autorisation", "section": "A", "numero": "52", "contenance": 2400, "source": "cadastre.data.gouv.fr (PCI Vecteur Etalab) + BDTOPO_V3:foret_publique (IGN)"}}, {"type": "Feature", "geometry": {"type": "Polygon", "coordinates": [[[0.196962, 43.5849255], [0.1968513, 43.5845024], [0.1975788, 43.5844371], [0.1976159, 43.5845536], [0.1976457, 43.5845498], [0.1978132, 43.5848043], [0.197603, 43.5848202], [0.1971771, 43.5848416], [0.196962, 43.5849255]]]}, "properties": {"kind": "prive_autorisation", "section": "A", "numero": "51", "contenance": 2800, "source": "cadastre.data.gouv.fr (PCI Vecteur Etalab) + BDTOPO_V3:foret_publique (IGN)"}}, {"type": "Feature", "geometry": {"type": "Polygon", "coordinates": [[[0.1980336, 43.5844913], [0.1981495, 43.5847535], [0.1978132, 43.5848043], [0.1976457, 43.5845498], [0.1980336, 43.5844913]]]}, "properties": {"kind": "prive_autorisation", "section": "A", "numero": "50", "contenance": 960, "source": "cadastre.data.gouv.fr (PCI Vecteur Etalab) + BDTOPO_V3:foret_publique (IGN)"}}, {"type": "Feature", "geometry": {"type": "Polygon", "coordinates": [[[0.1961098, 43.5852622], [0.1959472, 43.5858251], [0.1957386, 43.5857553], [0.1958071, 43.5854329], [0.1958281, 43.5852796], [0.1961098, 43.5852622]]]}, "properties": {"kind": "prive_autorisation", "section": "A", "numero": "39", "contenance": 1180, "source": "cadastre.data.gouv.fr (PCI Vecteur Etalab) + BDTOPO_V3:foret_publique (IGN)"}}, {"type": "Feature", "geometry": {"type": "Polygon", "coordinates": [[[0.1954402, 43.5854368], [0.1958071, 43.5854329], [0.1957386, 43.5857553], [0.1955965, 43.5857078], [0.1954402, 43.5854368]]]}, "properties": {"kind": "prive_autorisation", "section": "A", "numero": "38", "contenance": 660, "source": "cadastre.data.gouv.fr (PCI Vecteur Etalab) + BDTOPO_V3:foret_publique (IGN)"}}, {"type": "Feature", "geometry": {"type": "Polygon", "coordinates": [[[0.195365, 43.5853082], [0.1958281, 43.5852796], [0.1958071, 43.5854329], [0.1954402, 43.5854368], [0.195365, 43.5853082]]]}, "properties": {"kind": "prive_autorisation", "section": "A", "numero": "37", "contenance": 487, "source": "cadastre.data.gouv.fr (PCI Vecteur Etalab) + BDTOPO_V3:foret_publique (IGN)"}}, {"type": "Feature", "geometry": {"type": "Polygon", "coordinates": [[[0.2018616, 43.5859829], [0.2023363, 43.5859393], [0.2029026, 43.5859197], [0.2032117, 43.5858974], [0.2031286, 43.586193], [0.2030798, 43.5863018], [0.2029409, 43.586532], [0.2025169, 43.586514], [0.202502, 43.5865134], [0.2017867, 43.5864833], [0.2018209, 43.5862265], [0.2017405, 43.5862316], [0.2016629, 43.5862402], [0.2015861, 43.5862526], [0.2014676, 43.5860383], [0.2015721, 43.5860087], [0.2018616, 43.5859829]]]}, "properties": {"kind": "prive_autorisation", "section": "A", "numero": "82", "contenance": 7390, "source": "cadastre.data.gouv.fr (PCI Vecteur Etalab) + BDTOPO_V3:foret_publique (IGN)"}}, {"type": "Feature", "geometry": {"type": "Polygon", "coordinates": [[[0.2017867, 43.5864833], [0.201778, 43.5866708], [0.201426, 43.5866542], [0.2011202, 43.5866404], [0.2011011, 43.5865272], [0.2009988, 43.586138], [0.2011885, 43.5861165], [0.2014676, 43.5860383], [0.2015861, 43.5862526], [0.2016629, 43.5862402], [0.2017405, 43.5862316], [0.2018209, 43.5862265], [0.2017867, 43.5864833]]]}, "properties": {"kind": "prive_autorisation", "section": "A", "numero": "83", "contenance": 3384, "source": "cadastre.data.gouv.fr (PCI Vecteur Etalab) + BDTOPO_V3:foret_publique (IGN)"}}, {"type": "Feature", "geometry": {"type": "Polygon", "coordinates": [[[0.2007953, 43.5865805], [0.2006562, 43.5865837], [0.2004864, 43.5866339], [0.2003093, 43.5866614], [0.2001126, 43.5866758], [0.2001314, 43.5863019], [0.200136, 43.5862189], [0.2007852, 43.5861592], [0.2009988, 43.586138], [0.2011011, 43.5865272], [0.2008007, 43.5865397], [0.2007953, 43.5865805]]]}, "properties": {"kind": "prive_autorisation", "section": "A", "numero": "85", "contenance": 3546, "source": "cadastre.data.gouv.fr (PCI Vecteur Etalab) + BDTOPO_V3:foret_publique (IGN)"}}, {"type": "Feature", "geometry": {"type": "Polygon", "coordinates": [[[0.1998856, 43.5860102], [0.1998903, 43.5860496], [0.2004718, 43.5860382], [0.2005831, 43.586024], [0.2006934, 43.5860062], [0.2007281, 43.5859997], [0.2007852, 43.5861592], [0.200136, 43.5862189], [0.1998873, 43.5862344], [0.1995239, 43.5862418], [0.1995552, 43.5859978], [0.1998856, 43.5860102]]]}, "properties": {"kind": "prive_autorisation", "section": "A", "numero": "95", "contenance": 1902, "source": "cadastre.data.gouv.fr (PCI Vecteur Etalab) + BDTOPO_V3:foret_publique (IGN)"}}, {"type": "Feature", "geometry": {"type": "Polygon", "coordinates": [[[0.2018167, 43.5857968], [0.2018616, 43.5859829], [0.2015721, 43.5860087], [0.2014676, 43.5860383], [0.2011885, 43.5861165], [0.2009988, 43.586138], [0.2007852, 43.5861592], [0.2007281, 43.5859997], [0.2011901, 43.5859158], [0.2018167, 43.5857968]]]}, "properties": {"kind": "prive_autorisation", "section": "A", "numero": "96", "contenance": 1807, "source": "cadastre.data.gouv.fr (PCI Vecteur Etalab) + BDTOPO_V3:foret_publique (IGN)"}}, {"type": "Feature", "geometry": {"type": "Polygon", "coordinates": [[[0.2007314, 43.5851753], [0.2018453, 43.5850943], [0.201797, 43.5853236], [0.2017885, 43.585391], [0.2017789, 43.5855009], [0.2017745, 43.5856109], [0.2018167, 43.5857968], [0.2011901, 43.5859158], [0.2007281, 43.5859997], [0.2006934, 43.5860062], [0.2005831, 43.586024], [0.2004718, 43.5860382], [0.2004622, 43.5858758], [0.20047, 43.5857478], [0.2004174, 43.5852112], [0.2007314, 43.5851753]]]}, "properties": {"kind": "prive_autorisation", "section": "A", "numero": "97", "contenance": 9509, "source": "cadastre.data.gouv.fr (PCI Vecteur Etalab) + BDTOPO_V3:foret_publique (IGN)"}}, {"type": "Feature", "geometry": {"type": "Polygon", "coordinates": [[[0.2004174, 43.5852112], [0.20047, 43.5857478], [0.2001986, 43.5858052], [0.2000744, 43.5852516], [0.2004174, 43.5852112]]]}, "properties": {"kind": "prive_autorisation", "section": "A", "numero": "98", "contenance": 1530, "source": "cadastre.data.gouv.fr (PCI Vecteur Etalab) + BDTOPO_V3:foret_publique (IGN)"}}, {"type": "Feature", "geometry": {"type": "Polygon", "coordinates": [[[0.2000744, 43.5852516], [0.2001986, 43.5858052], [0.20047, 43.5857478], [0.2004622, 43.5858758], [0.2004718, 43.5860382], [0.1998903, 43.5860496], [0.1998856, 43.5860102], [0.1998596, 43.5857721], [0.1999559, 43.585264], [0.2000744, 43.5852516]]]}, "properties": {"kind": "prive_autorisation", "section": "A", "numero": "99", "contenance": 2450, "source": "cadastre.data.gouv.fr (PCI Vecteur Etalab) + BDTOPO_V3:foret_publique (IGN)"}}, {"type": "Feature", "geometry": {"type": "Polygon", "coordinates": [[[0.1987984, 43.5853636], [0.198869, 43.5847371], [0.1991769, 43.5847099], [0.1992098, 43.5853389], [0.1987984, 43.5853636]]]}, "properties": {"kind": "prive_autorisation", "section": "A", "numero": "102", "contenance": 2110, "source": "cadastre.data.gouv.fr (PCI Vecteur Etalab) + BDTOPO_V3:foret_publique (IGN)"}}, {"type": "Feature", "geometry": {"type": "Polygon", "coordinates": [[[0.2006006, 43.5845461], [0.2010396, 43.5845529], [0.2014786, 43.5845635], [0.2017806, 43.5845729], [0.2018067, 43.5847898], [0.2006333, 43.5848277], [0.2006006, 43.5845461]]]}, "properties": {"kind": "prive_autorisation", "section": "A", "numero": "103", "contenance": 2960, "source": "cadastre.data.gouv.fr (PCI Vecteur Etalab) + BDTOPO_V3:foret_publique (IGN)"}}, {"type": "Feature", "geometry": {"type": "Polygon", "coordinates": [[[0.2006333, 43.5848277], [0.2018067, 43.5847898], [0.2018453, 43.5850943], [0.2007314, 43.5851753], [0.2006333, 43.5848277]]]}, "properties": {"kind": "prive_autorisation", "section": "A", "numero": "104", "contenance": 3370, "source": "cadastre.data.gouv.fr (PCI Vecteur Etalab) + BDTOPO_V3:foret_publique (IGN)"}}, {"type": "Feature", "geometry": {"type": "Polygon", "coordinates": [[[0.2060945, 43.5852277], [0.2055952, 43.5851065], [0.2056309, 43.5850095], [0.2061573, 43.58501], [0.2067362, 43.5849809], [0.2067247, 43.5850073], [0.2066686, 43.585243], [0.2066494, 43.5853053], [0.2062026, 43.5852832], [0.2060945, 43.5852277]]]}, "properties": {"kind": "prive_autorisation", "section": "A", "numero": "110", "contenance": 2270, "source": "cadastre.data.gouv.fr (PCI Vecteur Etalab) + BDTOPO_V3:foret_publique (IGN)"}}, {"type": "Feature", "geometry": {"type": "Polygon", "coordinates": [[[0.2083174, 43.5850441], [0.2081692, 43.5850444], [0.2074155, 43.5851295], [0.2074175, 43.5851604], [0.2069524, 43.5852265], [0.2066686, 43.585243], [0.2067247, 43.5850073], [0.2069607, 43.5850037], [0.207471, 43.5849614], [0.2081746, 43.584899], [0.2083174, 43.5850441]]]}, "properties": {"kind": "prive_autorisation", "section": "A", "numero": "111", "contenance": 2531, "source": "cadastre.data.gouv.fr (PCI Vecteur Etalab) + BDTOPO_V3:foret_publique (IGN)"}}, {"type": "Feature", "geometry": {"type": "Polygon", "coordinates": [[[0.2074054, 43.5845944], [0.2074304, 43.5846937], [0.2081594, 43.5848825], [0.2081746, 43.584899], [0.207471, 43.5849614], [0.2071829, 43.5846577], [0.2074054, 43.5845944]]]}, "properties": {"kind": "prive_autorisation", "section": "A", "numero": "119", "contenance": 1343, "source": "cadastre.data.gouv.fr (PCI Vecteur Etalab) + BDTOPO_V3:foret_publique (IGN)"}}, {"type": "Feature", "geometry": {"type": "Polygon", "coordinates": [[[0.2071829, 43.5846577], [0.207471, 43.5849614], [0.2069607, 43.5850037], [0.2067247, 43.5850073], [0.2067362, 43.5849809], [0.2067793, 43.5848719], [0.206887, 43.5848687], [0.2069025, 43.5847385], [0.2071829, 43.5846577]]]}, "properties": {"kind": "prive_autorisation", "section": "A", "numero": "120", "contenance": 1353, "source": "cadastre.data.gouv.fr (PCI Vecteur Etalab) + BDTOPO_V3:foret_publique (IGN)"}}, {"type": "Feature", "geometry": {"type": "Polygon", "coordinates": [[[0.2107276, 43.5871062], [0.2105377, 43.58683], [0.2103955, 43.5867027], [0.2102196, 43.5865952], [0.2103703, 43.5864632], [0.2109451, 43.5869849], [0.2107276, 43.5871062]]]}, "properties": {"kind": "prive_autorisation", "section": "A", "numero": "115", "contenance": 1115, "source": "cadastre.data.gouv.fr (PCI Vecteur Etalab) + BDTOPO_V3:foret_publique (IGN)"}}, {"type": "Feature", "geometry": {"type": "Polygon", "coordinates": [[[0.2093435, 43.5861746], [0.2096112, 43.5859726], [0.2098102, 43.5860991], [0.2099589, 43.5861425], [0.2103767, 43.586382], [0.2103626, 43.5864529], [0.2103703, 43.5864632], [0.2102196, 43.5865952], [0.2099253, 43.5864082], [0.2097175, 43.5864086], [0.2093435, 43.5861746]]]}, "properties": {"kind": "prive_autorisation", "section": "A", "numero": "116", "contenance": 2442, "source": "cadastre.data.gouv.fr (PCI Vecteur Etalab) + BDTOPO_V3:foret_publique (IGN)"}}, {"type": "Feature", "geometry": {"type": "Polygon", "coordinates": [[[0.191139, 43.5881506], [0.1912075, 43.5882391], [0.1913899, 43.5884753], [0.1916692, 43.58879], [0.1925346, 43.5889577], [0.1924221, 43.5892698], [0.1923486, 43.5893056], [0.1922619, 43.5892954], [0.1920637, 43.5892383], [0.1914654, 43.5890443], [0.1911337, 43.5888419], [0.1908551, 43.5886775], [0.1906421, 43.588546], [0.1904721, 43.5885692], [0.191139, 43.5881506]]]}, "properties": {"kind": "prive_autorisation", "section": "A", "numero": "1", "contenance": 6700, "source": "cadastre.data.gouv.fr (PCI Vecteur Etalab) + BDTOPO_V3:foret_publique (IGN)"}}, {"type": "Feature", "geometry": {"type": "Polygon", "coordinates": [[[0.1905707, 43.587801], [0.1908, 43.5876862], [0.1909104, 43.5878295], [0.191139, 43.5881506], [0.1904721, 43.5885692], [0.1904039, 43.5886114], [0.1903693, 43.5885202], [0.1903346, 43.588444], [0.190285, 43.5884034], [0.1902046, 43.5883426], [0.1901209, 43.5882845], [0.1899845, 43.5880871], [0.1905707, 43.587801]]]}, "properties": {"kind": "prive_autorisation", "section": "A", "numero": "2", "contenance": 4800, "source": "cadastre.data.gouv.fr (PCI Vecteur Etalab) + BDTOPO_V3:foret_publique (IGN)"}}, {"type": "Feature", "geometry": {"type": "Polygon", "coordinates": [[[0.1926869, 43.5885395], [0.1927361, 43.5882011], [0.1928136, 43.5880384], [0.193137, 43.5880032], [0.1936364, 43.5879808], [0.1940834, 43.5879392], [0.194156, 43.5881594], [0.1942119, 43.5883323], [0.193544, 43.5884212], [0.1926869, 43.5885395]]]}, "properties": {"kind": "prive_autorisation", "section": "A", "numero": "15", "contenance": 5740, "source": "cadastre.data.gouv.fr (PCI Vecteur Etalab) + BDTOPO_V3:foret_publique (IGN)"}}, {"type": "Feature", "geometry": {"type": "Polygon", "coordinates": [[[0.1953749, 43.5867389], [0.1955622, 43.5867506], [0.1958742, 43.5867692], [0.1959722, 43.5871382], [0.1954071, 43.5871872], [0.1953749, 43.5867389]]]}, "properties": {"kind": "prive_autorisation", "section": "A", "numero": "62", "contenance": 2040, "source": "cadastre.data.gouv.fr (PCI Vecteur Etalab) + BDTOPO_V3:foret_publique (IGN)"}}, {"type": "Feature", "geometry": {"type": "Polygon", "coordinates": [[[0.1968368, 43.5875318], [0.19689, 43.5878199], [0.1962567, 43.5879367], [0.1956935, 43.588059], [0.1955354, 43.5876627], [0.1968368, 43.5875318]]]}, "properties": {"kind": "prive_autorisation", "section": "A", "numero": "65", "contenance": 3940, "source": "cadastre.data.gouv.fr (PCI Vecteur Etalab) + BDTOPO_V3:foret_publique (IGN)"}}, {"type": "Feature", "geometry": {"type": "Polygon", "coordinates": [[[0.1957741, 43.5882613], [0.1956935, 43.588059], [0.1962567, 43.5879367], [0.19689, 43.5878199], [0.1968368, 43.5875318], [0.1968662, 43.587529], [0.1976028, 43.5875845], [0.1975588, 43.587916], [0.1977511, 43.5884466], [0.1976523, 43.5884428], [0.1968966, 43.5884705], [0.1968606, 43.5884724], [0.1967961, 43.5884729], [0.1967316, 43.5884696], [0.1964879, 43.588396], [0.1961722, 43.5884697], [0.1958741, 43.5885189], [0.1957741, 43.5882613]]]}, "properties": {"kind": "prive_autorisation", "section": "A", "numero": "66", "contenance": 11274, "source": "cadastre.data.gouv.fr (PCI Vecteur Etalab) + BDTOPO_V3:foret_publique (IGN)"}}, {"type": "Feature", "geometry": {"type": "Polygon", "coordinates": [[[0.1965877, 43.5869445], [0.196561, 43.5866527], [0.1970184, 43.5866723], [0.1971495, 43.586667], [0.1971475, 43.5867245], [0.1979441, 43.5867139], [0.1979412, 43.5866737], [0.1983755, 43.5866132], [0.1983821, 43.5867658], [0.1980563, 43.5867848], [0.1965877, 43.5869445]]]}, "properties": {"kind": "prive_autorisation", "section": "A", "numero": "88", "contenance": 2761, "source": "cadastre.data.gouv.fr (PCI Vecteur Etalab) + BDTOPO_V3:foret_publique (IGN)"}}, {"type": "Feature", "geometry": {"type": "Polygon", "coordinates": [[[0.1930718, 43.587345], [0.1930755, 43.5873728], [0.193137, 43.5880032], [0.1928136, 43.5880384], [0.1928756, 43.5877612], [0.1929106, 43.5873548], [0.192971, 43.5873408], [0.1930718, 43.587345]]]}, "properties": {"kind": "prive_autorisation", "section": "A", "numero": "9", "contenance": 1360, "source": "cadastre.data.gouv.fr (PCI Vecteur Etalab) + BDTOPO_V3:foret_publique (IGN)"}}, {"type": "Feature", "geometry": {"type": "Polygon", "coordinates": [[[0.1936364, 43.5879808], [0.193137, 43.5880032], [0.1930755, 43.5873728], [0.1935913, 43.5874022], [0.1936364, 43.5879808]]]}, "properties": {"kind": "prive_autorisation", "section": "A", "numero": "10", "contenance": 2850, "source": "cadastre.data.gouv.fr (PCI Vecteur Etalab) + BDTOPO_V3:foret_publique (IGN)"}}, {"type": "Feature", "geometry": {"type": "Polygon", "coordinates": [[[0.1940834, 43.5879392], [0.1936364, 43.5879808], [0.1935913, 43.5874022], [0.1937212, 43.5873916], [0.1938503, 43.5873773], [0.1939754, 43.58736], [0.1940834, 43.5879392]]]}, "properties": {"kind": "prive_autorisation", "section": "A", "numero": "11", "contenance": 2200, "source": "cadastre.data.gouv.fr (PCI Vecteur Etalab) + BDTOPO_V3:foret_publique (IGN)"}}, {"type": "Feature", "geometry": {"type": "Polygon", "coordinates": [[[0.1940834, 43.5879392], [0.1939754, 43.58736], [0.1940127, 43.5873547], [0.1941121, 43.5876057], [0.1942576, 43.5878748], [0.1942834, 43.5879211], [0.1940834, 43.5879392]]]}, "properties": {"kind": "prive_autorisation", "section": "A", "numero": "12", "contenance": 680, "source": "cadastre.data.gouv.fr (PCI Vecteur Etalab) + BDTOPO_V3:foret_publique (IGN)"}}, {"type": "Feature", "geometry": {"type": "Polygon", "coordinates": [[[0.1953621, 43.586583], [0.1953749, 43.5867389], [0.1954071, 43.5871872], [0.1949502, 43.5872308], [0.1948658, 43.5865218], [0.1953621, 43.586583]]]}, "properties": {"kind": "prive_autorisation", "section": "A", "numero": "25", "contenance": 2960, "source": "cadastre.data.gouv.fr (PCI Vecteur Etalab) + BDTOPO_V3:foret_publique (IGN)"}}, {"type": "Feature", "geometry": {"type": "Polygon", "coordinates": [[[0.1955354, 43.5876627], [0.1952146, 43.5877094], [0.1950603, 43.5872576], [0.1954132, 43.5872244], [0.1955354, 43.5876627]]]}, "properties": {"kind": "prive_autorisation", "section": "A", "numero": "24", "contenance": 1480, "source": "cadastre.data.gouv.fr (PCI Vecteur Etalab) + BDTOPO_V3:foret_publique (IGN)"}}, {"type": "Feature", "geometry": {"type": "Polygon", "coordinates": [[[0.1952146, 43.5877094], [0.1948888, 43.5877583], [0.1947001, 43.5872907], [0.1950603, 43.5872576], [0.1952146, 43.5877094]]]}, "properties": {"kind": "prive_autorisation", "section": "A", "numero": "23", "contenance": 1510, "source": "cadastre.data.gouv.fr (PCI Vecteur Etalab) + BDTOPO_V3:foret_publique (IGN)"}}, {"type": "Feature", "geometry": {"type": "Polygon", "coordinates": [[[0.1940127, 43.5873547], [0.1947001, 43.5872907], [0.1948888, 43.5877583], [0.1942576, 43.5878748], [0.1941121, 43.5876057], [0.1940127, 43.5873547]]]}, "properties": {"kind": "prive_autorisation", "section": "A", "numero": "22", "contenance": 3200, "source": "cadastre.data.gouv.fr (PCI Vecteur Etalab) + BDTOPO_V3:foret_publique (IGN)"}}, {"type": "Feature", "geometry": {"type": "Polygon", "coordinates": [[[0.1946615, 43.5885091], [0.1944166, 43.5881262], [0.1942834, 43.5879211], [0.1942576, 43.5878748], [0.1948888, 43.5877583], [0.1951913, 43.5883925], [0.1946615, 43.5885091]]]}, "properties": {"kind": "prive_autorisation", "section": "A", "numero": "21", "contenance": 3700, "source": "cadastre.data.gouv.fr (PCI Vecteur Etalab) + BDTOPO_V3:foret_publique (IGN)"}}, {"type": "Feature", "geometry": {"type": "Polygon", "coordinates": [[[0.1951913, 43.5883925], [0.1948888, 43.5877583], [0.1952146, 43.5877094], [0.1955354, 43.5876627], [0.1956935, 43.588059], [0.1957741, 43.5882613], [0.1951913, 43.5883925]]]}, "properties": {"kind": "prive_autorisation", "section": "A", "numero": "20", "contenance": 3700, "source": "cadastre.data.gouv.fr (PCI Vecteur Etalab) + BDTOPO_V3:foret_publique (IGN)"}}, {"type": "Feature", "geometry": {"type": "Polygon", "coordinates": [[[0.1955622, 43.5867506], [0.1955865, 43.5863335], [0.1959964, 43.5863814], [0.1959711, 43.5864686], [0.1958742, 43.5867692], [0.1955622, 43.5867506]]]}, "properties": {"kind": "prive_autorisation", "section": "A", "numero": "61", "contenance": 1330, "source": "cadastre.data.gouv.fr (PCI Vecteur Etalab) + BDTOPO_V3:foret_publique (IGN)"}}, {"type": "Feature", "geometry": {"type": "Polygon", "coordinates": [[[0.1965877, 43.5869445], [0.1966009, 43.5870785], [0.1959722, 43.5871382], [0.1958742, 43.5867692], [0.1959711, 43.5864686], [0.1963078, 43.586618], [0.1965476, 43.5866509], [0.196561, 43.5866527], [0.1965877, 43.5869445]]]}, "properties": {"kind": "prive_autorisation", "section": "A", "numero": "63", "contenance": 3270, "source": "cadastre.data.gouv.fr (PCI Vecteur Etalab) + BDTOPO_V3:foret_publique (IGN)"}}, {"type": "Feature", "geometry": {"type": "Polygon", "coordinates": [[[0.1968662, 43.587529], [0.1978612, 43.5874303], [0.1978873, 43.587606], [0.1976028, 43.5875845], [0.1968662, 43.587529]]]}, "properties": {"kind": "prive_autorisation", "section": "A", "numero": "67", "contenance": 840, "source": "cadastre.data.gouv.fr (PCI Vecteur Etalab) + BDTOPO_V3:foret_publique (IGN)"}}, {"type": "Feature", "geometry": {"type": "Polygon", "coordinates": [[[0.1977511, 43.5884466], [0.1975588, 43.587916], [0.1976028, 43.5875845], [0.1978873, 43.587606], [0.1979068, 43.5878775], [0.1979359, 43.5878731], [0.197917, 43.5884527], [0.1977511, 43.5884466]]]}, "properties": {"kind": "prive_autorisation", "section": "A", "numero": "68", "contenance": 2190, "source": "cadastre.data.gouv.fr (PCI Vecteur Etalab) + BDTOPO_V3:foret_publique (IGN)"}}, {"type": "Feature", "geometry": {"type": "Polygon", "coordinates": [[[0.1979359, 43.5878731], [0.1984047, 43.5878036], [0.1983715, 43.5879114], [0.1982056, 43.5884613], [0.197917, 43.5884527], [0.1979359, 43.5878731]]]}, "properties": {"kind": "prive_autorisation", "section": "A", "numero": "69", "contenance": 2040, "source": "cadastre.data.gouv.fr (PCI Vecteur Etalab) + BDTOPO_V3:foret_publique (IGN)"}}, {"type": "Feature", "geometry": {"type": "Polygon", "coordinates": [[[0.197862, 43.5870353], [0.198529, 43.5869952], [0.1985007, 43.5874809], [0.1984453, 43.5876692], [0.1984047, 43.5878036], [0.1979359, 43.5878731], [0.1979068, 43.5878775], [0.1978873, 43.587606], [0.1978612, 43.5874303], [0.197862, 43.5870353]]]}, "properties": {"kind": "prive_autorisation", "section": "A", "numero": "70", "contenance": 4650, "source": "cadastre.data.gouv.fr (PCI Vecteur Etalab) + BDTOPO_V3:foret_publique (IGN)"}}, {"type": "Feature", "geometry": {"type": "Polygon", "coordinates": [[[0.1992482, 43.5869825], [0.1991404, 43.5876764], [0.1984453, 43.5876692], [0.1985007, 43.5874809], [0.198529, 43.5869952], [0.1986825, 43.5869855], [0.1988363, 43.5869796], [0.1989904, 43.5869775], [0.1991445, 43.5869792], [0.1992482, 43.5869825]]]}, "properties": {"kind": "prive_autorisation", "section": "A", "numero": "71", "contenance": 4380, "source": "cadastre.data.gouv.fr (PCI Vecteur Etalab) + BDTOPO_V3:foret_publique (IGN)"}}, {"type": "Feature", "geometry": {"type": "Polygon", "coordinates": [[[0.198922, 43.5879087], [0.1983715, 43.5879114], [0.1984047, 43.5878036], [0.1984453, 43.5876692], [0.1991404, 43.5876764], [0.198922, 43.5879087]]]}, "properties": {"kind": "prive_autorisation", "section": "A", "numero": "72", "contenance": 1330, "source": "cadastre.data.gouv.fr (PCI Vecteur Etalab) + BDTOPO_V3:foret_publique (IGN)"}}, {"type": "Feature", "geometry": {"type": "Polygon", "coordinates": [[[0.198922, 43.5879087], [0.1987569, 43.5880875], [0.1984163, 43.5884554], [0.1982056, 43.5884613], [0.1983715, 43.5879114], [0.198922, 43.5879087]]]}, "properties": {"kind": "prive_autorisation", "section": "A", "numero": "73", "contenance": 1870, "source": "cadastre.data.gouv.fr (PCI Vecteur Etalab) + BDTOPO_V3:foret_publique (IGN)"}}, {"type": "Feature", "geometry": {"type": "Polygon", "coordinates": [[[0.1971495, 43.586667], [0.1976531, 43.5865806], [0.197586, 43.5863984], [0.1978819, 43.5864017], [0.1983671, 43.5864228], [0.1983755, 43.5866132], [0.1979412, 43.5866737], [0.1979441, 43.5867139], [0.1971475, 43.5867245], [0.1971495, 43.586667]]]}, "properties": {"kind": "prive_autorisation", "section": "A", "numero": "89", "contenance": 2200, "source": "cadastre.data.gouv.fr (PCI Vecteur Etalab) + BDTOPO_V3:foret_publique (IGN)"}}, {"type": "Feature", "geometry": {"type": "Polygon", "coordinates": [[[0.1976733, 43.5861677], [0.1980111, 43.5861872], [0.198359, 43.5862063], [0.1983671, 43.5864228], [0.1978819, 43.5864017], [0.197586, 43.5863984], [0.197574, 43.586344], [0.1975532, 43.5861579], [0.1976733, 43.5861677]]]}, "properties": {"kind": "prive_autorisation", "section": "A", "numero": "90", "contenance": 1602, "source": "cadastre.data.gouv.fr (PCI Vecteur Etalab) + BDTOPO_V3:foret_publique (IGN)"}}, {"type": "Feature", "geometry": {"type": "Polygon", "coordinates": [[[0.1976733, 43.5861677], [0.1976541, 43.5859803], [0.1980334, 43.5859812], [0.1980111, 43.5861872], [0.1976733, 43.5861677]]]}, "properties": {"kind": "prive_autorisation", "section": "A", "numero": "91", "contenance": 590, "source": "cadastre.data.gouv.fr (PCI Vecteur Etalab) + BDTOPO_V3:foret_publique (IGN)"}}, {"type": "Feature", "geometry": {"type": "Polygon", "coordinates": [[[0.1983671, 43.5864228], [0.198359, 43.5862063], [0.1987446, 43.5862145], [0.1991476, 43.5862217], [0.1991534, 43.5862428], [0.1995239, 43.5862418], [0.1998873, 43.5862344], [0.200136, 43.5862189], [0.2001314, 43.5863019], [0.1995044, 43.586312], [0.1994899, 43.5864286], [0.1983671, 43.5864228]]]}, "properties": {"kind": "prive_autorisation", "section": "A", "numero": "93", "contenance": 2523, "source": "cadastre.data.gouv.fr (PCI Vecteur Etalab) + BDTOPO_V3:foret_publique (IGN)"}}, {"type": "Feature", "geometry": {"type": "Polygon", "coordinates": [[[0.2003342, 43.5878565], [0.2003363, 43.5878454], [0.2003704, 43.5878456], [0.2009962, 43.5878796], [0.2018712, 43.5879746], [0.2016521, 43.5883962], [0.2006582, 43.5882189], [0.2005114, 43.5882121], [0.2002608, 43.5882486], [0.2003342, 43.5878565]]]}, "properties": {"kind": "prive_autorisation", "section": "A", "numero": "76", "contenance": 5409, "source": "cadastre.data.gouv.fr (PCI Vecteur Etalab) + BDTOPO_V3:foret_publique (IGN)"}}, {"type": "Feature", "geometry": {"type": "Polygon", "coordinates": [[[0.2003704, 43.5878456], [0.2004342, 43.5874412], [0.20129, 43.5875489], [0.2015906, 43.5875848], [0.2020507, 43.587629], [0.2018712, 43.5879746], [0.2009962, 43.5878796], [0.2003704, 43.5878456]]]}, "properties": {"kind": "prive_autorisation", "section": "A", "numero": "77", "contenance": 5280, "source": "cadastre.data.gouv.fr (PCI Vecteur Etalab) + BDTOPO_V3:foret_publique (IGN)"}}, {"type": "Feature", "geometry": {"type": "Polygon", "coordinates": [[[0.2014253, 43.5871277], [0.2019429, 43.5870447], [0.2023919, 43.5869817], [0.2024621, 43.5869708], [0.2025286, 43.5869031], [0.2025675, 43.5869128], [0.2024354, 43.5870432], [0.2022907, 43.5871859], [0.2022582, 43.5871843], [0.2021415, 43.5871789], [0.2018989, 43.5871814], [0.2014253, 43.5871277]]]}, "properties": {"kind": "bati", "section": "A", "numero": "79", "contenance": 1059, "source": "cadastre.data.gouv.fr (PCI Vecteur Etalab) + BDTOPO_V3:foret_publique (IGN)"}}, {"type": "Feature", "geometry": {"type": "Polygon", "coordinates": [[[0.2007695, 43.5870551], [0.2007953, 43.5865805], [0.2008007, 43.5865397], [0.2011011, 43.5865272], [0.2011202, 43.5866404], [0.201426, 43.5866542], [0.2013603, 43.5870542], [0.2013501, 43.5871199], [0.2007695, 43.5870551]]]}, "properties": {"kind": "prive_autorisation", "section": "A", "numero": "84", "contenance": 2784, "source": "cadastre.data.gouv.fr (PCI Vecteur Etalab) + BDTOPO_V3:foret_publique (IGN)"}}, {"type": "Feature", "geometry": {"type": "Polygon", "coordinates": [[[0.1994727, 43.5883411], [0.2003342, 43.5878565], [0.2002608, 43.5882486], [0.1995208, 43.5883593], [0.1994727, 43.5883411]]]}, "properties": {"kind": "prive_autorisation", "section": "A", "numero": "468", "contenance": 1515, "source": "cadastre.data.gouv.fr (PCI Vecteur Etalab) + BDTOPO_V3:foret_publique (IGN)"}}, {"type": "Feature", "geometry": {"type": "Polygon", "coordinates": [[[0.2025169, 43.586514], [0.2023919, 43.5869817], [0.2019429, 43.5870447], [0.2014253, 43.5871277], [0.2013501, 43.5871199], [0.2013603, 43.5870542], [0.2019183, 43.587], [0.2020027, 43.58683], [0.2022229, 43.5868108], [0.202502, 43.5865134], [0.2025169, 43.586514]]]}, "properties": {"kind": "bati", "section": "A", "numero": "521", "contenance": 1388, "source": "cadastre.data.gouv.fr (PCI Vecteur Etalab) + BDTOPO_V3:foret_publique (IGN)"}}, {"type": "Feature", "geometry": {"type": "Polygon", "coordinates": [[[0.202502, 43.5865134], [0.2022229, 43.5868108], [0.2020027, 43.58683], [0.2019183, 43.587], [0.2013603, 43.5870542], [0.201426, 43.5866542], [0.201778, 43.5866708], [0.2017867, 43.5864833], [0.202502, 43.5865134]]]}, "properties": {"kind": "prive_autorisation", "section": "A", "numero": "522", "contenance": 3420, "source": "cadastre.data.gouv.fr (PCI Vecteur Etalab) + BDTOPO_V3:foret_publique (IGN)"}}, {"type": "Feature", "geometry": {"type": "Polygon", "coordinates": [[[0.20129, 43.5875489], [0.2014124, 43.5871718], [0.2017686, 43.5872113], [0.2017444, 43.5873246], [0.2017788, 43.5873297], [0.2019295, 43.5873513], [0.2019346, 43.5873521], [0.2019508, 43.5872803], [0.2019619, 43.5872306], [0.2021389, 43.5872264], [0.2022596, 43.5872362], [0.2020507, 43.587629], [0.2015906, 43.5875848], [0.20129, 43.5875489]]]}, "properties": {"kind": "bati", "section": "A", "numero": "523", "contenance": 2672, "source": "cadastre.data.gouv.fr (PCI Vecteur Etalab) + BDTOPO_V3:foret_publique (IGN)"}}, {"type": "Feature", "geometry": {"type": "Polygon", "coordinates": [[[0.2017686, 43.5872113], [0.2019619, 43.5872306], [0.2019508, 43.5872803], [0.2019346, 43.5873521], [0.2019295, 43.5873513], [0.2017788, 43.5873297], [0.2017444, 43.5873246], [0.2017686, 43.5872113]]]}, "properties": {"kind": "bati", "section": "A", "numero": "78", "contenance": 214, "source": "cadastre.data.gouv.fr (PCI Vecteur Etalab) + BDTOPO_V3:foret_publique (IGN)"}}, {"type": "Feature", "geometry": {"type": "Polygon", "coordinates": [[[0.2029409, 43.586532], [0.2025675, 43.5869128], [0.2025286, 43.5869031], [0.2024621, 43.5869708], [0.2023919, 43.5869817], [0.2025169, 43.586514], [0.2029409, 43.586532]]]}, "properties": {"kind": "prive_autorisation", "section": "A", "numero": "80", "contenance": 1108, "source": "cadastre.data.gouv.fr (PCI Vecteur Etalab) + BDTOPO_V3:foret_publique (IGN)"}}, {"type": "Feature", "geometry": {"type": "Polygon", "coordinates": [[[0.2102811, 43.587378], [0.210702, 43.5871355], [0.2109599, 43.5869945], [0.2112448, 43.5871298], [0.2111028, 43.5872774], [0.2108098, 43.5872574], [0.2107106, 43.5873001], [0.2105403, 43.5873079], [0.2102811, 43.587378]]]}, "properties": {"kind": "prive_autorisation", "section": "A", "numero": "114", "contenance": 1178, "source": "cadastre.data.gouv.fr (PCI Vecteur Etalab) + BDTOPO_V3:foret_publique (IGN)"}}, {"type": "Feature", "geometry": {"type": "Polygon", "coordinates": [[[0.194156, 43.5881594], [0.1940834, 43.5879392], [0.1942834, 43.5879211], [0.1944166, 43.5881262], [0.194156, 43.5881594]]]}, "properties": {"kind": "prive_autorisation", "section": "A", "numero": "13", "contenance": 460, "source": "cadastre.data.gouv.fr (PCI Vecteur Etalab) + BDTOPO_V3:foret_publique (IGN)"}}, {"type": "Feature", "geometry": {"type": "Polygon", "coordinates": [[[0.1946615, 43.5885091], [0.1946087, 43.5885217], [0.1944484, 43.5885302], [0.1943611, 43.5885585], [0.1935535, 43.5887091], [0.193544, 43.5884212], [0.1942119, 43.5883323], [0.194156, 43.5881594], [0.1944166, 43.5881262], [0.1946615, 43.5885091]]]}, "properties": {"kind": "prive_autorisation", "section": "A", "numero": "14", "contenance": 2860, "source": "cadastre.data.gouv.fr (PCI Vecteur Etalab) + BDTOPO_V3:foret_publique (IGN)"}}, {"type": "Feature", "geometry": {"type": "Polygon", "coordinates": [[[0.1925646, 43.5888801], [0.1926869, 43.5885395], [0.193544, 43.5884212], [0.1935535, 43.5887091], [0.1935573, 43.5888441], [0.193213, 43.5889099], [0.1928476, 43.5889435], [0.192657, 43.5889242], [0.1925646, 43.5888801]]]}, "properties": {"kind": "prive_autorisation", "section": "A", "numero": "16", "contenance": 3530, "source": "cadastre.data.gouv.fr (PCI Vecteur Etalab) + BDTOPO_V3:foret_publique (IGN)"}}, {"type": "Feature", "geometry": {"type": "Polygon", "coordinates": [[[0.1946985, 43.5887866], [0.194377, 43.5888741], [0.1941898, 43.5889228], [0.1939702, 43.5889763], [0.1937491, 43.5890262], [0.1932729, 43.5890965], [0.193213, 43.5889099], [0.1935573, 43.5888441], [0.1944881, 43.5886766], [0.1946401, 43.5886169], [0.1946985, 43.5887866]]]}, "properties": {"kind": "prive_autorisation", "section": "A", "numero": "18", "contenance": 2640, "source": "cadastre.data.gouv.fr (PCI Vecteur Etalab) + BDTOPO_V3:foret_publique (IGN)"}}, {"type": "Feature", "geometry": {"type": "Polygon", "coordinates": [[[0.1925346, 43.5889577], [0.1925646, 43.5888801], [0.192657, 43.5889242], [0.1928476, 43.5889435], [0.193213, 43.5889099], [0.1932729, 43.5890965], [0.1931054, 43.589117], [0.1930289, 43.5891136], [0.1927675, 43.5891527], [0.1926326, 43.5891672], [0.1924221, 43.5892698], [0.1925346, 43.5889577]]]}, "properties": {"kind": "prive_autorisation", "section": "A", "numero": "17", "contenance": 1550, "source": "cadastre.data.gouv.fr (PCI Vecteur Etalab) + BDTOPO_V3:foret_publique (IGN)"}}, {"type": "Feature", "geometry": {"type": "Polygon", "coordinates": [[[0.1987569, 43.5880875], [0.1995581, 43.5881553], [0.1994606, 43.5883363], [0.1993431, 43.5883245], [0.1991046, 43.5884202], [0.198695, 43.5884791], [0.1984163, 43.5884554], [0.1987569, 43.5880875]]]}, "properties": {"kind": "prive_autorisation", "section": "A", "numero": "74", "contenance": 2450, "source": "cadastre.data.gouv.fr (PCI Vecteur Etalab) + BDTOPO_V3:foret_publique (IGN)"}}, {"type": "Feature", "geometry": {"type": "Polygon", "coordinates": [[[0.1999863, 43.5791386], [0.1987879, 43.5794137], [0.1987658, 43.5793635], [0.1983676, 43.5782588], [0.1983094, 43.5781175], [0.1982749, 43.5780639], [0.1982196, 43.5780064], [0.1981469, 43.5779577], [0.1980706, 43.5779235], [0.1978263, 43.5778477], [0.1976527, 43.57768], [0.1978851, 43.5773014], [0.198164, 43.5768072], [0.198176, 43.5767614], [0.1986684, 43.5767965], [0.1989033, 43.5768569], [0.1990075, 43.57691], [0.1990985, 43.5769855], [0.1994991, 43.5771911], [0.1994236, 43.5774294], [0.1997895, 43.5785142], [0.1997888, 43.5785366], [0.1999208, 43.5789799], [0.1999863, 43.5791386]]]}, "properties": {"kind": "prive_autorisation", "section": "A", "numero": "506", "contenance": 31119, "source": "cadastre.data.gouv.fr (PCI Vecteur Etalab) + BDTOPO_V3:foret_publique (IGN)"}}, {"type": "Feature", "geometry": {"type": "Polygon", "coordinates": [[[0.1980172, 43.5779842], [0.1978104, 43.5781444], [0.1978113, 43.578187], [0.1974987, 43.578268], [0.1974092, 43.5783229], [0.196977, 43.5783775], [0.1963666, 43.5786575], [0.196037, 43.5787678], [0.1959678, 43.5787118], [0.1957144, 43.5788471], [0.196239, 43.5792646], [0.1959789, 43.579483], [0.1948063, 43.5786167], [0.1942142, 43.5781563], [0.1941047, 43.5780509], [0.1945195, 43.5779049], [0.1958682, 43.5775415], [0.1957332, 43.577275], [0.1958108, 43.5772546], [0.1959224, 43.5772254], [0.1967307, 43.5769004], [0.1970216, 43.5768562], [0.1970272, 43.5768797], [0.1972331, 43.5768555], [0.1974378, 43.5767905], [0.1977447, 43.5768034], [0.1980534, 43.5768125], [0.1975581, 43.5776302], [0.1975475, 43.5777485], [0.1975928, 43.5778516], [0.197662, 43.5778885], [0.1977167, 43.5779074], [0.1979492, 43.5779583], [0.1980172, 43.5779842]]]}, "properties": {"kind": "prive_autorisation", "section": "A", "numero": "504", "contenance": 42570, "source": "cadastre.data.gouv.fr (PCI Vecteur Etalab) + BDTOPO_V3:foret_publique (IGN)"}}, {"type": "Feature", "geometry": {"type": "Polygon", "coordinates": [[[0.1959789, 43.579483], [0.1962558, 43.5796893], [0.1955724, 43.5798497], [0.1949907, 43.5795489], [0.1944346, 43.5792683], [0.1941938, 43.5791938], [0.1941415, 43.5792081], [0.1943541, 43.5793456], [0.194294, 43.5794471], [0.1940347, 43.5794837], [0.1939148, 43.5795142], [0.1934422, 43.579621], [0.1928921, 43.5791228], [0.1926148, 43.5788578], [0.1922813, 43.5790056], [0.1921491, 43.5791219], [0.1919041, 43.5789801], [0.1914777, 43.5787333], [0.1921698, 43.5783654], [0.1922853, 43.5783139], [0.1926772, 43.5781328], [0.1930892, 43.577924], [0.1930999, 43.5779127], [0.1935583, 43.5777346], [0.1941047, 43.5780509], [0.1942142, 43.5781563], [0.1948063, 43.5786167], [0.1959789, 43.579483]]]}, "properties": {"kind": "prive_autorisation", "section": "A", "numero": "451", "contenance": 38155, "source": "cadastre.data.gouv.fr (PCI Vecteur Etalab) + BDTOPO_V3:foret_publique (IGN)"}}, {"type": "Feature", "geometry": {"type": "Polygon", "coordinates": [[[0.2016359, 43.5752025], [0.2010973, 43.57524], [0.200607, 43.5753412], [0.2004884, 43.5754062], [0.2002747, 43.5755826], [0.2001843, 43.5756567], [0.1999649, 43.5758384], [0.1999353, 43.5758251], [0.1997934, 43.5757609], [0.1998582, 43.5757283], [0.1999979, 43.5755559], [0.2004903, 43.5750717], [0.2007645, 43.5750161], [0.2008384, 43.5750726], [0.201114, 43.5750944], [0.2019718, 43.5750637], [0.2020245, 43.5750458], [0.2024603, 43.57505], [0.2025268, 43.5750334], [0.2035998, 43.5749379], [0.2041743, 43.5748346], [0.2043646, 43.5747954], [0.2044381, 43.574794], [0.2044652, 43.574966], [0.2044733, 43.5750179], [0.2039104, 43.5750593], [0.2026169, 43.5751463], [0.2020669, 43.5751645], [0.2016359, 43.5752025]]]}, "properties": {"kind": "prive_autorisation", "section": "A", "numero": "366", "contenance": 6953, "source": "cadastre.data.gouv.fr (PCI Vecteur Etalab) + BDTOPO_V3:foret_publique (IGN)"}}, {"type": "Feature", "geometry": {"type": "Polygon", "coordinates": [[[0.2021903, 43.5738884], [0.2024757, 43.5741409], [0.2027419, 43.5745063], [0.2036305, 43.5743122], [0.2039612, 43.5742802], [0.2044482, 43.5742042], [0.2056344, 43.5740151], [0.2055314, 43.5742311], [0.2054671, 43.5742575], [0.2053887, 43.5744709], [0.205272, 43.5744846], [0.2043407, 43.5747901], [0.203596, 43.5749261], [0.2025031, 43.5750247], [0.2024384, 43.5750395], [0.2020164, 43.5750302], [0.2019541, 43.5750503], [0.2015101, 43.5750686], [0.2011203, 43.5750805], [0.2008482, 43.5750599], [0.2007749, 43.5750012], [0.200935, 43.5747795], [0.2010212, 43.5747427], [0.2011469, 43.5746178], [0.201277, 43.5744954], [0.2013888, 43.5743949], [0.2017068, 43.5741992], [0.2018788, 43.5741232], [0.2021903, 43.5738884]]]}, "properties": {"kind": "prive_autorisation", "section": "A", "numero": "365", "contenance": 25750, "source": "cadastre.data.gouv.fr (PCI Vecteur Etalab) + BDTOPO_V3:foret_publique (IGN)"}}, {"type": "Feature", "geometry": {"type": "Polygon", "coordinates": [[[0.2062698, 43.5781891], [0.206867, 43.5783038], [0.2074044, 43.5783495], [0.2073786, 43.5783744], [0.2072044, 43.5785208], [0.2067755, 43.5788619], [0.2063455, 43.579192], [0.2061969, 43.5792749], [0.205982, 43.5793743], [0.2058403, 43.5794176], [0.2054083, 43.5795391], [0.2048994, 43.5797281], [0.2043612, 43.5799632], [0.2036011, 43.5803347], [0.203334, 43.5801319], [0.2033061, 43.5801434], [0.2029646, 43.5800671], [0.2026651, 43.5799501], [0.2021311, 43.5796526], [0.2019074, 43.5795323], [0.2018278, 43.5794561], [0.2018281, 43.5794072], [0.2018572, 43.5790873], [0.2018648, 43.578928], [0.2021987, 43.5787893], [0.2028567, 43.579113], [0.2028244, 43.5791567], [0.2033571, 43.5792379], [0.2037472, 43.5791258], [0.2042945, 43.5789154], [0.2046291, 43.578706], [0.2046981, 43.5785048], [0.2047459, 43.5783777], [0.2058762, 43.5788252], [0.2062698, 43.5781891]]]}, "properties": {"kind": "prive_autorisation", "section": "A", "numero": "274", "contenance": 44260, "source": "cadastre.data.gouv.fr (PCI Vecteur Etalab) + BDTOPO_V3:foret_publique (IGN)"}}, {"type": "Feature", "geometry": {"type": "Polygon", "coordinates": [[[0.2077939, 43.5804446], [0.2079268, 43.5803263], [0.2083554, 43.5806092], [0.2088523, 43.5801724], [0.2090405, 43.5802869], [0.2102811, 43.5811052], [0.2092779, 43.5819882], [0.2090908, 43.5822549], [0.2089185, 43.5824915], [0.2089156, 43.5825441], [0.2087648, 43.5828285], [0.2086085, 43.5831907], [0.2082312, 43.5840986], [0.2079075, 43.5841827], [0.2079459, 43.5834112], [0.2070522, 43.5824527], [0.2069104, 43.5823253], [0.2067301, 43.5821608], [0.2074318, 43.5815315], [0.2077171, 43.5812236], [0.2075773, 43.5810874], [0.2075634, 43.5810039], [0.2075171, 43.5806915], [0.2077939, 43.5804446]]]}, "properties": {"kind": "prive_autorisation", "section": "A", "numero": "324", "contenance": 55765, "source": "cadastre.data.gouv.fr (PCI Vecteur Etalab) + BDTOPO_V3:foret_publique (IGN)"}}, {"type": "Feature", "geometry": {"type": "Polygon", "coordinates": [[[0.2102811, 43.5811052], [0.2107827, 43.5814405], [0.2113675, 43.5818379], [0.2114923, 43.5819765], [0.2104227, 43.5825109], [0.2107405, 43.5829156], [0.2097988, 43.5833564], [0.2096291, 43.5831348], [0.2093632, 43.5834089], [0.2093331, 43.5834502], [0.2092072, 43.5836459], [0.2086556, 43.5841763], [0.2083588, 43.5844652], [0.2083557, 43.5844524], [0.2083578, 43.5840431], [0.2082312, 43.5840986], [0.2086085, 43.5831907], [0.2087648, 43.5828285], [0.2089156, 43.5825441], [0.2089185, 43.5824915], [0.2090908, 43.5822549], [0.2092779, 43.5819882], [0.2102811, 43.5811052]]]}, "properties": {"kind": "prive_autorisation", "section": "A", "numero": "323", "contenance": 35652, "source": "cadastre.data.gouv.fr (PCI Vecteur Etalab) + BDTOPO_V3:foret_publique (IGN)"}}, {"type": "Feature", "geometry": {"type": "Polygon", "coordinates": [[[0.1926948, 43.5811884], [0.1928883, 43.580901], [0.1929678, 43.5808883], [0.1932695, 43.5808398], [0.1934323, 43.5808136], [0.1934378, 43.580839], [0.1938475, 43.5807817], [0.1941636, 43.5807274], [0.194537, 43.5806998], [0.1947375, 43.5806736], [0.1955924, 43.5805817], [0.1956791, 43.5803578], [0.1957087, 43.5803475], [0.195996, 43.5803057], [0.1960945, 43.5802972], [0.1964074, 43.5802899], [0.1968732, 43.5802579], [0.1972927, 43.5802685], [0.19812, 43.5805776], [0.1983749, 43.5805687], [0.1983005, 43.5808809], [0.198028, 43.5815553], [0.1976973, 43.5815709], [0.1974055, 43.5815607], [0.1967276, 43.5815131], [0.196274, 43.5814552], [0.1961786, 43.5814458], [0.1959208, 43.5814694], [0.195467, 43.5815767], [0.1946223, 43.5816386], [0.1944245, 43.5816361], [0.1939732, 43.5816082], [0.1935319, 43.5814953], [0.192831, 43.5812602], [0.1926948, 43.5811884]]]}, "properties": {"kind": "prive_autorisation", "section": "A", "numero": "226", "contenance": 47530, "source": "cadastre.data.gouv.fr (PCI Vecteur Etalab) + BDTOPO_V3:foret_publique (IGN)"}}, {"type": "Feature", "geometry": {"type": "Polygon", "coordinates": [[[0.1939732, 43.5816082], [0.1944245, 43.5816361], [0.1946223, 43.5816386], [0.195467, 43.5815767], [0.1959208, 43.5814694], [0.1961786, 43.5814458], [0.196274, 43.5814552], [0.1967276, 43.5815131], [0.1974055, 43.5815607], [0.1976973, 43.5815709], [0.198028, 43.5815553], [0.1979565, 43.5817298], [0.1974702, 43.5817651], [0.196989, 43.5817535], [0.1965048, 43.581726], [0.196289, 43.5817237], [0.1960478, 43.5817526], [0.1958077, 43.5817589], [0.1957306, 43.5817897], [0.1952607, 43.5818285], [0.1949283, 43.5818286], [0.1940499, 43.5817675], [0.1938476, 43.581746], [0.1932312, 43.5816543], [0.1932722, 43.5814954], [0.1937855, 43.5815897], [0.1939732, 43.5816082]]]}, "properties": {"kind": "prive_autorisation", "section": "A", "numero": "217", "contenance": 8490, "source": "cadastre.data.gouv.fr (PCI Vecteur Etalab) + BDTOPO_V3:foret_publique (IGN)"}}, {"type": "Feature", "geometry": {"type": "Polygon", "coordinates": [[[0.1932312, 43.5816543], [0.1938476, 43.581746], [0.1940499, 43.5817675], [0.1949283, 43.5818286], [0.1952607, 43.5818285], [0.1957306, 43.5817897], [0.1958077, 43.5817589], [0.1960478, 43.5817526], [0.196289, 43.5817237], [0.1965048, 43.581726], [0.196989, 43.5817535], [0.1974702, 43.5817651], [0.1979565, 43.5817298], [0.198219, 43.5817109], [0.1984811, 43.5816883], [0.1986972, 43.5816667], [0.1989936, 43.5816534], [0.1999029, 43.5817947], [0.199538, 43.5822402], [0.1992638, 43.5822559], [0.1988011, 43.5822954], [0.1983378, 43.5823395], [0.197078, 43.5824503], [0.1962849, 43.5826172], [0.1961728, 43.5821413], [0.1960297, 43.582152], [0.1959349, 43.582159], [0.1958345, 43.5821666], [0.1957257, 43.5821763], [0.195563, 43.5821974], [0.1953848, 43.5822211], [0.195281, 43.5822457], [0.1951965, 43.5822657], [0.1948609, 43.5823453], [0.1946715, 43.5823824], [0.194471, 43.5823944], [0.1941315, 43.5823766], [0.193943, 43.5823374], [0.1935721, 43.5822635], [0.1932, 43.5821933], [0.1932175, 43.5819247], [0.1932312, 43.5816543]]]}, "properties": {"kind": "prive_autorisation", "section": "A", "numero": "216", "contenance": 34590, "source": "cadastre.data.gouv.fr (PCI Vecteur Etalab) + BDTOPO_V3:foret_publique (IGN)"}}, {"type": "Feature", "geometry": {"type": "Polygon", "coordinates": [[[0.1959947, 43.5752135], [0.1950957, 43.5755313], [0.1944398, 43.575796], [0.194383, 43.5758311], [0.1942191, 43.5755283], [0.1941079, 43.5751829], [0.1940892, 43.5751248], [0.1940651, 43.5750463], [0.1940645, 43.5750199], [0.194828, 43.5747963], [0.1952511, 43.5746205], [0.1954758, 43.5745666], [0.1956099, 43.5743448], [0.1958959, 43.5743959], [0.1959226, 43.5746351], [0.1959403, 43.5748824], [0.195952, 43.5751119], [0.1959947, 43.5752135]]]}, "properties": {"kind": "prive_autorisation", "section": "A", "numero": "414", "contenance": 13428, "source": "cadastre.data.gouv.fr (PCI Vecteur Etalab) + BDTOPO_V3:foret_publique (IGN)"}}, {"type": "Feature", "geometry": {"type": "Polygon", "coordinates": [[[0.1973074, 43.5755315], [0.1973405, 43.575494], [0.1971318, 43.5750832], [0.19773, 43.5750802], [0.1979964, 43.5758658], [0.1985639, 43.575813], [0.1986798, 43.5757182], [0.199045, 43.5761305], [0.1990052, 43.5761703], [0.1987928, 43.5762916], [0.1986636, 43.5763397], [0.1984788, 43.5763517], [0.1984523, 43.5763594], [0.1983823, 43.5764356], [0.1981753, 43.5765191], [0.1981284, 43.5765344], [0.1976951, 43.5761523], [0.1973493, 43.5755568], [0.1973362, 43.5755444], [0.1973074, 43.5755315]]]}, "properties": {"kind": "prive_autorisation", "section": "A", "numero": "404", "contenance": 9886, "source": "cadastre.data.gouv.fr (PCI Vecteur Etalab) + BDTOPO_V3:foret_publique (IGN)"}}, {"type": "Feature", "geometry": {"type": "Polygon", "coordinates": [[[0.1985639, 43.575813], [0.1983432, 43.5748081], [0.1983329, 43.574739], [0.1984016, 43.5747243], [0.1982583, 43.5743266], [0.1985276, 43.5742483], [0.1986553, 43.5742001], [0.1990976, 43.5743988], [0.1995433, 43.5746074], [0.1998689, 43.5747627], [0.1993594, 43.5751525], [0.1992437, 43.5752488], [0.1989463, 43.5754965], [0.1986798, 43.5757182], [0.1985639, 43.575813]]]}, "properties": {"kind": "prive_autorisation", "section": "A", "numero": "401", "contenance": 11785, "source": "cadastre.data.gouv.fr (PCI Vecteur Etalab) + BDTOPO_V3:foret_publique (IGN)"}}, {"type": "Feature", "geometry": {"type": "Polygon", "coordinates": [[[0.2016563, 43.574074], [0.201469, 43.5739494], [0.2006314, 43.5745195], [0.2004942, 43.5743904], [0.2001718, 43.5741619], [0.1997499, 43.5737685], [0.2006094, 43.5734182], [0.2012566, 43.5731479], [0.201329, 43.5731131], [0.2022803, 43.5736378], [0.2016563, 43.574074]]]}, "properties": {"kind": "prive_autorisation", "section": "A", "numero": "357", "contenance": 15413, "source": "cadastre.data.gouv.fr (PCI Vecteur Etalab) + BDTOPO_V3:foret_publique (IGN)"}}, {"type": "Feature", "geometry": {"type": "Polygon", "coordinates": [[[0.201329, 43.5731131], [0.2024504, 43.5725229], [0.2026068, 43.5726811], [0.2029203, 43.5725637], [0.2029997, 43.5726756], [0.2033882, 43.5726577], [0.2034507, 43.5726548], [0.2037404, 43.5726944], [0.2042966, 43.5727706], [0.2043284, 43.5729341], [0.2035494, 43.5731412], [0.2029867, 43.5732312], [0.2028521, 43.5732108], [0.2026339, 43.5733413], [0.2023204, 43.5736071], [0.2022803, 43.5736378], [0.201329, 43.5731131]]]}, "properties": {"kind": "prive_autorisation", "section": "A", "numero": "356", "contenance": 14116, "source": "cadastre.data.gouv.fr (PCI Vecteur Etalab) + BDTOPO_V3:foret_publique (IGN)"}}, {"type": "Feature", "geometry": {"type": "Polygon", "coordinates": [[[0.2016359, 43.5752025], [0.2020669, 43.5751645], [0.2026169, 43.5751463], [0.2039104, 43.5750593], [0.2044733, 43.5750179], [0.2044652, 43.574966], [0.2048623, 43.5749738], [0.2049863, 43.5756774], [0.2048355, 43.5758382], [0.2048463, 43.5759387], [0.2040728, 43.5759652], [0.2039711, 43.5759706], [0.2036887, 43.5759883], [0.2034067, 43.5760099], [0.2033627, 43.5757232], [0.203325, 43.5755463], [0.2018345, 43.5756306], [0.2018129, 43.575571], [0.2016359, 43.5752025]]]}, "properties": {"kind": "prive_autorisation", "section": "A", "numero": "540", "contenance": 19199, "source": "cadastre.data.gouv.fr (PCI Vecteur Etalab) + BDTOPO_V3:foret_publique (IGN)"}}, {"type": "Feature", "geometry": {"type": "Polygon", "coordinates": [[[0.2049887, 43.5739413], [0.2047477, 43.5734437], [0.2052059, 43.5733322], [0.2052167, 43.5733453], [0.2053071, 43.5734562], [0.2059144, 43.5727969], [0.2065086, 43.5731358], [0.2064171, 43.5732557], [0.2068623, 43.5734795], [0.2068784, 43.5734683], [0.2069172, 43.5734844], [0.2069584, 43.5734972], [0.206969, 43.5735], [0.2071376, 43.5735472], [0.2071777, 43.5735124], [0.2074987, 43.5736879], [0.2064851, 43.5738788], [0.206434, 43.5738899], [0.2058015, 43.5739878], [0.2056858, 43.5738115], [0.2049887, 43.5739413]]]}, "properties": {"kind": "prive_autorisation", "section": "A", "numero": "477", "contenance": 13829, "source": "cadastre.data.gouv.fr (PCI Vecteur Etalab) + BDTOPO_V3:foret_publique (IGN)"}}, {"type": "Feature", "geometry": {"type": "Polygon", "coordinates": [[[0.2023123, 43.5774103], [0.2024042, 43.5769055], [0.2025144, 43.5763241], [0.2029745, 43.5762182], [0.2031582, 43.5761442], [0.2033443, 43.5760736], [0.2034097, 43.5760497], [0.2034255, 43.5761305], [0.203512, 43.5767313], [0.2036385, 43.5771768], [0.203681, 43.5772753], [0.2035455, 43.5772482], [0.2034099, 43.5772249], [0.2033256, 43.577255], [0.2024845, 43.5773716], [0.2023123, 43.5774103]]]}, "properties": {"kind": "prive_autorisation", "section": "A", "numero": "374", "contenance": 10920, "source": "cadastre.data.gouv.fr (PCI Vecteur Etalab) + BDTOPO_V3:foret_publique (IGN)"}}, {"type": "Feature", "geometry": {"type": "Polygon", "coordinates": [[[0.2044482, 43.5742042], [0.2039612, 43.5742802], [0.2036305, 43.5743122], [0.2027419, 43.5745063], [0.2024757, 43.5741409], [0.2032666, 43.5734582], [0.2036463, 43.5733229], [0.2040248, 43.5732718], [0.2041613, 43.5735739], [0.2043796, 43.5740548], [0.2044482, 43.5742042]]]}, "properties": {"kind": "prive_autorisation", "section": "A", "numero": "364", "contenance": 12814, "source": "cadastre.data.gouv.fr (PCI Vecteur Etalab) + BDTOPO_V3:foret_publique (IGN)"}}, {"type": "Feature", "geometry": {"type": "Polygon", "coordinates": [[[0.2053821, 43.5749842], [0.2053118, 43.5746309], [0.2052852, 43.5744962], [0.2054326, 43.5744658], [0.2056771, 43.5744343], [0.2059225, 43.5744064], [0.206068, 43.5743918], [0.2065988, 43.5741658], [0.2066677, 43.5743041], [0.2066992, 43.5744864], [0.2076503, 43.57434], [0.2081316, 43.5744231], [0.2083712, 43.5744826], [0.2082936, 43.5746021], [0.2082495, 43.5747276], [0.2082197, 43.5749773], [0.2081287, 43.5758979], [0.2081133, 43.5759314], [0.2080459, 43.5759561], [0.207144, 43.5758941], [0.2072004, 43.5753696], [0.2072304, 43.5750468], [0.2069906, 43.5750559], [0.2067586, 43.5750607], [0.2053821, 43.5749842]]]}, "properties": {"kind": "prive_autorisation", "section": "A", "numero": "342", "contenance": 24978, "source": "cadastre.data.gouv.fr (PCI Vecteur Etalab) + BDTOPO_V3:foret_publique (IGN)"}}, {"type": "Feature", "geometry": {"type": "Polygon", "coordinates": [[[0.2062698, 43.5781891], [0.2058085, 43.5781054], [0.2053196, 43.5781197], [0.2052756, 43.5776728], [0.2053352, 43.5776732], [0.2054814, 43.5774664], [0.2054804, 43.5773541], [0.2059572, 43.5773412], [0.2059678, 43.5771517], [0.2071779, 43.577096], [0.207222, 43.576769], [0.2077593, 43.5767936], [0.2077768, 43.5765193], [0.2072389, 43.5764858], [0.2072689, 43.5759671], [0.2074443, 43.5759792], [0.2077849, 43.576006], [0.208125, 43.5760365], [0.2080517, 43.5768245], [0.2079791, 43.5775434], [0.2078364, 43.5778479], [0.2077182, 43.5780353], [0.2075572, 43.5782025], [0.2074044, 43.5783495], [0.206867, 43.5783038], [0.2062698, 43.5781891]]]}, "properties": {"kind": "prive_autorisation", "section": "A", "numero": "334", "contenance": 31130, "source": "cadastre.data.gouv.fr (PCI Vecteur Etalab) + BDTOPO_V3:foret_publique (IGN)"}}, {"type": "Feature", "geometry": {"type": "Polygon", "coordinates": [[[0.2072689, 43.5759671], [0.2072389, 43.5764858], [0.207222, 43.576769], [0.2071779, 43.577096], [0.2059678, 43.5771517], [0.2056661, 43.5771671], [0.2056921, 43.5760559], [0.2061144, 43.5760495], [0.2064191, 43.5760241], [0.2065659, 43.5759889], [0.2066693, 43.5759535], [0.2072689, 43.5759671]]]}, "properties": {"kind": "prive_autorisation", "section": "A", "numero": "535", "contenance": 15617, "source": "cadastre.data.gouv.fr (PCI Vecteur Etalab) + BDTOPO_V3:foret_publique (IGN)"}}, {"type": "Feature", "geometry": {"type": "Polygon", "coordinates": [[[0.2048623, 43.5749738], [0.2053821, 43.5749842], [0.2067586, 43.5750607], [0.2069906, 43.5750559], [0.2072304, 43.5750468], [0.2072004, 43.5753696], [0.2069183, 43.5753748], [0.2068703, 43.5753757], [0.2068317, 43.5752117], [0.206718, 43.5752073], [0.206682, 43.5754412], [0.2066711, 43.5754409], [0.2065752, 43.5754391], [0.2065731, 43.5754182], [0.2062932, 43.5754578], [0.2057513, 43.5755339], [0.2058073, 43.5759059], [0.2048463, 43.5759387], [0.2048355, 43.5758382], [0.2049863, 43.5756774], [0.2048623, 43.5749738]]]}, "properties": {"kind": "bati", "section": "A", "numero": "541", "contenance": 11950, "source": "cadastre.data.gouv.fr (PCI Vecteur Etalab) + BDTOPO_V3:foret_publique (IGN)"}}, {"type": "Feature", "geometry": {"type": "Polygon", "coordinates": [[[0.2034097, 43.5760497], [0.2034081, 43.5760408], [0.20485, 43.5759773], [0.2048588, 43.5760684], [0.2056921, 43.5760559], [0.2056661, 43.5771671], [0.203681, 43.5772753], [0.2036385, 43.5771768], [0.203512, 43.5767313], [0.2034255, 43.5761305], [0.2034097, 43.5760497]]]}, "properties": {"kind": "prive_autorisation", "section": "A", "numero": "538", "contenance": 23550, "source": "cadastre.data.gouv.fr (PCI Vecteur Etalab) + BDTOPO_V3:foret_publique (IGN)"}}, {"type": "Feature", "geometry": {"type": "Polygon", "coordinates": [[[0.1919041, 43.5789801], [0.1914478, 43.5794048], [0.1917359, 43.5794853], [0.1928057, 43.5797645], [0.1927619, 43.5799875], [0.1927068, 43.5800025], [0.1926379, 43.5800465], [0.192336, 43.5801066], [0.1922348, 43.5801443], [0.1919883, 43.5802328], [0.1917396, 43.5803179], [0.1915675, 43.5803211], [0.191231, 43.58033], [0.1910963, 43.5804341], [0.1908139, 43.5804333], [0.1906729, 43.5803858], [0.1906119, 43.580382], [0.1904535, 43.5803719], [0.1899342, 43.5802764], [0.1899655, 43.5802114], [0.1901152, 43.5799509], [0.1902532, 43.5797981], [0.1903559, 43.5797157], [0.1904737, 43.5795326], [0.1904947, 43.5794999], [0.1906484, 43.5793867], [0.1912296, 43.5789034], [0.1914403, 43.5787098], [0.1914777, 43.5787333], [0.1919041, 43.5789801]]]}, "properties": {"kind": "prive_autorisation", "section": "A", "numero": "455", "contenance": 20935, "source": "cadastre.data.gouv.fr (PCI Vecteur Etalab) + BDTOPO_V3:foret_publique (IGN)"}}, {"type": "Feature", "geometry": {"type": "Polygon", "coordinates": [[[0.1914777, 43.5787333], [0.1914403, 43.5787098], [0.1919838, 43.5782171], [0.1920148, 43.5781062], [0.1920359, 43.5780744], [0.1920615, 43.5780445], [0.1920801, 43.5780264], [0.1922258, 43.5780415], [0.1924708, 43.5779864], [0.1926983, 43.5778765], [0.1929722, 43.5777841], [0.1931261, 43.5777011], [0.1932001, 43.5776056], [0.193417, 43.5775271], [0.1935583, 43.5777346], [0.1930999, 43.5779127], [0.1930892, 43.577924], [0.1926772, 43.5781328], [0.1922853, 43.5783139], [0.1921698, 43.5783654], [0.1914777, 43.5787333]]]}, "properties": {"kind": "prive_autorisation", "section": "A", "numero": "452", "contenance": 4045, "source": "cadastre.data.gouv.fr (PCI Vecteur Etalab) + BDTOPO_V3:foret_publique (IGN)"}}, {"type": "Feature", "geometry": {"type": "Polygon", "coordinates": [[[0.1941047, 43.5780509], [0.1935583, 43.5777346], [0.193417, 43.5775271], [0.1935902, 43.5775217], [0.1937143, 43.5774508], [0.1939433, 43.5774452], [0.1941996, 43.5773683], [0.1947129, 43.5772871], [0.1950165, 43.5772661], [0.1951152, 43.5772709], [0.1957346, 43.5771357], [0.1957525, 43.5771282], [0.1958108, 43.5772546], [0.1957332, 43.577275], [0.1958682, 43.5775415], [0.1945195, 43.5779049], [0.1941047, 43.5780509]]]}, "properties": {"kind": "prive_autorisation", "section": "A", "numero": "439", "contenance": 10268, "source": "cadastre.data.gouv.fr (PCI Vecteur Etalab) + BDTOPO_V3:foret_publique (IGN)"}}, {"type": "Feature", "geometry": {"type": "Polygon", "coordinates": [[[0.1934323, 43.5808136], [0.1932695, 43.5808398], [0.193204, 43.5806347], [0.1938337, 43.5802843], [0.1938617, 43.5802537], [0.193999, 43.58004], [0.1940104, 43.5799602], [0.1932434, 43.5799187], [0.1931924, 43.5797048], [0.1940449, 43.5795084], [0.1943542, 43.5794724], [0.1951858, 43.5799871], [0.1958597, 43.5801733], [0.1960837, 43.5802592], [0.1956922, 43.5803055], [0.1956047, 43.5803548], [0.1955592, 43.5805513], [0.1945696, 43.5806672], [0.1941315, 43.5807031], [0.1934323, 43.5808136]]]}, "properties": {"kind": "prive_autorisation", "section": "A", "numero": "225", "contenance": 17260, "source": "cadastre.data.gouv.fr (PCI Vecteur Etalab) + BDTOPO_V3:foret_publique (IGN)"}}, {"type": "Feature", "geometry": {"type": "Polygon", "coordinates": [[[0.1926948, 43.5811884], [0.1926213, 43.5813015], [0.1925, 43.5812418], [0.1929529, 43.5806332], [0.1929671, 43.5805231], [0.1921913, 43.5809723], [0.192232, 43.5808957], [0.1926842, 43.5805454], [0.1926325, 43.5804597], [0.192514, 43.5805013], [0.1924515, 43.5803844], [0.1923896, 43.5802579], [0.1923327, 43.5801304], [0.1926619, 43.5800647], [0.1927282, 43.580023], [0.1927859, 43.5800044], [0.1928362, 43.5797816], [0.1929052, 43.5797667], [0.1929032, 43.5799293], [0.1930671, 43.5799241], [0.1931071, 43.5804664], [0.1928883, 43.580901], [0.1926948, 43.5811884]]]}, "properties": {"kind": "prive_autorisation", "section": "A", "numero": "221", "contenance": 4505, "source": "cadastre.data.gouv.fr (PCI Vecteur Etalab) + BDTOPO_V3:foret_publique (IGN)"}}, {"type": "Feature", "geometry": {"type": "Polygon", "coordinates": [[[0.200485, 43.5774473], [0.2004974, 43.577575], [0.2005448, 43.5776537], [0.2008943, 43.5779713], [0.2013419, 43.5783249], [0.2016015, 43.578532], [0.2017785, 43.5786139], [0.2019582, 43.5786927], [0.20217, 43.5787798], [0.2020557, 43.5788257], [0.201845, 43.5788975], [0.2017913, 43.5790382], [0.2017885, 43.5793858], [0.2017971, 43.5794633], [0.201359, 43.5793896], [0.2006213, 43.5793268], [0.2003689, 43.5793249], [0.2001998, 43.5789753], [0.2000333, 43.5784408], [0.1997175, 43.5777166], [0.1996396, 43.5774512], [0.1996714, 43.5773357], [0.1997894, 43.5773314], [0.2000032, 43.5773604], [0.2003022, 43.57743], [0.200485, 43.5774473]]]}, "properties": {"kind": "prive_autorisation", "section": "A", "numero": "512", "contenance": 23925, "source": "cadastre.data.gouv.fr (PCI Vecteur Etalab) + BDTOPO_V3:foret_publique (IGN)"}}, {"type": "Feature", "geometry": {"type": "Polygon", "coordinates": [[[0.1980172, 43.5779842], [0.1980597, 43.5780012], [0.1980994, 43.5780213], [0.1981359, 43.5780445], [0.1981679, 43.5780697], [0.1982024, 43.5781225], [0.1982759, 43.5782809], [0.1985918, 43.5791386], [0.1975841, 43.5793219], [0.196927, 43.5794393], [0.1968593, 43.5793428], [0.19684, 43.5792637], [0.19643, 43.5792749], [0.1962481, 43.5792569], [0.196239, 43.5792646], [0.1957144, 43.5788471], [0.1959678, 43.5787118], [0.196037, 43.5787678], [0.1963666, 43.5786575], [0.196977, 43.5783775], [0.1974092, 43.5783229], [0.1974987, 43.578268], [0.1978113, 43.578187], [0.1978104, 43.5781444], [0.1980172, 43.5779842]]]}, "properties": {"kind": "prive_autorisation", "section": "A", "numero": "508", "contenance": 20428, "source": "cadastre.data.gouv.fr (PCI Vecteur Etalab) + BDTOPO_V3:foret_publique (IGN)"}}, {"type": "Feature", "geometry": {"type": "Polygon", "coordinates": [[[0.201359, 43.5793896], [0.2017971, 43.5794633], [0.2018943, 43.5795576], [0.2020547, 43.5796471], [0.2022131, 43.5797307], [0.2025987, 43.5799448], [0.2026531, 43.5799711], [0.2025453, 43.5802742], [0.2033819, 43.5804726], [0.2033074, 43.5805272], [0.2031886, 43.5806841], [0.2030754, 43.5808506], [0.2030678, 43.5808719], [0.2020797, 43.5806524], [0.2011847, 43.5804459], [0.2011641, 43.5804412], [0.2008471, 43.5802649], [0.201359, 43.5793896]]]}, "properties": {"kind": "prive_autorisation", "section": "A", "numero": "471", "contenance": 16562, "source": "cadastre.data.gouv.fr (PCI Vecteur Etalab) + BDTOPO_V3:foret_publique (IGN)"}}, {"type": "Feature", "geometry": {"type": "Polygon", "coordinates": [[[0.1958108, 43.5772546], [0.1957525, 43.5771282], [0.1966519, 43.5767358], [0.1969428, 43.5767224], [0.1970017, 43.5767143], [0.1971683, 43.5766807], [0.1977821, 43.5766256], [0.1978746, 43.5766262], [0.1980317, 43.5765924], [0.198049, 43.5766308], [0.1980614, 43.5766703], [0.1980678, 43.5767026], [0.1980625, 43.5767835], [0.1980534, 43.5768125], [0.1977447, 43.5768034], [0.1974378, 43.5767905], [0.1972331, 43.5768555], [0.1970272, 43.5768797], [0.1970216, 43.5768562], [0.1967307, 43.5769004], [0.1959224, 43.5772254], [0.1958108, 43.5772546]]]}, "properties": {"kind": "prive_autorisation", "section": "A", "numero": "440", "contenance": 3423, "source": "cadastre.data.gouv.fr (PCI Vecteur Etalab) + BDTOPO_V3:foret_publique (IGN)"}}, {"type": "Feature", "geometry": {"type": "Polygon", "coordinates": [[[0.2023123, 43.5774103], [0.2024845, 43.5773716], [0.2033256, 43.577255], [0.2034099, 43.5772249], [0.2035455, 43.5772482], [0.203681, 43.5772753], [0.2056661, 43.5771671], [0.2059678, 43.5771517], [0.2059572, 43.5773412], [0.2054804, 43.5773541], [0.2054814, 43.5774664], [0.2053352, 43.5776732], [0.2052756, 43.5776728], [0.2048108, 43.5776702], [0.2039929, 43.5776573], [0.2039374, 43.577643], [0.2036912, 43.5776654], [0.2036583, 43.5776478], [0.2036558, 43.5776378], [0.2036866, 43.5775729], [0.2036789, 43.5775675], [0.2031157, 43.5776948], [0.2028786, 43.5777169], [0.2025652, 43.577746], [0.2019579, 43.5778785], [0.2018144, 43.5777452], [0.2016636, 43.5776116], [0.2022543, 43.5776084], [0.2022739, 43.5776093], [0.2023123, 43.5774103]]]}, "properties": {"kind": "prive_autorisation", "section": "A", "numero": "375", "contenance": 13784, "source": "cadastre.data.gouv.fr (PCI Vecteur Etalab) + BDTOPO_V3:foret_publique (IGN)"}}, {"type": "Feature", "geometry": {"type": "Polygon", "coordinates": [[[0.1999649, 43.5758384], [0.2006317, 43.5761399], [0.2011247, 43.5763624], [0.2014637, 43.5765639], [0.2009372, 43.5766648], [0.20077, 43.5766625], [0.2006074, 43.5766603], [0.2004472, 43.5766581], [0.2001737, 43.5766153], [0.2001679, 43.5766221], [0.199958, 43.5766296], [0.1997439, 43.5765828], [0.199225, 43.5765681], [0.1989857, 43.5765626], [0.1987923, 43.5765622], [0.1998104, 43.575964], [0.1999649, 43.5758384]]]}, "properties": {"kind": "prive_autorisation", "section": "A", "numero": "370", "contenance": 9830, "source": "cadastre.data.gouv.fr (PCI Vecteur Etalab) + BDTOPO_V3:foret_publique (IGN)"}}, {"type": "Feature", "geometry": {"type": "Polygon", "coordinates": [[[0.200485, 43.5774473], [0.2003022, 43.57743], [0.2000032, 43.5773604], [0.1997894, 43.5773314], [0.1996714, 43.5773357], [0.1996938, 43.5772474], [0.1998416, 43.5772559], [0.1999906, 43.5771888], [0.2000631, 43.5771133], [0.2007113, 43.5772886], [0.200874, 43.5773087], [0.2009003, 43.5772873], [0.2010801, 43.5772859], [0.2014522, 43.577417], [0.2015294, 43.5774775], [0.2015733, 43.5775272], [0.2016215, 43.5775747], [0.2016636, 43.5776116], [0.2018144, 43.5777452], [0.2019579, 43.5778785], [0.202251, 43.5780561], [0.2020646, 43.578208], [0.2017832, 43.5780604], [0.2015847, 43.5779171], [0.2011956, 43.5775786], [0.2009173, 43.5774945], [0.2008154, 43.5774808], [0.2006506, 43.5774622], [0.200485, 43.5774473]]]}, "properties": {"kind": "prive_autorisation", "section": "A", "numero": "262", "contenance": 5480, "source": "cadastre.data.gouv.fr (PCI Vecteur Etalab) + BDTOPO_V3:foret_publique (IGN)"}}, {"type": "Feature", "geometry": {"type": "Polygon", "coordinates": [[[0.2033571, 43.5792379], [0.2028244, 43.5791567], [0.2028567, 43.579113], [0.2021987, 43.5787893], [0.2021761, 43.5787773], [0.2019425, 43.5785713], [0.2016718, 43.5784202], [0.2013419, 43.5783249], [0.2008943, 43.5779713], [0.2005448, 43.5776537], [0.2004974, 43.577575], [0.200485, 43.5774473], [0.2006506, 43.5774622], [0.2008154, 43.5774808], [0.2009173, 43.5774945], [0.2011956, 43.5775786], [0.2015847, 43.5779171], [0.2017832, 43.5780604], [0.2020646, 43.578208], [0.2022225, 43.5783025], [0.2024444, 43.5784353], [0.2025432, 43.5784775], [0.2026444, 43.5785164], [0.2027482, 43.578552], [0.2028131, 43.5785721], [0.2032324, 43.5789689], [0.2032954, 43.5791494], [0.2033571, 43.5792379]]]}, "properties": {"kind": "prive_autorisation", "section": "A", "numero": "261", "contenance": 11505, "source": "cadastre.data.gouv.fr (PCI Vecteur Etalab) + BDTOPO_V3:foret_publique (IGN)"}}, {"type": "Feature", "geometry": {"type": "Polygon", "coordinates": [[[0.1999863, 43.5791386], [0.1999208, 43.5789799], [0.1997888, 43.5785366], [0.1997895, 43.5785142], [0.1994236, 43.5774294], [0.1994991, 43.5771911], [0.1995293, 43.5772078], [0.1995623, 43.5772212], [0.199587, 43.5772287], [0.1996938, 43.5772474], [0.1996714, 43.5773357], [0.1996396, 43.5774512], [0.1997175, 43.5777166], [0.2000333, 43.5784408], [0.2001998, 43.5789753], [0.2003689, 43.5793249], [0.2003249, 43.5793585], [0.2001549, 43.5794712], [0.2001248, 43.5794092], [0.200043, 43.5792762], [0.1999863, 43.5791386]]]}, "properties": {"kind": "prive_autorisation", "section": "A", "numero": "254", "contenance": 4843, "source": "cadastre.data.gouv.fr (PCI Vecteur Etalab) + BDTOPO_V3:foret_publique (IGN)"}}, {"type": "Feature", "geometry": {"type": "Polygon", "coordinates": [[[0.1999863, 43.5791386], [0.200043, 43.5792762], [0.2001248, 43.5794092], [0.2001549, 43.5794712], [0.2003249, 43.5793585], [0.2003689, 43.5793249], [0.2006213, 43.5793268], [0.201359, 43.5793896], [0.2008471, 43.5802649], [0.2004877, 43.5796415], [0.1991179, 43.5799941], [0.199058, 43.579891], [0.1989633, 43.5797333], [0.1987879, 43.5794137], [0.1999863, 43.5791386]]]}, "properties": {"kind": "prive_autorisation", "section": "A", "numero": "548", "contenance": 11651, "source": "cadastre.data.gouv.fr (PCI Vecteur Etalab) + BDTOPO_V3:foret_publique (IGN)"}}, {"type": "Feature", "geometry": {"type": "Polygon", "coordinates": [[[0.2057267, 43.5816421], [0.2055197, 43.5815241], [0.2053397, 43.5815022], [0.2051892, 43.581459], [0.2045398, 43.5812844], [0.2041752, 43.5813129], [0.2041452, 43.5816481], [0.2041272, 43.5818501], [0.2036892, 43.5817078], [0.2032908, 43.5815827], [0.2031045, 43.5814125], [0.2030897, 43.5813474], [0.203088, 43.5812405], [0.2031279, 43.5811035], [0.2031728, 43.5809675], [0.2032272, 43.5808213], [0.2033155, 43.5806999], [0.2034296, 43.5805825], [0.2035359, 43.580507], [0.2037567, 43.5803649], [0.2039499, 43.5802536], [0.2043905, 43.5800422], [0.2051543, 43.5805051], [0.2053164, 43.5805099], [0.2053062, 43.5807071], [0.2061755, 43.5808611], [0.2061052, 43.5809374], [0.2060423, 43.5810126], [0.2060195, 43.5812706], [0.2059817, 43.5813315], [0.2057267, 43.5816421]]]}, "properties": {"kind": "prive_autorisation", "section": "A", "numero": "509", "contenance": 27215, "source": "cadastre.data.gouv.fr (PCI Vecteur Etalab) + BDTOPO_V3:foret_publique (IGN)"}}, {"type": "Feature", "geometry": {"type": "Polygon", "coordinates": [[[0.2071937, 43.578657], [0.2075381, 43.5789264], [0.2067162, 43.5794276], [0.2068911, 43.579578], [0.2061821, 43.5796573], [0.206326, 43.5798393], [0.2058095, 43.5799619], [0.2054474, 43.57962], [0.2055027, 43.5796008], [0.2060402, 43.5794402], [0.2062982, 43.5793189], [0.2064774, 43.5792212], [0.2071937, 43.578657]]]}, "properties": {"kind": "prive_autorisation", "section": "A", "numero": "332", "contenance": 6959, "source": "cadastre.data.gouv.fr (PCI Vecteur Etalab) + BDTOPO_V3:foret_publique (IGN)"}}, {"type": "Feature", "geometry": {"type": "Polygon", "coordinates": [[[0.2043905, 43.5800422], [0.2045022, 43.5799898], [0.2049134, 43.579811], [0.2049962, 43.5797775], [0.2054474, 43.57962], [0.2058095, 43.5799619], [0.206326, 43.5798393], [0.2064463, 43.5799879], [0.2064812, 43.5800318], [0.2063023, 43.5800996], [0.2066382, 43.5804534], [0.2065238, 43.5805952], [0.2063727, 43.5806725], [0.2061755, 43.5808611], [0.2053062, 43.5807071], [0.2053164, 43.5805099], [0.2051543, 43.5805051], [0.2043905, 43.5800422]]]}, "properties": {"kind": "prive_autorisation", "section": "A", "numero": "331", "contenance": 13261, "source": "cadastre.data.gouv.fr (PCI Vecteur Etalab) + BDTOPO_V3:foret_publique (IGN)"}}, {"type": "Feature", "geometry": {"type": "Polygon", "coordinates": [[[0.2075381, 43.5789264], [0.207544, 43.578929], [0.2081654, 43.579705], [0.2082409, 43.5797738], [0.2083207, 43.5798402], [0.2084045, 43.5799043], [0.2081725, 43.5801086], [0.2080558, 43.5802114], [0.2075862, 43.5799615], [0.2074072, 43.5798912], [0.2069961, 43.5796648], [0.2068911, 43.579578], [0.2067162, 43.5794276], [0.2075381, 43.5789264]]]}, "properties": {"kind": "prive_autorisation", "section": "A", "numero": "328", "contenance": 8975, "source": "cadastre.data.gouv.fr (PCI Vecteur Etalab) + BDTOPO_V3:foret_publique (IGN)"}}, {"type": "Feature", "geometry": {"type": "Polygon", "coordinates": [[[0.1919773, 43.5823251], [0.1925588, 43.5824352], [0.19272, 43.5824662], [0.1925727, 43.5836491], [0.1922164, 43.5837706], [0.1919063, 43.5838152], [0.1917496, 43.5837289], [0.1918911, 43.5836446], [0.1920323, 43.5831155], [0.191561, 43.5831062], [0.1912822, 43.5830512], [0.1904075, 43.5830827], [0.1903994, 43.5830831], [0.1905728, 43.5827827], [0.1907584, 43.5824796], [0.1908554, 43.5824064], [0.1909561, 43.5823357], [0.1910643, 43.5822655], [0.1913257, 43.5822198], [0.1916188, 43.5822569], [0.1919773, 43.5823251]]]}, "properties": {"kind": "prive_autorisation", "section": "A", "numero": "203", "contenance": 18013, "source": "cadastre.data.gouv.fr (PCI Vecteur Etalab) + BDTOPO_V3:foret_publique (IGN)"}}, {"type": "Feature", "geometry": {"type": "Polygon", "coordinates": [[[0.1913257, 43.5822198], [0.1910643, 43.5822655], [0.1909561, 43.5823357], [0.1908554, 43.5824064], [0.1907584, 43.5824796], [0.1905728, 43.5827827], [0.1903994, 43.5830831], [0.1903283, 43.5830875], [0.189695, 43.5831352], [0.1896566, 43.5826443], [0.1897019, 43.58264], [0.1898507, 43.5824243], [0.1899538, 43.582449], [0.1902606, 43.5821432], [0.1906138, 43.5814661], [0.1906228, 43.5814557], [0.1907968, 43.5817769], [0.1911103, 43.5817856], [0.1913257, 43.5822198]]]}, "properties": {"kind": "prive_autorisation", "section": "A", "numero": "202", "contenance": 10915, "source": "cadastre.data.gouv.fr (PCI Vecteur Etalab) + BDTOPO_V3:foret_publique (IGN)"}}, {"type": "Feature", "geometry": {"type": "Polygon", "coordinates": [[[0.1921913, 43.5809723], [0.1921467, 43.5810563], [0.1921369, 43.581075], [0.1920038, 43.5812333], [0.1917902, 43.581195], [0.1916451, 43.5811808], [0.1909127, 43.5810946], [0.1905037, 43.5810463], [0.1904692, 43.5810456], [0.1903978, 43.5810443], [0.1900415, 43.5811629], [0.1894765, 43.5809714], [0.1897216, 43.5806678], [0.1900047, 43.5807337], [0.1902895, 43.5807961], [0.1904008, 43.5808193], [0.1917064, 43.5809315], [0.1916671, 43.5807694], [0.1919268, 43.5807038], [0.192514, 43.5805013], [0.1926325, 43.5804597], [0.1926842, 43.5805454], [0.192232, 43.5808957], [0.1921913, 43.5809723]]]}, "properties": {"kind": "prive_autorisation", "section": "A", "numero": "191", "contenance": 8333, "source": "cadastre.data.gouv.fr (PCI Vecteur Etalab) + BDTOPO_V3:foret_publique (IGN)"}}, {"type": "Feature", "geometry": {"type": "Polygon", "coordinates": [[[0.1904692, 43.5810456], [0.1900055, 43.5816252], [0.1901637, 43.58168], [0.1898327, 43.582002], [0.1896059, 43.5823658], [0.1893678, 43.5823098], [0.1895728, 43.5819206], [0.1892986, 43.5818272], [0.1895232, 43.581537], [0.1896749, 43.5815645], [0.1899791, 43.5811837], [0.1900415, 43.5811629], [0.1903978, 43.5810443], [0.1904692, 43.5810456]]]}, "properties": {"kind": "prive_autorisation", "section": "A", "numero": "189", "contenance": 4700, "source": "cadastre.data.gouv.fr (PCI Vecteur Etalab) + BDTOPO_V3:foret_publique (IGN)"}}, {"type": "Feature", "geometry": {"type": "Polygon", "coordinates": [[[0.1906228, 43.5814557], [0.1906138, 43.5814661], [0.1901186, 43.5820473], [0.1898507, 43.5824243], [0.1897019, 43.58264], [0.1896566, 43.5826443], [0.189695, 43.5831352], [0.1895864, 43.5831476], [0.1883637, 43.5832842], [0.1885145, 43.5829357], [0.1888849, 43.5822117], [0.1889, 43.5821218], [0.1890063, 43.5819062], [0.1890092, 43.5818448], [0.1892228, 43.5815059], [0.1892216, 43.5814775], [0.1895232, 43.581537], [0.1892986, 43.5818272], [0.1895728, 43.5819206], [0.1893678, 43.5823098], [0.1896059, 43.5823658], [0.1898327, 43.582002], [0.1901637, 43.58168], [0.1900055, 43.5816252], [0.1904692, 43.5810456], [0.1905037, 43.5810463], [0.1909127, 43.5810946], [0.1910601, 43.581504], [0.1906228, 43.5814557]]]}, "properties": {"kind": "prive_autorisation", "section": "A", "numero": "188", "contenance": 16745, "source": "cadastre.data.gouv.fr (PCI Vecteur Etalab) + BDTOPO_V3:foret_publique (IGN)"}}, {"type": "Feature", "geometry": {"type": "Polygon", "coordinates": [[[0.1904075, 43.5830827], [0.1912822, 43.5830512], [0.191561, 43.5831062], [0.1920323, 43.5831155], [0.1918911, 43.5836446], [0.1917496, 43.5837289], [0.1919063, 43.5838152], [0.1918552, 43.5838213], [0.1914119, 43.5840904], [0.1912053, 43.5842416], [0.1910828, 43.5843687], [0.1909596, 43.5844495], [0.1900747, 43.5838641], [0.1906477, 43.5836346], [0.1906766, 43.5836225], [0.1904075, 43.5830827]]]}, "properties": {"kind": "prive_autorisation", "section": "A", "numero": "183", "contenance": 14275, "source": "cadastre.data.gouv.fr (PCI Vecteur Etalab) + BDTOPO_V3:foret_publique (IGN)"}}, {"type": "Feature", "geometry": {"type": "Polygon", "coordinates": [[[0.1980952, 43.5797708], [0.1987558, 43.5795607], [0.1987609, 43.5795723], [0.1988412, 43.5797129], [0.1989262, 43.5798519], [0.1989648, 43.5799119], [0.1990573, 43.5800245], [0.1993789, 43.5803608], [0.1995605, 43.5805286], [0.1995238, 43.5805248], [0.1994219, 43.5805151], [0.1993356, 43.5805117], [0.1993043, 43.5805107], [0.1981127, 43.5805444], [0.1978155, 43.5804304], [0.1975474, 43.5803321], [0.1972768, 43.5802373], [0.1969195, 43.5802247], [0.196604, 43.5802386], [0.196943, 43.5801195], [0.1972603, 43.5800335], [0.1976711, 43.5799004], [0.1980952, 43.5797708]]]}, "properties": {"kind": "prive_autorisation", "section": "A", "numero": "526", "contenance": 12450, "source": "cadastre.data.gouv.fr (PCI Vecteur Etalab) + BDTOPO_V3:foret_publique (IGN)"}}, {"type": "Feature", "geometry": {"type": "Polygon", "coordinates": [[[0.198028, 43.5815553], [0.1983005, 43.5808809], [0.1989112, 43.5808884], [0.1989597, 43.5807727], [0.1995069, 43.5808885], [0.1996386, 43.5809444], [0.1997726, 43.580997], [0.1999343, 43.5810548], [0.2002801, 43.5811496], [0.2004106, 43.5811892], [0.2003062, 43.5813821], [0.2002367, 43.5813646], [0.2001548, 43.5814747], [0.2000454, 43.5816219], [0.1999029, 43.5817947], [0.1989936, 43.5816534], [0.1986972, 43.5816667], [0.1984811, 43.5816883], [0.198219, 43.5817109], [0.1979565, 43.5817298], [0.198028, 43.5815553]]]}, "properties": {"kind": "prive_autorisation", "section": "A", "numero": "546", "contenance": 14733, "source": "cadastre.data.gouv.fr (PCI Vecteur Etalab) + BDTOPO_V3:foret_publique (IGN)"}}, {"type": "Feature", "geometry": {"type": "Polygon", "coordinates": [[[0.199538, 43.5822402], [0.1999029, 43.5817947], [0.2000454, 43.5816219], [0.2001548, 43.5814747], [0.2002482, 43.5814949], [0.2005098, 43.5815513], [0.2007861, 43.5815539], [0.2008237, 43.5815101], [0.2012694, 43.5815869], [0.2013858, 43.5814449], [0.2020233, 43.5817056], [0.2020347, 43.5817191], [0.2020423, 43.5817516], [0.2013914, 43.5819804], [0.2009378, 43.5819405], [0.2009309, 43.5818881], [0.2008239, 43.5818712], [0.2007478, 43.5818956], [0.2005232, 43.5819147], [0.2003497, 43.5822064], [0.199538, 43.5822402]]]}, "properties": {"kind": "bati", "section": "A", "numero": "532", "contenance": 8895, "source": "cadastre.data.gouv.fr (PCI Vecteur Etalab) + BDTOPO_V3:foret_publique (IGN)"}}, {"type": "Feature", "geometry": {"type": "Polygon", "coordinates": [[[0.2042612, 43.5831017], [0.2034764, 43.5831642], [0.2035103, 43.5827955], [0.2035098, 43.5824498], [0.2034948, 43.5823311], [0.2034433, 43.5821777], [0.2033449, 43.5819207], [0.2032596, 43.5816828], [0.203285, 43.5816354], [0.2033374, 43.5816325], [0.2037149, 43.5817511], [0.2042043, 43.5819119], [0.2053548, 43.5822089], [0.2054104, 43.5822283], [0.2054992, 43.5822208], [0.2056633, 43.5821475], [0.2059729, 43.5825035], [0.2060364, 43.5825006], [0.2061697, 43.5826356], [0.206209, 43.5826433], [0.2065516, 43.5829141], [0.2057871, 43.5829793], [0.2052031, 43.5830254], [0.2045505, 43.5830778], [0.2042612, 43.5831017]]]}, "properties": {"kind": "prive_autorisation", "section": "A", "numero": "507", "contenance": 24562, "source": "cadastre.data.gouv.fr (PCI Vecteur Etalab) + BDTOPO_V3:foret_publique (IGN)"}}, {"type": "Feature", "geometry": {"type": "Polygon", "coordinates": [[[0.2067301, 43.5821608], [0.2067119, 43.5821375], [0.2064897, 43.5819327], [0.2064767, 43.5818314], [0.2064115, 43.5817278], [0.2061735, 43.5816021], [0.2070698, 43.5808162], [0.2071827, 43.5807188], [0.2074224, 43.580545], [0.2075171, 43.5806915], [0.2075634, 43.5810039], [0.2070956, 43.5814002], [0.2074318, 43.5815315], [0.2067301, 43.5821608]]]}, "properties": {"kind": "prive_autorisation", "section": "A", "numero": "280", "contenance": 8727, "source": "cadastre.data.gouv.fr (PCI Vecteur Etalab) + BDTOPO_V3:foret_publique (IGN)"}}, {"type": "Feature", "geometry": {"type": "Polygon", "coordinates": [[[0.2097988, 43.5833564], [0.2107405, 43.5829156], [0.2104227, 43.5825109], [0.2114923, 43.5819765], [0.2115804, 43.5821017], [0.2116638, 43.5822286], [0.2117383, 43.5823498], [0.2118738, 43.5825231], [0.212261, 43.5828102], [0.2113939, 43.5832901], [0.2111338, 43.5834251], [0.2105846, 43.583653], [0.2101854, 43.5838368], [0.2100515, 43.5836972], [0.2097988, 43.5833564]]]}, "properties": {"kind": "prive_autorisation", "section": "A", "numero": "322", "contenance": 17880, "source": "cadastre.data.gouv.fr (PCI Vecteur Etalab) + BDTOPO_V3:foret_publique (IGN)"}}, {"type": "Feature", "geometry": {"type": "Polygon", "coordinates": [[[0.2127259, 43.5854918], [0.2123691, 43.5850574], [0.2128137, 43.5846008], [0.2129756, 43.5844268], [0.2124044, 43.5840435], [0.2125719, 43.583773], [0.21323, 43.5833965], [0.2136521, 43.5836429], [0.2140772, 43.5838863], [0.2145057, 43.5841268], [0.2148543, 43.5843189], [0.2136168, 43.5850542], [0.2127259, 43.5854918]]]}, "properties": {"kind": "prive_autorisation", "section": "A", "numero": "310", "contenance": 24070, "source": "cadastre.data.gouv.fr (PCI Vecteur Etalab) + BDTOPO_V3:foret_publique (IGN)"}}, {"type": "Feature", "geometry": {"type": "Polygon", "coordinates": [[[0.2127259, 43.5854918], [0.2136168, 43.5850542], [0.2148543, 43.5843189], [0.2154557, 43.5846411], [0.2148988, 43.5849829], [0.2143383, 43.5853214], [0.2137745, 43.5856572], [0.213524, 43.5858048], [0.2120119, 43.5865807], [0.2117816, 43.5861029], [0.2116817, 43.5860644], [0.2121948, 43.5857393], [0.2127259, 43.5854918]]]}, "properties": {"kind": "prive_autorisation", "section": "A", "numero": "309", "contenance": 21930, "source": "cadastre.data.gouv.fr (PCI Vecteur Etalab) + BDTOPO_V3:foret_publique (IGN)"}}, {"type": "Feature", "geometry": {"type": "Polygon", "coordinates": [[[0.2097988, 43.5833564], [0.2100515, 43.5836972], [0.2094496, 43.5840786], [0.2090312, 43.5844458], [0.2086556, 43.5841763], [0.2092072, 43.5836459], [0.2093331, 43.5834502], [0.2093632, 43.5834089], [0.2096291, 43.5831348], [0.2097988, 43.5833564]]]}, "properties": {"kind": "prive_autorisation", "section": "A", "numero": "299", "contenance": 6597, "source": "cadastre.data.gouv.fr (PCI Vecteur Etalab) + BDTOPO_V3:foret_publique (IGN)"}}, {"type": "Feature", "geometry": {"type": "Polygon", "coordinates": [[[0.2079075, 43.5841827], [0.2078488, 43.5841956], [0.2078155, 43.5841463], [0.2077146, 43.5839477], [0.2076451, 43.5838947], [0.2076628, 43.5837687], [0.2076207, 43.5836958], [0.2076038, 43.5835843], [0.2075486, 43.583512], [0.2074262, 43.5833169], [0.2072973, 43.5831788], [0.2070758, 43.5829404], [0.2070049, 43.5828758], [0.2068649, 43.5827526], [0.2068171, 43.5827267], [0.2066452, 43.5825586], [0.2069104, 43.5823253], [0.2070522, 43.5824527], [0.2079459, 43.5834112], [0.2079075, 43.5841827]]]}, "properties": {"kind": "prive_autorisation", "section": "A", "numero": "296", "contenance": 5932, "source": "cadastre.data.gouv.fr (PCI Vecteur Etalab) + BDTOPO_V3:foret_publique (IGN)"}}, {"type": "Feature", "geometry": {"type": "Polygon", "coordinates": [[[0.1886421, 43.5840347], [0.1891091, 43.5841017], [0.1895685, 43.5840293], [0.1895822, 43.5840444], [0.1896367, 43.5843458], [0.1896979, 43.5845709], [0.1897074, 43.5847452], [0.1899385, 43.5850483], [0.1893935, 43.5852688], [0.188832, 43.5854807], [0.188269, 43.585689], [0.1882381, 43.5856614], [0.187859, 43.5852439], [0.1879355, 43.5851385], [0.1880134, 43.5850387], [0.1880854, 43.584824], [0.188072, 43.5846455], [0.1881674, 43.584446], [0.1882105, 43.5843272], [0.1882486, 43.5841745], [0.1882921, 43.5840226], [0.1883228, 43.5839249], [0.1886421, 43.5840347]]]}, "properties": {"kind": "prive_autorisation", "section": "A", "numero": "181", "contenance": 20272, "source": "cadastre.data.gouv.fr (PCI Vecteur Etalab) + BDTOPO_V3:foret_publique (IGN)"}}, {"type": "Feature", "geometry": {"type": "Polygon", "coordinates": [[[0.2127259, 43.5854918], [0.2121948, 43.5857393], [0.211979, 43.585503], [0.2116099, 43.5851137], [0.2114946, 43.5850858], [0.2113794, 43.5852205], [0.2112783, 43.5853308], [0.2109926, 43.5856082], [0.2108966, 43.5856345], [0.2108127, 43.585637], [0.2107807, 43.5855795], [0.210813, 43.5854738], [0.2110928, 43.5852035], [0.2114201, 43.5848853], [0.2113611, 43.5847181], [0.21127, 43.5845688], [0.2113071, 43.5845401], [0.2116626, 43.5842162], [0.2118126, 43.5844072], [0.2119132, 43.5844129], [0.2121061, 43.5844917], [0.2119697, 43.5846636], [0.212066, 43.5846913], [0.2123691, 43.5850574], [0.2127259, 43.5854918]]]}, "properties": {"kind": "prive_autorisation", "section": "A", "numero": "313", "contenance": 10160, "source": "cadastre.data.gouv.fr (PCI Vecteur Etalab) + BDTOPO_V3:foret_publique (IGN)"}}, {"type": "Feature", "geometry": {"type": "Polygon", "coordinates": [[[0.2101563, 43.5845645], [0.2106973, 43.5849344], [0.2096592, 43.5857604], [0.209516, 43.585873], [0.2095021, 43.5858616], [0.209456, 43.5858058], [0.2093693, 43.5855431], [0.2092032, 43.5854542], [0.2092038, 43.585437], [0.2092596, 43.5853839], [0.2101563, 43.5845645]]]}, "properties": {"kind": "prive_autorisation", "section": "A", "numero": "301", "contenance": 6960, "source": "cadastre.data.gouv.fr (PCI Vecteur Etalab) + BDTOPO_V3:foret_publique (IGN)"}}, {"type": "Feature", "geometry": {"type": "Polygon", "coordinates": [[[0.2094496, 43.5840786], [0.2101563, 43.5845645], [0.2092596, 43.5853839], [0.2092526, 43.5853613], [0.2090576, 43.5851943], [0.2089052, 43.5850688], [0.2091401, 43.5850168], [0.2091811, 43.5849769], [0.2092238, 43.584741], [0.2091902, 43.5846605], [0.2089885, 43.5844806], [0.2090312, 43.5844458], [0.2094496, 43.5840786]]]}, "properties": {"kind": "prive_autorisation", "section": "A", "numero": "300", "contenance": 7054, "source": "cadastre.data.gouv.fr (PCI Vecteur Etalab) + BDTOPO_V3:foret_publique (IGN)"}}, {"type": "Feature", "geometry": {"type": "Polygon", "coordinates": [[[0.1986553, 43.5742001], [0.1992466, 43.5739653], [0.1997499, 43.5737685], [0.2001718, 43.5741619], [0.2004942, 43.5743904], [0.1999523, 43.5748027], [0.1998689, 43.5747627], [0.1995433, 43.5746074], [0.1990976, 43.5743988], [0.1986553, 43.5742001]]]}, "properties": {"kind": "prive_autorisation", "section": "A", "numero": "358", "contenance": 8342, "source": "cadastre.data.gouv.fr (PCI Vecteur Etalab) + BDTOPO_V3:foret_publique (IGN)"}}, {"type": "Feature", "geometry": {"type": "Polygon", "coordinates": [[[0.2038727, 43.5723751], [0.203796, 43.5723736], [0.2033901, 43.5723852], [0.2033646, 43.5723888], [0.2029672, 43.5724707], [0.2029003, 43.5723228], [0.2030665, 43.5722596], [0.203209, 43.5722236], [0.2033317, 43.572197], [0.2034011, 43.5723261], [0.2038779, 43.5723609], [0.2038727, 43.5723751]]]}, "properties": {"kind": "prive_autorisation", "section": "A", "numero": "519", "contenance": 942, "source": "cadastre.data.gouv.fr (PCI Vecteur Etalab) + BDTOPO_V3:foret_publique (IGN)"}}, {"type": "Feature", "geometry": {"type": "Polygon", "coordinates": [[[0.2021903, 43.5738884], [0.2024292, 43.5737121], [0.2029867, 43.5732312], [0.2035494, 43.5731412], [0.2036463, 43.5733229], [0.2032666, 43.5734582], [0.2024757, 43.5741409], [0.2021903, 43.5738884]]]}, "properties": {"kind": "prive_autorisation", "section": "A", "numero": "363", "contenance": 4356, "source": "cadastre.data.gouv.fr (PCI Vecteur Etalab) + BDTOPO_V3:foret_publique (IGN)"}}, {"type": "Feature", "geometry": {"type": "Polygon", "coordinates": [[[0.2021903, 43.5738884], [0.2018788, 43.5741232], [0.2017068, 43.5741992], [0.2015834, 43.5741244], [0.2016563, 43.574074], [0.2022803, 43.5736378], [0.2023204, 43.5736071], [0.2026339, 43.5733413], [0.2028521, 43.5732108], [0.2029867, 43.5732312], [0.2024292, 43.5737121], [0.2021903, 43.5738884]]]}, "properties": {"kind": "prive_autorisation", "section": "A", "numero": "362", "contenance": 2100, "source": "cadastre.data.gouv.fr (PCI Vecteur Etalab) + BDTOPO_V3:foret_publique (IGN)"}}, {"type": "Feature", "geometry": {"type": "Polygon", "coordinates": [[[0.2029203, 43.5725637], [0.2026068, 43.5726811], [0.2024504, 43.5725229], [0.202574, 43.5724624], [0.2027049, 43.5724027], [0.2028387, 43.5723461], [0.2028962, 43.5725297], [0.2029203, 43.5725637]]]}, "properties": {"kind": "prive_autorisation", "section": "A", "numero": "355", "contenance": 710, "source": "cadastre.data.gouv.fr (PCI Vecteur Etalab) + BDTOPO_V3:foret_publique (IGN)"}}, {"type": "Feature", "geometry": {"type": "Polygon", "coordinates": [[[0.2035494, 43.5731412], [0.2043284, 43.5729341], [0.2042966, 43.5727706], [0.2047487, 43.572832], [0.2047775, 43.5727878], [0.2052059, 43.5733322], [0.2047477, 43.5734437], [0.2041613, 43.5735739], [0.2040248, 43.5732718], [0.2036463, 43.5733229], [0.2035494, 43.5731412]]]}, "properties": {"kind": "prive_autorisation", "section": "A", "numero": "350", "contenance": 6249, "source": "cadastre.data.gouv.fr (PCI Vecteur Etalab) + BDTOPO_V3:foret_publique (IGN)"}}, {"type": "Feature", "geometry": {"type": "Polygon", "coordinates": [[[0.2029203, 43.5725637], [0.2028962, 43.5725297], [0.2028387, 43.5723461], [0.2029003, 43.5723228], [0.2029672, 43.5724707], [0.2033646, 43.5723888], [0.2033882, 43.5726577], [0.2029997, 43.5726756], [0.2029203, 43.5725637]]]}, "properties": {"kind": "prive_autorisation", "section": "A", "numero": "518", "contenance": 981, "source": "cadastre.data.gouv.fr (PCI Vecteur Etalab) + BDTOPO_V3:foret_publique (IGN)"}}, {"type": "Feature", "geometry": {"type": "Polygon", "coordinates": [[[0.2037404, 43.5726944], [0.2034507, 43.5726548], [0.2033882, 43.5726577], [0.2033646, 43.5723888], [0.2033901, 43.5723852], [0.203796, 43.5723736], [0.2038727, 43.5723751], [0.2037404, 43.5726944]]]}, "properties": {"kind": "prive_autorisation", "section": "A", "numero": "516", "contenance": 1115, "source": "cadastre.data.gouv.fr (PCI Vecteur Etalab) + BDTOPO_V3:foret_publique (IGN)"}}, {"type": "Feature", "geometry": {"type": "Polygon", "coordinates": [[[0.2042966, 43.5727706], [0.2037404, 43.5726944], [0.2038727, 43.5723751], [0.2042172, 43.5724109], [0.2043021, 43.5721811], [0.2046189, 43.5722333], [0.2048666, 43.572286], [0.2050604, 43.5723575], [0.2047775, 43.5727878], [0.2047487, 43.572832], [0.2042966, 43.5727706]]]}, "properties": {"kind": "prive_autorisation", "section": "A", "numero": "514", "contenance": 4668, "source": "cadastre.data.gouv.fr (PCI Vecteur Etalab) + BDTOPO_V3:foret_publique (IGN)"}}, {"type": "Feature", "geometry": {"type": "Polygon", "coordinates": [[[0.2038727, 43.5723751], [0.2038779, 43.5723609], [0.2034011, 43.5723261], [0.2033317, 43.572197], [0.203566, 43.5721549], [0.2037023, 43.5721471], [0.2039572, 43.5721484], [0.2041679, 43.5721622], [0.2043021, 43.5721811], [0.2042172, 43.5724109], [0.2038727, 43.5723751]]]}, "properties": {"kind": "prive_autorisation", "section": "A", "numero": "513", "contenance": 1645, "source": "cadastre.data.gouv.fr (PCI Vecteur Etalab) + BDTOPO_V3:foret_publique (IGN)"}}, {"type": "Feature", "geometry": {"type": "Polygon", "coordinates": [[[0.2059144, 43.5727969], [0.2053071, 43.5734562], [0.2052167, 43.5733453], [0.2057924, 43.572727], [0.2059144, 43.5727969]]]}, "properties": {"kind": "prive_autorisation", "section": "A", "numero": "503", "contenance": 1002, "source": "cadastre.data.gouv.fr (PCI Vecteur Etalab) + BDTOPO_V3:foret_publique (IGN)"}}, {"type": "Feature", "geometry": {"type": "Polygon", "coordinates": [[[0.2052167, 43.5733453], [0.2052059, 43.5733322], [0.2047775, 43.5727878], [0.2050604, 43.5723575], [0.2056137, 43.5726279], [0.2057924, 43.572727], [0.2052167, 43.5733453]]]}, "properties": {"kind": "prive_autorisation", "section": "A", "numero": "502", "contenance": 4700, "source": "cadastre.data.gouv.fr (PCI Vecteur Etalab) + BDTOPO_V3:foret_publique (IGN)"}}, {"type": "Feature", "geometry": {"type": "Polygon", "coordinates": [[[0.2064851, 43.5738788], [0.2074987, 43.5736879], [0.2075786, 43.5737267], [0.2076061, 43.5739273], [0.2076503, 43.57434], [0.2066992, 43.5744864], [0.2066677, 43.5743041], [0.2065988, 43.5741658], [0.2064851, 43.5738788]]]}, "properties": {"kind": "prive_autorisation", "section": "A", "numero": "476", "contenance": 5936, "source": "cadastre.data.gouv.fr (PCI Vecteur Etalab) + BDTOPO_V3:foret_publique (IGN)"}}, {"type": "Feature", "geometry": {"type": "Polygon", "coordinates": [[[0.2049887, 43.5739413], [0.2043796, 43.5740548], [0.2041613, 43.5735739], [0.2047477, 43.5734437], [0.2049887, 43.5739413]]]}, "properties": {"kind": "prive_autorisation", "section": "A", "numero": "349", "contenance": 2833, "source": "cadastre.data.gouv.fr (PCI Vecteur Etalab) + BDTOPO_V3:foret_publique (IGN)"}}, {"type": "Feature", "geometry": {"type": "Polygon", "coordinates": [[[0.2071777, 43.5735124], [0.2071376, 43.5735472], [0.206969, 43.5735], [0.2069584, 43.5734972], [0.2069172, 43.5734844], [0.2068784, 43.5734683], [0.2068623, 43.5734795], [0.2064171, 43.5732557], [0.2065086, 43.5731358], [0.2070358, 43.5734331], [0.2071777, 43.5735124]]]}, "properties": {"kind": "prive_autorisation", "section": "A", "numero": "345", "contenance": 815, "source": "cadastre.data.gouv.fr (PCI Vecteur Etalab) + BDTOPO_V3:foret_publique (IGN)"}}, {"type": "Feature", "geometry": {"type": "Polygon", "coordinates": [[[0.1937002, 43.575593], [0.193748, 43.5756895], [0.1927702, 43.5757319], [0.1927165, 43.5757492], [0.1926926, 43.5757781], [0.1926478, 43.5760384], [0.1927907, 43.5763746], [0.1928426, 43.5764108], [0.1924472, 43.5765775], [0.1922635, 43.5761867], [0.1920524, 43.5761396], [0.1919565, 43.5761182], [0.1921939, 43.575716], [0.1922852, 43.5757326], [0.1923809, 43.5756886], [0.1925059, 43.5756254], [0.1925387, 43.5756188], [0.192586, 43.5756093], [0.1927346, 43.575565], [0.1929476, 43.575517], [0.1929847, 43.5755087], [0.1931674, 43.5755604], [0.1935706, 43.5755702], [0.1936373, 43.575582], [0.1937002, 43.575593]]]}, "properties": {"kind": "prive_autorisation", "section": "A", "numero": "428", "contenance": 5742, "source": "cadastre.data.gouv.fr (PCI Vecteur Etalab) + BDTOPO_V3:foret_publique (IGN)"}}, {"type": "Feature", "geometry": {"type": "Polygon", "coordinates": [[[0.194383, 43.5758311], [0.1944398, 43.575796], [0.1950957, 43.5755313], [0.1951564, 43.5757107], [0.1952584, 43.5760127], [0.1952414, 43.5760141], [0.195083, 43.5760824], [0.1949946, 43.5761203], [0.1940263, 43.5762465], [0.1940426, 43.576359], [0.1940597, 43.5764663], [0.1932739, 43.5765891], [0.1932519, 43.5762619], [0.1939032, 43.5760218], [0.1943289, 43.5758645], [0.194383, 43.5758311]]]}, "properties": {"kind": "prive_autorisation", "section": "A", "numero": "425", "contenance": 7300, "source": "cadastre.data.gouv.fr (PCI Vecteur Etalab) + BDTOPO_V3:foret_publique (IGN)"}}, {"type": "Feature", "geometry": {"type": "Polygon", "coordinates": [[[0.1956099, 43.5743448], [0.1954758, 43.5745666], [0.1952511, 43.5746205], [0.194828, 43.5747963], [0.1940645, 43.5750199], [0.1940633, 43.5749605], [0.194041, 43.5748573], [0.1940541, 43.5747637], [0.1940744, 43.5746197], [0.1941274, 43.5744424], [0.1941924, 43.574331], [0.1943236, 43.5741709], [0.1945247, 43.5739259], [0.1948977, 43.5740724], [0.1953049, 43.5742394], [0.1953884, 43.5742713], [0.1956099, 43.5743448]]]}, "properties": {"kind": "prive_autorisation", "section": "A", "numero": "413", "contenance": 8510, "source": "cadastre.data.gouv.fr (PCI Vecteur Etalab) + BDTOPO_V3:foret_publique (IGN)"}}, {"type": "Feature", "geometry": {"type": "Polygon", "coordinates": [[[0.1967549, 43.5747613], [0.1967408, 43.5747615], [0.196005, 43.5747718], [0.1959921, 43.574424], [0.1960011, 43.574411], [0.196509, 43.5744805], [0.1968045, 43.5745057], [0.1967549, 43.5747613]]]}, "properties": {"kind": "prive_autorisation", "section": "A", "numero": "412", "contenance": 2273, "source": "cadastre.data.gouv.fr (PCI Vecteur Etalab) + BDTOPO_V3:foret_publique (IGN)"}}, {"type": "Feature", "geometry": {"type": "Polygon", "coordinates": [[[0.196005, 43.5747718], [0.1967408, 43.5747615], [0.1969003, 43.5749111], [0.1961493, 43.5751376], [0.1960537, 43.575159], [0.1960355, 43.5751158], [0.196005, 43.5747718]]]}, "properties": {"kind": "prive_autorisation", "section": "A", "numero": "409", "contenance": 2050, "source": "cadastre.data.gouv.fr (PCI Vecteur Etalab) + BDTOPO_V3:foret_publique (IGN)"}}, {"type": "Feature", "geometry": {"type": "Polygon", "coordinates": [[[0.1969003, 43.5749111], [0.197111, 43.5751087], [0.1969526, 43.5753486], [0.1964824, 43.575475], [0.196258, 43.5753698], [0.1961493, 43.5751376], [0.1969003, 43.5749111]]]}, "properties": {"kind": "prive_autorisation", "section": "A", "numero": "407", "contenance": 2943, "source": "cadastre.data.gouv.fr (PCI Vecteur Etalab) + BDTOPO_V3:foret_publique (IGN)"}}, {"type": "Feature", "geometry": {"type": "Polygon", "coordinates": [[[0.1967549, 43.5747613], [0.1968045, 43.5745057], [0.196963, 43.5745069], [0.1973052, 43.5744968], [0.1976203, 43.5744593], [0.197817, 43.5744246], [0.1977794, 43.5746979], [0.1967549, 43.5747613]]]}, "properties": {"kind": "prive_autorisation", "section": "A", "numero": "411", "contenance": 2560, "source": "cadastre.data.gouv.fr (PCI Vecteur Etalab) + BDTOPO_V3:foret_publique (IGN)"}}, {"type": "Feature", "geometry": {"type": "Polygon", "coordinates": [[[0.1971318, 43.5750832], [0.197111, 43.5751087], [0.1969003, 43.5749111], [0.1967408, 43.5747615], [0.1967549, 43.5747613], [0.1977794, 43.5746979], [0.1977568, 43.5748805], [0.19773, 43.5750802], [0.1971318, 43.5750832]]]}, "properties": {"kind": "prive_autorisation", "section": "A", "numero": "410", "contenance": 2670, "source": "cadastre.data.gouv.fr (PCI Vecteur Etalab) + BDTOPO_V3:foret_publique (IGN)"}}, {"type": "Feature", "geometry": {"type": "Polygon", "coordinates": [[[0.1973074, 43.5755315], [0.1972809, 43.5755229], [0.1972469, 43.5755155], [0.1972116, 43.575512], [0.197176, 43.575512], [0.1967476, 43.5755496], [0.1966832, 43.5755387], [0.196933, 43.5753649], [0.1969526, 43.5753486], [0.197111, 43.5751087], [0.1971318, 43.5750832], [0.1973405, 43.575494], [0.1973074, 43.5755315]]]}, "properties": {"kind": "prive_autorisation", "section": "A", "numero": "405", "contenance": 1100, "source": "cadastre.data.gouv.fr (PCI Vecteur Etalab) + BDTOPO_V3:foret_publique (IGN)"}}, {"type": "Feature", "geometry": {"type": "Polygon", "coordinates": [[[0.19773, 43.5750802], [0.1977568, 43.5748805], [0.1983432, 43.5748081], [0.1985639, 43.575813], [0.1979964, 43.5758658], [0.19773, 43.5750802]]]}, "properties": {"kind": "prive_autorisation", "section": "A", "numero": "403", "contenance": 5540, "source": "cadastre.data.gouv.fr (PCI Vecteur Etalab) + BDTOPO_V3:foret_publique (IGN)"}}, {"type": "Feature", "geometry": {"type": "Polygon", "coordinates": [[[0.1983432, 43.5748081], [0.1977568, 43.5748805], [0.1977794, 43.5746979], [0.197817, 43.5744246], [0.1982583, 43.5743266], [0.1984016, 43.5747243], [0.1983329, 43.574739], [0.1983432, 43.5748081]]]}, "properties": {"kind": "prive_autorisation", "section": "A", "numero": "402", "contenance": 2330, "source": "cadastre.data.gouv.fr (PCI Vecteur Etalab) + BDTOPO_V3:foret_publique (IGN)"}}, {"type": "Feature", "geometry": {"type": "Polygon", "coordinates": [[[0.1998689, 43.5747627], [0.1999523, 43.5748027], [0.2004729, 43.5750556], [0.2004825, 43.5750601], [0.2004718, 43.5750623], [0.1999746, 43.5755553], [0.1999252, 43.5756155], [0.1993594, 43.5751525], [0.1998689, 43.5747627]]]}, "properties": {"kind": "prive_autorisation", "section": "A", "numero": "400", "contenance": 4306, "source": "cadastre.data.gouv.fr (PCI Vecteur Etalab) + BDTOPO_V3:foret_publique (IGN)"}}, {"type": "Feature", "geometry": {"type": "Polygon", "coordinates": [[[0.1992437, 43.5752488], [0.1999252, 43.5756155], [0.1998356, 43.5757251], [0.1994288, 43.5759316], [0.1989463, 43.5754965], [0.1992437, 43.5752488]]]}, "properties": {"kind": "prive_autorisation", "section": "A", "numero": "398", "contenance": 3040, "source": "cadastre.data.gouv.fr (PCI Vecteur Etalab) + BDTOPO_V3:foret_publique (IGN)"}}, {"type": "Feature", "geometry": {"type": "Polygon", "coordinates": [[[0.2018345, 43.5756306], [0.203325, 43.5755463], [0.2033627, 43.5757232], [0.2034067, 43.5760099], [0.2034081, 43.5760408], [0.2034097, 43.5760497], [0.2033443, 43.5760736], [0.2031582, 43.5761442], [0.2029745, 43.5762182], [0.2025144, 43.5763241], [0.202376, 43.5763652], [0.202227, 43.5764141], [0.2021299, 43.5764093], [0.2020472, 43.5764302], [0.2019074, 43.5764686], [0.2017693, 43.5765106], [0.2017857, 43.5762631], [0.2018073, 43.5759436], [0.2018345, 43.5756306]]]}, "properties": {"kind": "prive_autorisation", "section": "A", "numero": "373", "contenance": 10250, "source": "cadastre.data.gouv.fr (PCI Vecteur Etalab) + BDTOPO_V3:foret_publique (IGN)"}}, {"type": "Feature", "geometry": {"type": "Polygon", "coordinates": [[[0.2016359, 43.5752025], [0.2018129, 43.575571], [0.2018345, 43.5756306], [0.2018073, 43.5759436], [0.2002747, 43.5755826], [0.2004884, 43.5754062], [0.200607, 43.5753412], [0.2010973, 43.57524], [0.2016359, 43.5752025]]]}, "properties": {"kind": "prive_autorisation", "section": "A", "numero": "367", "contenance": 6348, "source": "cadastre.data.gouv.fr (PCI Vecteur Etalab) + BDTOPO_V3:foret_publique (IGN)"}}, {"type": "Feature", "geometry": {"type": "Polygon", "coordinates": [[[0.2017068, 43.5741992], [0.2013888, 43.5743949], [0.201277, 43.5744954], [0.2011469, 43.5746178], [0.2010212, 43.5747427], [0.200935, 43.5747795], [0.2007749, 43.5750012], [0.2004825, 43.5750601], [0.2004729, 43.5750556], [0.2006836, 43.5747583], [0.2007951, 43.5746795], [0.2015834, 43.5741244], [0.2017068, 43.5741992]]]}, "properties": {"kind": "prive_autorisation", "section": "A", "numero": "361", "contenance": 1960, "source": "cadastre.data.gouv.fr (PCI Vecteur Etalab) + BDTOPO_V3:foret_publique (IGN)"}}, {"type": "Feature", "geometry": {"type": "Polygon", "coordinates": [[[0.2016563, 43.574074], [0.2015834, 43.5741244], [0.2007951, 43.5746795], [0.2006314, 43.5745195], [0.201469, 43.5739494], [0.2016563, 43.574074]]]}, "properties": {"kind": "prive_autorisation", "section": "A", "numero": "360", "contenance": 1979, "source": "cadastre.data.gouv.fr (PCI Vecteur Etalab) + BDTOPO_V3:foret_publique (IGN)"}}, {"type": "Feature", "geometry": {"type": "Polygon", "coordinates": [[[0.2006314, 43.5745195], [0.2007951, 43.5746795], [0.2006836, 43.5747583], [0.2004729, 43.5750556], [0.1999523, 43.5748027], [0.2004942, 43.5743904], [0.2006314, 43.5745195]]]}, "properties": {"kind": "prive_autorisation", "section": "A", "numero": "359", "contenance": 2438, "source": "cadastre.data.gouv.fr (PCI Vecteur Etalab) + BDTOPO_V3:foret_publique (IGN)"}}, {"type": "Feature", "geometry": {"type": "Polygon", "coordinates": [[[0.2056344, 43.5740151], [0.2044482, 43.5742042], [0.2043796, 43.5740548], [0.2049887, 43.5739413], [0.2056858, 43.5738115], [0.2058015, 43.5739878], [0.2056344, 43.5740151]]]}, "properties": {"kind": "prive_autorisation", "section": "A", "numero": "348", "contenance": 2130, "source": "cadastre.data.gouv.fr (PCI Vecteur Etalab) + BDTOPO_V3:foret_publique (IGN)"}}, {"type": "Feature", "geometry": {"type": "Polygon", "coordinates": [[[0.2053887, 43.5744709], [0.2054671, 43.5742575], [0.2055314, 43.5742311], [0.2056344, 43.5740151], [0.2058015, 43.5739878], [0.206434, 43.5738899], [0.2064851, 43.5738788], [0.2065988, 43.5741658], [0.206068, 43.5743918], [0.2059225, 43.5744064], [0.2056771, 43.5744343], [0.2054326, 43.5744658], [0.2053887, 43.5744709]]]}, "properties": {"kind": "prive_autorisation", "section": "A", "numero": "347", "contenance": 3842, "source": "cadastre.data.gouv.fr (PCI Vecteur Etalab) + BDTOPO_V3:foret_publique (IGN)"}}, {"type": "Feature", "geometry": {"type": "Polygon", "coordinates": [[[0.2072004, 43.5753696], [0.207144, 43.5758941], [0.2066193, 43.5758916], [0.2065107, 43.5758999], [0.20649, 43.5759337], [0.2064738, 43.5759449], [0.2062805, 43.5759449], [0.2062823, 43.5758791], [0.2062876, 43.5756831], [0.2062904, 43.5755688], [0.2062932, 43.5754578], [0.2065731, 43.5754182], [0.2065752, 43.5754391], [0.2066711, 43.5754409], [0.206682, 43.5754412], [0.206718, 43.5752073], [0.2068317, 43.5752117], [0.2068703, 43.5753757], [0.2069183, 43.5753748], [0.2072004, 43.5753696]]]}, "properties": {"kind": "bati", "section": "A", "numero": "340", "contenance": 4220, "source": "cadastre.data.gouv.fr (PCI Vecteur Etalab) + BDTOPO_V3:foret_publique (IGN)"}}, {"type": "Feature", "geometry": {"type": "Polygon", "coordinates": [[[0.2048623, 43.5749738], [0.2048053, 43.5746506], [0.2052144, 43.5745162], [0.2052475, 43.5745046], [0.2052852, 43.5744962], [0.2053118, 43.5746309], [0.2053821, 43.5749842], [0.2048623, 43.5749738]]]}, "properties": {"kind": "prive_autorisation", "section": "A", "numero": "543", "contenance": 944, "source": "cadastre.data.gouv.fr (PCI Vecteur Etalab) + BDTOPO_V3:foret_publique (IGN)"}}, {"type": "Feature", "geometry": {"type": "Polygon", "coordinates": [[[0.2043646, 43.5747954], [0.2048053, 43.5746506], [0.2048623, 43.5749738], [0.2044652, 43.574966], [0.2044381, 43.574794], [0.2043646, 43.5747954]]]}, "properties": {"kind": "prive_autorisation", "section": "A", "numero": "542", "contenance": 1926, "source": "cadastre.data.gouv.fr (PCI Vecteur Etalab) + BDTOPO_V3:foret_publique (IGN)"}}, {"type": "Feature", "geometry": {"type": "Polygon", "coordinates": [[[0.2076061, 43.5739273], [0.2075786, 43.5737267], [0.2077244, 43.5737833], [0.2079398, 43.573849], [0.2081185, 43.5738947], [0.2082622, 43.5739295], [0.2084172, 43.573968], [0.2085753, 43.5739998], [0.2084437, 43.5741822], [0.2081077, 43.5741305], [0.2081187, 43.5740865], [0.208008, 43.5740849], [0.2078856, 43.5739659], [0.2078186, 43.5739591], [0.2077116, 43.5739451], [0.2076061, 43.5739273]]]}, "properties": {"kind": "bati", "section": "A", "numero": "344", "contenance": 1650, "source": "cadastre.data.gouv.fr (PCI Vecteur Etalab) + BDTOPO_V3:foret_publique (IGN)"}}, {"type": "Feature", "geometry": {"type": "Polygon", "coordinates": [[[0.2083712, 43.5744826], [0.2081316, 43.5744231], [0.2076503, 43.57434], [0.2076061, 43.5739273], [0.2077116, 43.5739451], [0.2078186, 43.5739591], [0.2078856, 43.5739659], [0.208008, 43.5740849], [0.2081187, 43.5740865], [0.2081077, 43.5741305], [0.2084437, 43.5741822], [0.2085753, 43.5739998], [0.2089538, 43.5740475], [0.2085, 43.5743588], [0.2084204, 43.574417], [0.2083712, 43.5744826]]]}, "properties": {"kind": "bati", "section": "A", "numero": "343", "contenance": 3303, "source": "cadastre.data.gouv.fr (PCI Vecteur Etalab) + BDTOPO_V3:foret_publique (IGN)"}}, {"type": "Feature", "geometry": {"type": "Polygon", "coordinates": [[[0.1924472, 43.5765775], [0.1928426, 43.5764108], [0.1932519, 43.5762619], [0.1932739, 43.5765891], [0.1940597, 43.5764663], [0.1942465, 43.5770566], [0.1943442, 43.5773228], [0.1942024, 43.577346], [0.1939405, 43.577411], [0.1937027, 43.5774227], [0.1935754, 43.5774801], [0.1935377, 43.5774827], [0.1933563, 43.5767705], [0.1931404, 43.5768585], [0.1929029, 43.5769596], [0.1926681, 43.5770641], [0.1924472, 43.5765775]]]}, "properties": {"kind": "prive_autorisation", "section": "A", "numero": "437", "contenance": 10000, "source": "cadastre.data.gouv.fr (PCI Vecteur Etalab) + BDTOPO_V3:foret_publique (IGN)"}}, {"type": "Feature", "geometry": {"type": "Polygon", "coordinates": [[[0.1926681, 43.5770641], [0.1929029, 43.5769596], [0.1931404, 43.5768585], [0.1933563, 43.5767705], [0.1935377, 43.5774827], [0.1933923, 43.5774927], [0.1931777, 43.5775605], [0.1930887, 43.5776347], [0.1925907, 43.5778408], [0.1924846, 43.5779005], [0.1922446, 43.5772606], [0.1926681, 43.5770641]]]}, "properties": {"kind": "prive_autorisation", "section": "A", "numero": "436", "contenance": 7241, "source": "cadastre.data.gouv.fr (PCI Vecteur Etalab) + BDTOPO_V3:foret_publique (IGN)"}}, {"type": "Feature", "geometry": {"type": "Polygon", "coordinates": [[[0.1924472, 43.5765775], [0.1926681, 43.5770641], [0.1922446, 43.5772606], [0.1920735, 43.57734], [0.19187, 43.5774023], [0.1918711, 43.5773741], [0.1918813, 43.5770443], [0.1923382, 43.576929], [0.192215, 43.5766664], [0.1924472, 43.5765775]]]}, "properties": {"kind": "prive_autorisation", "section": "A", "numero": "434", "contenance": 2731, "source": "cadastre.data.gouv.fr (PCI Vecteur Etalab) + BDTOPO_V3:foret_publique (IGN)"}}, {"type": "Feature", "geometry": {"type": "Polygon", "coordinates": [[[0.1918813, 43.5770443], [0.1918267, 43.5767516], [0.192215, 43.5766664], [0.1923382, 43.576929], [0.1918813, 43.5770443]]]}, "properties": {"kind": "prive_autorisation", "section": "A", "numero": "433", "contenance": 1134, "source": "cadastre.data.gouv.fr (PCI Vecteur Etalab) + BDTOPO_V3:foret_publique (IGN)"}}, {"type": "Feature", "geometry": {"type": "Polygon", "coordinates": [[[0.1920524, 43.5761396], [0.1922635, 43.5761867], [0.1924472, 43.5765775], [0.192215, 43.5766664], [0.1920842, 43.5762432], [0.1920524, 43.5761396]]]}, "properties": {"kind": "prive_autorisation", "section": "A", "numero": "432", "contenance": 720, "source": "cadastre.data.gouv.fr (PCI Vecteur Etalab) + BDTOPO_V3:foret_publique (IGN)"}}, {"type": "Feature", "geometry": {"type": "Polygon", "coordinates": [[[0.192215, 43.5766664], [0.1918267, 43.5767516], [0.1917409, 43.5764091], [0.1917144, 43.5760873], [0.1918262, 43.5760988], [0.1918263, 43.5762239], [0.1920842, 43.5762432], [0.192215, 43.5766664]]]}, "properties": {"kind": "prive_autorisation", "section": "A", "numero": "431", "contenance": 1821, "source": "cadastre.data.gouv.fr (PCI Vecteur Etalab) + BDTOPO_V3:foret_publique (IGN)"}}, {"type": "Feature", "geometry": {"type": "Polygon", "coordinates": [[[0.1919565, 43.5761182], [0.1920524, 43.5761396], [0.1920842, 43.5762432], [0.1918263, 43.5762239], [0.1918262, 43.5760988], [0.1919565, 43.5761182]]]}, "properties": {"kind": "prive_autorisation", "section": "A", "numero": "430", "contenance": 245, "source": "cadastre.data.gouv.fr (PCI Vecteur Etalab) + BDTOPO_V3:foret_publique (IGN)"}}, {"type": "Feature", "geometry": {"type": "Polygon", "coordinates": [[[0.1921939, 43.575716], [0.1919565, 43.5761182], [0.1918262, 43.5760988], [0.1917144, 43.5760873], [0.1917902, 43.5757552], [0.191889, 43.5756019], [0.1920145, 43.5755686], [0.1921621, 43.5756899], [0.1921939, 43.575716]]]}, "properties": {"kind": "prive_autorisation", "section": "A", "numero": "429", "contenance": 1452, "source": "cadastre.data.gouv.fr (PCI Vecteur Etalab) + BDTOPO_V3:foret_publique (IGN)"}}, {"type": "Feature", "geometry": {"type": "Polygon", "coordinates": [[[0.1928426, 43.5764108], [0.1927907, 43.5763746], [0.1926478, 43.5760384], [0.1926926, 43.5757781], [0.1927165, 43.5757492], [0.1927702, 43.5757319], [0.193748, 43.5756895], [0.1939032, 43.5760218], [0.1932519, 43.5762619], [0.1928426, 43.5764108]]]}, "properties": {"kind": "prive_autorisation", "section": "A", "numero": "427", "contenance": 5428, "source": "cadastre.data.gouv.fr (PCI Vecteur Etalab) + BDTOPO_V3:foret_publique (IGN)"}}, {"type": "Feature", "geometry": {"type": "Polygon", "coordinates": [[[0.1940597, 43.5764663], [0.1940426, 43.576359], [0.1946636, 43.5762569], [0.194978, 43.5762539], [0.1951467, 43.5762085], [0.1954813, 43.5768768], [0.1959396, 43.576838], [0.1960018, 43.5769985], [0.1957406, 43.5771118], [0.1952082, 43.577238], [0.1950639, 43.5772433], [0.1946849, 43.5772671], [0.1943442, 43.5773228], [0.1942465, 43.5770566], [0.1940597, 43.5764663]]]}, "properties": {"kind": "prive_autorisation", "section": "A", "numero": "438", "contenance": 11758, "source": "cadastre.data.gouv.fr (PCI Vecteur Etalab) + BDTOPO_V3:foret_publique (IGN)"}}, {"type": "Feature", "geometry": {"type": "Polygon", "coordinates": [[[0.1942191, 43.5755283], [0.194383, 43.5758311], [0.1943289, 43.5758645], [0.1939032, 43.5760218], [0.193748, 43.5756895], [0.1937002, 43.575593], [0.19372, 43.5755966], [0.1940074, 43.5755597], [0.1942191, 43.5755283]]]}, "properties": {"kind": "prive_autorisation", "section": "A", "numero": "426", "contenance": 1966, "source": "cadastre.data.gouv.fr (PCI Vecteur Etalab) + BDTOPO_V3:foret_publique (IGN)"}}, {"type": "Feature", "geometry": {"type": "Polygon", "coordinates": [[[0.1940426, 43.576359], [0.1940263, 43.5762465], [0.1949946, 43.5761203], [0.195083, 43.5760824], [0.1951467, 43.5762085], [0.194978, 43.5762539], [0.1946636, 43.5762569], [0.1940426, 43.576359]]]}, "properties": {"kind": "prive_autorisation", "section": "A", "numero": "424", "contenance": 1002, "source": "cadastre.data.gouv.fr (PCI Vecteur Etalab) + BDTOPO_V3:foret_publique (IGN)"}}, {"type": "Feature", "geometry": {"type": "Polygon", "coordinates": [[[0.195083, 43.5760824], [0.1952414, 43.5760141], [0.1952584, 43.5760127], [0.1957538, 43.5759712], [0.1959624, 43.5759047], [0.1959916, 43.5759512], [0.1964886, 43.5758262], [0.1963859, 43.5756458], [0.1963792, 43.5756117], [0.1964325, 43.5756479], [0.1966786, 43.5757743], [0.1969211, 43.5759031], [0.1969155, 43.575906], [0.1966992, 43.5758803], [0.1963961, 43.5760585], [0.1962214, 43.5761465], [0.1961888, 43.5760732], [0.1951991, 43.5761463], [0.1952074, 43.5761921], [0.1951467, 43.5762085], [0.195083, 43.5760824]]]}, "properties": {"kind": "prive_autorisation", "section": "A", "numero": "423", "contenance": 2416, "source": "cadastre.data.gouv.fr (PCI Vecteur Etalab) + BDTOPO_V3:foret_publique (IGN)"}}, {"type": "Feature", "geometry": {"type": "Polygon", "coordinates": [[[0.1959396, 43.576838], [0.1954813, 43.5768768], [0.1951467, 43.5762085], [0.1952074, 43.5761921], [0.1951991, 43.5761463], [0.1961888, 43.5760732], [0.1962214, 43.5761465], [0.1963961, 43.5760585], [0.1966992, 43.5758803], [0.1969155, 43.575906], [0.1969211, 43.5759031], [0.1971585, 43.5763112], [0.1972661, 43.5764985], [0.19656, 43.5766064], [0.1963706, 43.5766763], [0.1959396, 43.576838]]]}, "properties": {"kind": "prive_autorisation", "section": "A", "numero": "422", "contenance": 11120, "source": "cadastre.data.gouv.fr (PCI Vecteur Etalab) + BDTOPO_V3:foret_publique (IGN)"}}, {"type": "Feature", "geometry": {"type": "Polygon", "coordinates": [[[0.1963706, 43.5766763], [0.19656, 43.5766064], [0.1972661, 43.5764985], [0.1971585, 43.5763112], [0.1976017, 43.5761744], [0.1979898, 43.5765292], [0.1980206, 43.5765772], [0.1978777, 43.5766105], [0.1977722, 43.5766126], [0.197176, 43.5766673], [0.1969537, 43.5767091], [0.1966326, 43.5767238], [0.1964528, 43.5768062], [0.1963706, 43.5766763]]]}, "properties": {"kind": "prive_autorisation", "section": "A", "numero": "420", "contenance": 3362, "source": "cadastre.data.gouv.fr (PCI Vecteur Etalab) + BDTOPO_V3:foret_publique (IGN)"}}, {"type": "Feature", "geometry": {"type": "Polygon", "coordinates": [[[0.1951564, 43.5757107], [0.1962238, 43.5754279], [0.196299, 43.5754684], [0.1963792, 43.5756117], [0.1963859, 43.5756458], [0.1964886, 43.5758262], [0.1959916, 43.5759512], [0.1959624, 43.5759047], [0.1957538, 43.5759712], [0.1952584, 43.5760127], [0.1951564, 43.5757107]]]}, "properties": {"kind": "prive_autorisation", "section": "A", "numero": "416", "contenance": 4222, "source": "cadastre.data.gouv.fr (PCI Vecteur Etalab) + BDTOPO_V3:foret_publique (IGN)"}}, {"type": "Feature", "geometry": {"type": "Polygon", "coordinates": [[[0.1959947, 43.5752135], [0.1960518, 43.5753057], [0.1961938, 43.5754119], [0.1962238, 43.5754279], [0.1951564, 43.5757107], [0.1950957, 43.5755313], [0.1959947, 43.5752135]]]}, "properties": {"kind": "prive_autorisation", "section": "A", "numero": "415", "contenance": 2060, "source": "cadastre.data.gouv.fr (PCI Vecteur Etalab) + BDTOPO_V3:foret_publique (IGN)"}}, {"type": "Feature", "geometry": {"type": "Polygon", "coordinates": [[[0.1959396, 43.576838], [0.1963706, 43.5766763], [0.1964528, 43.5768062], [0.1960018, 43.5769985], [0.1959396, 43.576838]]]}, "properties": {"kind": "prive_autorisation", "section": "A", "numero": "421", "contenance": 690, "source": "cadastre.data.gouv.fr (PCI Vecteur Etalab) + BDTOPO_V3:foret_publique (IGN)"}}, {"type": "Feature", "geometry": {"type": "Polygon", "coordinates": [[[0.1969211, 43.5759031], [0.1971069, 43.575742], [0.1970802, 43.5757111], [0.1972651, 43.575606], [0.1975727, 43.5761204], [0.1976017, 43.5761744], [0.1971585, 43.5763112], [0.1969211, 43.5759031]]]}, "properties": {"kind": "prive_autorisation", "section": "A", "numero": "419", "contenance": 2278, "source": "cadastre.data.gouv.fr (PCI Vecteur Etalab) + BDTOPO_V3:foret_publique (IGN)"}}, {"type": "Feature", "geometry": {"type": "Polygon", "coordinates": [[[0.1969211, 43.5759031], [0.1966786, 43.5757743], [0.1966198, 43.575601], [0.1966544, 43.5756068], [0.1967771, 43.5756108], [0.1971753, 43.5755704], [0.1972271, 43.575584], [0.1972651, 43.575606], [0.1970802, 43.5757111], [0.1971069, 43.575742], [0.1969211, 43.5759031]]]}, "properties": {"kind": "prive_autorisation", "section": "A", "numero": "418", "contenance": 828, "source": "cadastre.data.gouv.fr (PCI Vecteur Etalab) + BDTOPO_V3:foret_publique (IGN)"}}, {"type": "Feature", "geometry": {"type": "Polygon", "coordinates": [[[0.1966786, 43.5757743], [0.1964325, 43.5756479], [0.1963792, 43.5756117], [0.196299, 43.5754684], [0.196418, 43.5755244], [0.1966198, 43.575601], [0.1966786, 43.5757743]]]}, "properties": {"kind": "prive_autorisation", "section": "A", "numero": "417", "contenance": 347, "source": "cadastre.data.gouv.fr (PCI Vecteur Etalab) + BDTOPO_V3:foret_publique (IGN)"}}, {"type": "Feature", "geometry": {"type": "Polygon", "coordinates": [[[0.1961493, 43.5751376], [0.196258, 43.5753698], [0.1961477, 43.5752854], [0.1960735, 43.5751926], [0.1960537, 43.575159], [0.1961493, 43.5751376]]]}, "properties": {"kind": "prive_autorisation", "section": "A", "numero": "408", "contenance": 126, "source": "cadastre.data.gouv.fr (PCI Vecteur Etalab) + BDTOPO_V3:foret_publique (IGN)"}}, {"type": "Feature", "geometry": {"type": "Polygon", "coordinates": [[[0.1969526, 43.5753486], [0.196933, 43.5753649], [0.1966832, 43.5755387], [0.1964824, 43.575475], [0.1969526, 43.5753486]]]}, "properties": {"kind": "prive_autorisation", "section": "A", "numero": "406", "contenance": 248, "source": "cadastre.data.gouv.fr (PCI Vecteur Etalab) + BDTOPO_V3:foret_publique (IGN)"}}, {"type": "Feature", "geometry": {"type": "Polygon", "coordinates": [[[0.1993594, 43.5751525], [0.1999252, 43.5756155], [0.1992437, 43.5752488], [0.1993594, 43.5751525]]]}, "properties": {"kind": "prive_autorisation", "section": "A", "numero": "399", "contenance": 444, "source": "cadastre.data.gouv.fr (PCI Vecteur Etalab) + BDTOPO_V3:foret_publique (IGN)"}}, {"type": "Feature", "geometry": {"type": "Polygon", "coordinates": [[[0.1986798, 43.5757182], [0.1989463, 43.5754965], [0.1994288, 43.5759316], [0.1991176, 43.5760899], [0.199045, 43.5761305], [0.1986798, 43.5757182]]]}, "properties": {"kind": "prive_autorisation", "section": "A", "numero": "397", "contenance": 1980, "source": "cadastre.data.gouv.fr (PCI Vecteur Etalab) + BDTOPO_V3:foret_publique (IGN)"}}, {"type": "Feature", "geometry": {"type": "Polygon", "coordinates": [[[0.1999649, 43.5758384], [0.1998104, 43.575964], [0.1987923, 43.5765622], [0.1988799, 43.5764207], [0.1999353, 43.5758251], [0.1999649, 43.5758384]]]}, "properties": {"kind": "prive_autorisation", "section": "A", "numero": "396", "contenance": 734, "source": "cadastre.data.gouv.fr (PCI Vecteur Etalab) + BDTOPO_V3:foret_publique (IGN)"}}, {"type": "Feature", "geometry": {"type": "Polygon", "coordinates": [[[0.1999353, 43.5758251], [0.1988799, 43.5764207], [0.1987923, 43.5765622], [0.1987636, 43.5765623], [0.1986319, 43.5765612], [0.1984539, 43.5765193], [0.198191, 43.5765322], [0.1983944, 43.5764467], [0.1984603, 43.5763778], [0.1984844, 43.5763673], [0.1986736, 43.5763516], [0.1988046, 43.5763023], [0.1990154, 43.5761811], [0.1990761, 43.5761258], [0.1997934, 43.5757609], [0.1999353, 43.5758251]]]}, "properties": {"kind": "prive_autorisation", "section": "A", "numero": "395", "contenance": 2342, "source": "cadastre.data.gouv.fr (PCI Vecteur Etalab) + BDTOPO_V3:foret_publique (IGN)"}}, {"type": "Feature", "geometry": {"type": "Polygon", "coordinates": [[[0.1989033, 43.5768569], [0.1986684, 43.5767965], [0.198176, 43.5767614], [0.1981698, 43.5766967], [0.1981581, 43.5766273], [0.1981412, 43.5765584], [0.198286, 43.5765831], [0.1985443, 43.5766945], [0.1988, 43.5768092], [0.1989033, 43.5768569]]]}, "properties": {"kind": "prive_autorisation", "section": "A", "numero": "394", "contenance": 649, "source": "cadastre.data.gouv.fr (PCI Vecteur Etalab) + BDTOPO_V3:foret_publique (IGN)"}}, {"type": "Feature", "geometry": {"type": "Polygon", "coordinates": [[[0.198191, 43.5765322], [0.1984539, 43.5765193], [0.1986319, 43.5765612], [0.1987636, 43.5765623], [0.1988565, 43.5765977], [0.1989958, 43.5767326], [0.1991363, 43.5768232], [0.1993995, 43.5769931], [0.199422, 43.5769826], [0.1995385, 43.5770346], [0.1999703, 43.5771759], [0.1999606, 43.5771846], [0.1998245, 43.5772415], [0.1996952, 43.5772359], [0.1995758, 43.5772147], [0.1991111, 43.5769749], [0.1990319, 43.5769091], [0.1989217, 43.5768489], [0.1982878, 43.5765682], [0.1981748, 43.5765393], [0.198191, 43.5765322]]]}, "properties": {"kind": "prive_autorisation", "section": "A", "numero": "393", "contenance": 2215, "source": "cadastre.data.gouv.fr (PCI Vecteur Etalab) + BDTOPO_V3:foret_publique (IGN)"}}, {"type": "Feature", "geometry": {"type": "Polygon", "coordinates": [[[0.1987923, 43.5765622], [0.1989857, 43.5765626], [0.199225, 43.5765681], [0.1992985, 43.5766121], [0.1992638, 43.5766539], [0.1992145, 43.5767067], [0.1991612, 43.5767574], [0.1991363, 43.5768232], [0.1989958, 43.5767326], [0.1988565, 43.5765977], [0.1987636, 43.5765623], [0.1987923, 43.5765622]]]}, "properties": {"kind": "prive_autorisation", "section": "A", "numero": "392", "contenance": 620, "source": "cadastre.data.gouv.fr (PCI Vecteur Etalab) + BDTOPO_V3:foret_publique (IGN)"}}, {"type": "Feature", "geometry": {"type": "Polygon", "coordinates": [[[0.1991363, 43.5768232], [0.1991612, 43.5767574], [0.1992145, 43.5767067], [0.1992638, 43.5766539], [0.1992985, 43.5766121], [0.1994981, 43.5767219], [0.1995582, 43.5767834], [0.1997377, 43.5769219], [0.2000386, 43.5771149], [0.1999703, 43.5771759], [0.1995385, 43.5770346], [0.199422, 43.5769826], [0.1993995, 43.5769931], [0.1991363, 43.5768232]]]}, "properties": {"kind": "prive_autorisation", "section": "A", "numero": "391", "contenance": 1685, "source": "cadastre.data.gouv.fr (PCI Vecteur Etalab) + BDTOPO_V3:foret_publique (IGN)"}}, {"type": "Feature", "geometry": {"type": "Polygon", "coordinates": [[[0.2002747, 43.5755826], [0.2018073, 43.5759436], [0.2017857, 43.5762631], [0.2014079, 43.5761185], [0.2009558, 43.575948], [0.2001843, 43.5756567], [0.2002747, 43.5755826]]]}, "properties": {"kind": "prive_autorisation", "section": "A", "numero": "368", "contenance": 3115, "source": "cadastre.data.gouv.fr (PCI Vecteur Etalab) + BDTOPO_V3:foret_publique (IGN)"}}, {"type": "Feature", "geometry": {"type": "Polygon", "coordinates": [[[0.1994981, 43.5767219], [0.1996198, 43.5767889], [0.1997803, 43.5768749], [0.1999752, 43.5769792], [0.2000627, 43.5770242], [0.2000567, 43.5770987], [0.2000386, 43.5771149], [0.1997377, 43.5769219], [0.1995582, 43.5767834], [0.1994981, 43.5767219]]]}, "properties": {"kind": "prive_autorisation", "section": "A", "numero": "390", "contenance": 245, "source": "cadastre.data.gouv.fr (PCI Vecteur Etalab) + BDTOPO_V3:foret_publique (IGN)"}}, {"type": "Feature", "geometry": {"type": "Polygon", "coordinates": [[[0.1997439, 43.5765828], [0.1996198, 43.5767889], [0.1994981, 43.5767219], [0.1992985, 43.5766121], [0.199225, 43.5765681], [0.1997439, 43.5765828]]]}, "properties": {"kind": "prive_autorisation", "section": "A", "numero": "389", "contenance": 480, "source": "cadastre.data.gouv.fr (PCI Vecteur Etalab) + BDTOPO_V3:foret_publique (IGN)"}}, {"type": "Feature", "geometry": {"type": "Polygon", "coordinates": [[[0.199958, 43.5766296], [0.1997803, 43.5768749], [0.1996198, 43.5767889], [0.1997439, 43.5765828], [0.199958, 43.5766296]]]}, "properties": {"kind": "prive_autorisation", "section": "A", "numero": "388", "contenance": 460, "source": "cadastre.data.gouv.fr (PCI Vecteur Etalab) + BDTOPO_V3:foret_publique (IGN)"}}, {"type": "Feature", "geometry": {"type": "Polygon", "coordinates": [[[0.2001679, 43.5766221], [0.1999752, 43.5769792], [0.1997803, 43.5768749], [0.199958, 43.5766296], [0.2001679, 43.5766221]]]}, "properties": {"kind": "prive_autorisation", "section": "A", "numero": "387", "contenance": 620, "source": "cadastre.data.gouv.fr (PCI Vecteur Etalab) + BDTOPO_V3:foret_publique (IGN)"}}, {"type": "Feature", "geometry": {"type": "Polygon", "coordinates": [[[0.2004472, 43.5766581], [0.2003235, 43.5771717], [0.2000567, 43.5770987], [0.2000627, 43.5770242], [0.1999752, 43.5769792], [0.2001679, 43.5766221], [0.2001737, 43.5766153], [0.2004472, 43.5766581]]]}, "properties": {"kind": "prive_autorisation", "section": "A", "numero": "386", "contenance": 1440, "source": "cadastre.data.gouv.fr (PCI Vecteur Etalab) + BDTOPO_V3:foret_publique (IGN)"}}, {"type": "Feature", "geometry": {"type": "Polygon", "coordinates": [[[0.2006074, 43.5766603], [0.2004675, 43.5772109], [0.2003235, 43.5771717], [0.2004472, 43.5766581], [0.2006074, 43.5766603]]]}, "properties": {"kind": "prive_autorisation", "section": "A", "numero": "385", "contenance": 770, "source": "cadastre.data.gouv.fr (PCI Vecteur Etalab) + BDTOPO_V3:foret_publique (IGN)"}}, {"type": "Feature", "geometry": {"type": "Polygon", "coordinates": [[[0.20077, 43.5766625], [0.2005944, 43.5772447], [0.2004675, 43.5772109], [0.2006074, 43.5766603], [0.20077, 43.5766625]]]}, "properties": {"kind": "prive_autorisation", "section": "A", "numero": "384", "contenance": 760, "source": "cadastre.data.gouv.fr (PCI Vecteur Etalab) + BDTOPO_V3:foret_publique (IGN)"}}, {"type": "Feature", "geometry": {"type": "Polygon", "coordinates": [[[0.2009372, 43.5766648], [0.2007355, 43.5772786], [0.2007171, 43.5772764], [0.2005944, 43.5772447], [0.20077, 43.5766625], [0.2009372, 43.5766648]]]}, "properties": {"kind": "prive_autorisation", "section": "A", "numero": "383", "contenance": 800, "source": "cadastre.data.gouv.fr (PCI Vecteur Etalab) + BDTOPO_V3:foret_publique (IGN)"}}, {"type": "Feature", "geometry": {"type": "Polygon", "coordinates": [[[0.2014637, 43.5765639], [0.2016925, 43.5765339], [0.2014176, 43.5773918], [0.2010881, 43.5772734], [0.2008984, 43.5772752], [0.2008694, 43.5772936], [0.2007355, 43.5772786], [0.2009372, 43.5766648], [0.2014637, 43.5765639]]]}, "properties": {"kind": "prive_autorisation", "section": "A", "numero": "382", "contenance": 4560, "source": "cadastre.data.gouv.fr (PCI Vecteur Etalab) + BDTOPO_V3:foret_publique (IGN)"}}, {"type": "Feature", "geometry": {"type": "Polygon", "coordinates": [[[0.2017693, 43.5765106], [0.2019074, 43.5764686], [0.2020472, 43.5764302], [0.2021299, 43.5764093], [0.202227, 43.5764141], [0.2019602, 43.5773988], [0.2019269, 43.5773978], [0.2016815, 43.57742], [0.201449, 43.5774033], [0.2014176, 43.5773918], [0.2016925, 43.5765339], [0.2017693, 43.5765106]]]}, "properties": {"kind": "prive_autorisation", "section": "A", "numero": "381", "contenance": 4370, "source": "cadastre.data.gouv.fr (PCI Vecteur Etalab) + BDTOPO_V3:foret_publique (IGN)"}}, {"type": "Feature", "geometry": {"type": "Polygon", "coordinates": [[[0.202227, 43.5764141], [0.202376, 43.5763652], [0.202251, 43.5769264], [0.2021439, 43.5774048], [0.2019602, 43.5773988], [0.202227, 43.5764141]]]}, "properties": {"kind": "prive_autorisation", "section": "A", "numero": "380", "contenance": 1510, "source": "cadastre.data.gouv.fr (PCI Vecteur Etalab) + BDTOPO_V3:foret_publique (IGN)"}}, {"type": "Feature", "geometry": {"type": "Polygon", "coordinates": [[[0.2023123, 43.5774103], [0.2021439, 43.5774048], [0.202251, 43.5769264], [0.2024042, 43.5769055], [0.2023123, 43.5774103]]]}, "properties": {"kind": "prive_autorisation", "section": "A", "numero": "378", "contenance": 720, "source": "cadastre.data.gouv.fr (PCI Vecteur Etalab) + BDTOPO_V3:foret_publique (IGN)"}}, {"type": "Feature", "geometry": {"type": "Polygon", "coordinates": [[[0.2011247, 43.5763624], [0.2014079, 43.5761185], [0.2017857, 43.5762631], [0.2017693, 43.5765106], [0.2016925, 43.5765339], [0.2014637, 43.5765639], [0.2011247, 43.5763624]]]}, "properties": {"kind": "prive_autorisation", "section": "A", "numero": "372", "contenance": 1750, "source": "cadastre.data.gouv.fr (PCI Vecteur Etalab) + BDTOPO_V3:foret_publique (IGN)"}}, {"type": "Feature", "geometry": {"type": "Polygon", "coordinates": [[[0.2006317, 43.5761399], [0.2009558, 43.575948], [0.2014079, 43.5761185], [0.2011247, 43.5763624], [0.2006317, 43.5761399]]]}, "properties": {"kind": "prive_autorisation", "section": "A", "numero": "371", "contenance": 1500, "source": "cadastre.data.gouv.fr (PCI Vecteur Etalab) + BDTOPO_V3:foret_publique (IGN)"}}, {"type": "Feature", "geometry": {"type": "Polygon", "coordinates": [[[0.2001843, 43.5756567], [0.2009558, 43.575948], [0.2006317, 43.5761399], [0.1999649, 43.5758384], [0.2001843, 43.5756567]]]}, "properties": {"kind": "prive_autorisation", "section": "A", "numero": "369", "contenance": 1880, "source": "cadastre.data.gouv.fr (PCI Vecteur Etalab) + BDTOPO_V3:foret_publique (IGN)"}}, {"type": "Feature", "geometry": {"type": "Polygon", "coordinates": [[[0.2024042, 43.5769055], [0.202251, 43.5769264], [0.202376, 43.5763652], [0.2025144, 43.5763241], [0.2024042, 43.5769055]]]}, "properties": {"kind": "prive_autorisation", "section": "A", "numero": "379", "contenance": 760, "source": "cadastre.data.gouv.fr (PCI Vecteur Etalab) + BDTOPO_V3:foret_publique (IGN)"}}, {"type": "Feature", "geometry": {"type": "Polygon", "coordinates": [[[0.2058073, 43.5759059], [0.2057513, 43.5755339], [0.2062932, 43.5754578], [0.2062904, 43.5755688], [0.2062876, 43.5756831], [0.2062823, 43.5758791], [0.2062805, 43.5759449], [0.206105, 43.5759421], [0.2060948, 43.5759004], [0.2058073, 43.5759059]]]}, "properties": {"kind": "bati", "section": "A", "numero": "339", "contenance": 1897, "source": "cadastre.data.gouv.fr (PCI Vecteur Etalab) + BDTOPO_V3:foret_publique (IGN)"}}, {"type": "Feature", "geometry": {"type": "Polygon", "coordinates": [[[0.2056921, 43.5760559], [0.2056948, 43.5759401], [0.2058061, 43.5759352], [0.2061754, 43.5759798], [0.206456, 43.5759874], [0.2065659, 43.5759889], [0.2064191, 43.5760241], [0.2061144, 43.5760495], [0.2056921, 43.5760559]]]}, "properties": {"kind": "prive_autorisation", "section": "A", "numero": "536", "contenance": 564, "source": "cadastre.data.gouv.fr (PCI Vecteur Etalab) + BDTOPO_V3:foret_publique (IGN)"}}, {"type": "Feature", "geometry": {"type": "Polygon", "coordinates": [[[0.2056921, 43.5760559], [0.2048588, 43.5760684], [0.20485, 43.5759773], [0.2056948, 43.5759401], [0.2056921, 43.5760559]]]}, "properties": {"kind": "prive_autorisation", "section": "A", "numero": "539", "contenance": 780, "source": "cadastre.data.gouv.fr (PCI Vecteur Etalab) + BDTOPO_V3:foret_publique (IGN)"}}, {"type": "Feature", "geometry": {"type": "Polygon", "coordinates": [[[0.2072389, 43.5764858], [0.2077768, 43.5765193], [0.2077593, 43.5767936], [0.207222, 43.576769], [0.2072389, 43.5764858]]]}, "properties": {"kind": "prive_autorisation", "section": "A", "numero": "335", "contenance": 1263, "source": "cadastre.data.gouv.fr (PCI Vecteur Etalab) + BDTOPO_V3:foret_publique (IGN)"}}, {"type": "Feature", "geometry": {"type": "Polygon", "coordinates": [[[0.2066693, 43.5759535], [0.2065659, 43.5759889], [0.2065663, 43.575965], [0.2065764, 43.5759514], [0.2066693, 43.5759535]]]}, "properties": {"kind": "prive_autorisation", "section": "A", "numero": "537", "contenance": 15, "source": "cadastre.data.gouv.fr (PCI Vecteur Etalab) + BDTOPO_V3:foret_publique (IGN)"}}, {"type": "Feature", "geometry": {"type": "Polygon", "coordinates": [[[0.1934422, 43.579621], [0.1928068, 43.5797593], [0.1928057, 43.5797645], [0.1917359, 43.5794853], [0.1921491, 43.5791219], [0.1922813, 43.5790056], [0.1926148, 43.5788578], [0.1928921, 43.5791228], [0.1934422, 43.579621]]]}, "properties": {"kind": "prive_autorisation", "section": "A", "numero": "454", "contenance": 7170, "source": "cadastre.data.gouv.fr (PCI Vecteur Etalab) + BDTOPO_V3:foret_publique (IGN)"}}, {"type": "Feature", "geometry": {"type": "Polygon", "coordinates": [[[0.1922446, 43.5772606], [0.1924846, 43.5779005], [0.1923687, 43.5779625], [0.1922143, 43.5780061], [0.1920409, 43.5779899], [0.1919094, 43.5775237], [0.19187, 43.5774023], [0.1920735, 43.57734], [0.1922446, 43.5772606]]]}, "properties": {"kind": "prive_autorisation", "section": "A", "numero": "435", "contenance": 2313, "source": "cadastre.data.gouv.fr (PCI Vecteur Etalab) + BDTOPO_V3:foret_publique (IGN)"}}, {"type": "Feature", "geometry": {"type": "Polygon", "coordinates": [[[0.2023123, 43.5774103], [0.2022739, 43.5776093], [0.2022543, 43.5776084], [0.2022339, 43.5775987], [0.2018228, 43.5774429], [0.2016815, 43.57742], [0.2019269, 43.5773978], [0.2019602, 43.5773988], [0.2021439, 43.5774048], [0.2023123, 43.5774103]]]}, "properties": {"kind": "prive_autorisation", "section": "A", "numero": "377", "contenance": 546, "source": "cadastre.data.gouv.fr (PCI Vecteur Etalab) + BDTOPO_V3:foret_publique (IGN)"}}, {"type": "Feature", "geometry": {"type": "Polygon", "coordinates": [[[0.2016636, 43.5776116], [0.2016215, 43.5775747], [0.2015733, 43.5775272], [0.2015294, 43.5774775], [0.2014522, 43.577417], [0.2018103, 43.5774487], [0.2022339, 43.5775987], [0.2022543, 43.5776084], [0.2016636, 43.5776116]]]}, "properties": {"kind": "prive_autorisation", "section": "A", "numero": "376", "contenance": 779, "source": "cadastre.data.gouv.fr (PCI Vecteur Etalab) + BDTOPO_V3:foret_publique (IGN)"}}, {"type": "Feature", "geometry": {"type": "Polygon", "coordinates": [[[0.2036583, 43.5776478], [0.2036912, 43.5776654], [0.2039374, 43.577643], [0.2039929, 43.5776573], [0.2048108, 43.5776702], [0.2048142, 43.5777445], [0.2034843, 43.578049], [0.202868, 43.5779767], [0.2026974, 43.5779862], [0.2026991, 43.5779818], [0.2036937, 43.5777886], [0.2036583, 43.5776478]]]}, "properties": {"kind": "prive_autorisation", "section": "A", "numero": "269", "contenance": 3270, "source": "cadastre.data.gouv.fr (PCI Vecteur Etalab) + BDTOPO_V3:foret_publique (IGN)"}}, {"type": "Feature", "geometry": {"type": "Polygon", "coordinates": [[[0.2028786, 43.5777169], [0.2031157, 43.5776948], [0.2036789, 43.5775675], [0.2036866, 43.5775729], [0.2036558, 43.5776378], [0.2036583, 43.5776478], [0.2036937, 43.5777886], [0.2026991, 43.5779818], [0.2027484, 43.5778462], [0.2028602, 43.5778073], [0.2028786, 43.5777169]]]}, "properties": {"kind": "prive_autorisation", "section": "A", "numero": "268", "contenance": 1710, "source": "cadastre.data.gouv.fr (PCI Vecteur Etalab) + BDTOPO_V3:foret_publique (IGN)"}}, {"type": "Feature", "geometry": {"type": "Polygon", "coordinates": [[[0.2019579, 43.5778785], [0.2025652, 43.577746], [0.2028786, 43.5777169], [0.2028602, 43.5778073], [0.2027484, 43.5778462], [0.2026991, 43.5779818], [0.2026974, 43.5779862], [0.202868, 43.5779767], [0.2034843, 43.578049], [0.2038251, 43.5780891], [0.2037698, 43.5783072], [0.2036966, 43.5785903], [0.203197, 43.5785326], [0.203061, 43.5785006], [0.2027456, 43.5784126], [0.2027167, 43.578388], [0.2026472, 43.578329], [0.2025172, 43.5782331], [0.202406, 43.578157], [0.202251, 43.5780561], [0.2019579, 43.5778785]]]}, "properties": {"kind": "prive_autorisation", "section": "A", "numero": "267", "contenance": 7050, "source": "cadastre.data.gouv.fr (PCI Vecteur Etalab) + BDTOPO_V3:foret_publique (IGN)"}}, {"type": "Feature", "geometry": {"type": "Polygon", "coordinates": [[[0.2046981, 43.5785048], [0.2046291, 43.578706], [0.2042945, 43.5789154], [0.2037472, 43.5791258], [0.2033571, 43.5792379], [0.2032954, 43.5791494], [0.2032324, 43.5789689], [0.2028131, 43.5785721], [0.2026679, 43.5784345], [0.2027167, 43.578388], [0.2027456, 43.5784126], [0.203061, 43.5785006], [0.203197, 43.5785326], [0.2036966, 43.5785903], [0.2037698, 43.5783072], [0.2046981, 43.5785048]]]}, "properties": {"kind": "prive_autorisation", "section": "A", "numero": "266", "contenance": 8540, "source": "cadastre.data.gouv.fr (PCI Vecteur Etalab) + BDTOPO_V3:foret_publique (IGN)"}}, {"type": "Feature", "geometry": {"type": "Polygon", "coordinates": [[[0.2028131, 43.5785721], [0.2027482, 43.578552], [0.2026444, 43.5785164], [0.2025432, 43.5784775], [0.2024444, 43.5784353], [0.2022225, 43.5783025], [0.202406, 43.578157], [0.2025172, 43.5782331], [0.2026472, 43.578329], [0.2025768, 43.5784038], [0.2026679, 43.5784345], [0.2028131, 43.5785721]]]}, "properties": {"kind": "prive_autorisation", "section": "A", "numero": "264", "contenance": 752, "source": "cadastre.data.gouv.fr (PCI Vecteur Etalab) + BDTOPO_V3:foret_publique (IGN)"}}, {"type": "Feature", "geometry": {"type": "Polygon", "coordinates": [[[0.202251, 43.5780561], [0.202406, 43.578157], [0.2022225, 43.5783025], [0.2020646, 43.578208], [0.202251, 43.5780561]]]}, "properties": {"kind": "prive_autorisation", "section": "A", "numero": "263", "contenance": 380, "source": "cadastre.data.gouv.fr (PCI Vecteur Etalab) + BDTOPO_V3:foret_publique (IGN)"}}, {"type": "Feature", "geometry": {"type": "Polygon", "coordinates": [[[0.20217, 43.5787798], [0.2019582, 43.5786927], [0.2017785, 43.5786139], [0.2016015, 43.578532], [0.2013419, 43.5783249], [0.2016718, 43.5784202], [0.2019425, 43.5785713], [0.2021761, 43.5787773], [0.20217, 43.5787798]]]}, "properties": {"kind": "prive_autorisation", "section": "A", "numero": "260", "contenance": 725, "source": "cadastre.data.gouv.fr (PCI Vecteur Etalab) + BDTOPO_V3:foret_publique (IGN)"}}, {"type": "Feature", "geometry": {"type": "Polygon", "coordinates": [[[0.2062698, 43.5781891], [0.2058762, 43.5788252], [0.2047459, 43.5783777], [0.2048171, 43.5781329], [0.2053196, 43.5781197], [0.2058085, 43.5781054], [0.2062698, 43.5781891]]]}, "properties": {"kind": "prive_autorisation", "section": "A", "numero": "273", "contenance": 6030, "source": "cadastre.data.gouv.fr (PCI Vecteur Etalab) + BDTOPO_V3:foret_publique (IGN)"}}, {"type": "Feature", "geometry": {"type": "Polygon", "coordinates": [[[0.2047459, 43.5783777], [0.2046981, 43.5785048], [0.2037698, 43.5783072], [0.2038251, 43.5780891], [0.2043021, 43.5780805], [0.2048171, 43.5781329], [0.2047459, 43.5783777]]]}, "properties": {"kind": "prive_autorisation", "section": "A", "numero": "272", "contenance": 2760, "source": "cadastre.data.gouv.fr (PCI Vecteur Etalab) + BDTOPO_V3:foret_publique (IGN)"}}, {"type": "Feature", "geometry": {"type": "Polygon", "coordinates": [[[0.2052756, 43.5776728], [0.2053196, 43.5781197], [0.2048171, 43.5781329], [0.2048226, 43.5780198], [0.204823, 43.5779068], [0.2048181, 43.5777937], [0.2048142, 43.5777445], [0.2048108, 43.5776702], [0.2052756, 43.5776728]]]}, "properties": {"kind": "prive_autorisation", "section": "A", "numero": "271", "contenance": 1970, "source": "cadastre.data.gouv.fr (PCI Vecteur Etalab) + BDTOPO_V3:foret_publique (IGN)"}}, {"type": "Feature", "geometry": {"type": "Polygon", "coordinates": [[[0.2048142, 43.5777445], [0.2048181, 43.5777937], [0.204823, 43.5779068], [0.2048226, 43.5780198], [0.2048171, 43.5781329], [0.2043021, 43.5780805], [0.2038251, 43.5780891], [0.2034843, 43.578049], [0.2048142, 43.5777445]]]}, "properties": {"kind": "prive_autorisation", "section": "A", "numero": "270", "contenance": 2350, "source": "cadastre.data.gouv.fr (PCI Vecteur Etalab) + BDTOPO_V3:foret_publique (IGN)"}}, {"type": "Feature", "geometry": {"type": "Polygon", "coordinates": [[[0.2027167, 43.578388], [0.2026679, 43.5784345], [0.2025768, 43.5784038], [0.2026472, 43.578329], [0.2027167, 43.578388]]]}, "properties": {"kind": "prive_autorisation", "section": "A", "numero": "265", "contenance": 55, "source": "cadastre.data.gouv.fr (PCI Vecteur Etalab) + BDTOPO_V3:foret_publique (IGN)"}}, {"type": "Feature", "geometry": {"type": "Polygon", "coordinates": [[[0.2071937, 43.578657], [0.2073436, 43.5785325], [0.2074893, 43.5784055], [0.2075421, 43.578358], [0.2076449, 43.5782503], [0.2076694, 43.5782524], [0.2075895, 43.5785849], [0.207544, 43.578929], [0.2075381, 43.5789264], [0.2071937, 43.578657]]]}, "properties": {"kind": "prive_autorisation", "section": "A", "numero": "333", "contenance": 1215, "source": "cadastre.data.gouv.fr (PCI Vecteur Etalab) + BDTOPO_V3:foret_publique (IGN)"}}, {"type": "Feature", "geometry": {"type": "Polygon", "coordinates": [[[0.1921491, 43.5791219], [0.1917359, 43.5794853], [0.1914478, 43.5794048], [0.1919041, 43.5789801], [0.1921491, 43.5791219]]]}, "properties": {"kind": "prive_autorisation", "section": "A", "numero": "453", "contenance": 1290, "source": "cadastre.data.gouv.fr (PCI Vecteur Etalab) + BDTOPO_V3:foret_publique (IGN)"}}, {"type": "Feature", "geometry": {"type": "Polygon", "coordinates": [[[0.1925, 43.5812418], [0.1921467, 43.5810563], [0.1921913, 43.5809723], [0.1929671, 43.5805231], [0.1929529, 43.5806332], [0.1925, 43.5812418]]]}, "properties": {"kind": "prive_autorisation", "section": "A", "numero": "220", "contenance": 1860, "source": "cadastre.data.gouv.fr (PCI Vecteur Etalab) + BDTOPO_V3:foret_publique (IGN)"}}, {"type": "Feature", "geometry": {"type": "Polygon", "coordinates": [[[0.192514, 43.5805013], [0.1919268, 43.5807038], [0.1916671, 43.5807694], [0.1915674, 43.5803447], [0.1917599, 43.5803414], [0.1923327, 43.5801304], [0.1923896, 43.5802579], [0.1924515, 43.5803844], [0.192514, 43.5805013]]]}, "properties": {"kind": "prive_autorisation", "section": "A", "numero": "194", "contenance": 3030, "source": "cadastre.data.gouv.fr (PCI Vecteur Etalab) + BDTOPO_V3:foret_publique (IGN)"}}, {"type": "Feature", "geometry": {"type": "Polygon", "coordinates": [[[0.1906119, 43.580382], [0.1906729, 43.5803858], [0.1908139, 43.5804333], [0.1910963, 43.5804341], [0.191231, 43.58033], [0.1915675, 43.5803211], [0.1915674, 43.5803447], [0.1916671, 43.5807694], [0.1917064, 43.5809315], [0.1904008, 43.5808193], [0.1906119, 43.580382]]]}, "properties": {"kind": "prive_autorisation", "section": "A", "numero": "193", "contenance": 5031, "source": "cadastre.data.gouv.fr (PCI Vecteur Etalab) + BDTOPO_V3:foret_publique (IGN)"}}, {"type": "Feature", "geometry": {"type": "Polygon", "coordinates": [[[0.1899342, 43.5802764], [0.1904535, 43.5803719], [0.1906119, 43.580382], [0.1904008, 43.5808193], [0.1902895, 43.5807961], [0.1900047, 43.5807337], [0.1897216, 43.5806678], [0.1897879, 43.5805714], [0.1899342, 43.5802764]]]}, "properties": {"kind": "prive_autorisation", "section": "A", "numero": "192", "contenance": 2713, "source": "cadastre.data.gouv.fr (PCI Vecteur Etalab) + BDTOPO_V3:foret_publique (IGN)"}}, {"type": "Feature", "geometry": {"type": "Polygon", "coordinates": [[[0.1962558, 43.5796893], [0.1970088, 43.5795546], [0.1972729, 43.5799269], [0.1972603, 43.5800335], [0.196943, 43.5801195], [0.196604, 43.5802386], [0.19639, 43.580248], [0.1961285, 43.5802345], [0.1957552, 43.5801171], [0.1952351, 43.5799423], [0.1952183, 43.5799328], [0.1955724, 43.5798497], [0.1962558, 43.5796893]]]}, "properties": {"kind": "prive_autorisation", "section": "A", "numero": "530", "contenance": 7411, "source": "cadastre.data.gouv.fr (PCI Vecteur Etalab) + BDTOPO_V3:foret_publique (IGN)"}}, {"type": "Feature", "geometry": {"type": "Polygon", "coordinates": [[[0.1955724, 43.5798497], [0.1952183, 43.5799328], [0.1943648, 43.579437], [0.194294, 43.5794471], [0.1943541, 43.5793456], [0.1941415, 43.5792081], [0.1941938, 43.5791938], [0.1944346, 43.5792683], [0.1949907, 43.5795489], [0.1955724, 43.5798497]]]}, "properties": {"kind": "prive_autorisation", "section": "A", "numero": "450", "contenance": 2353, "source": "cadastre.data.gouv.fr (PCI Vecteur Etalab) + BDTOPO_V3:foret_publique (IGN)"}}, {"type": "Feature", "geometry": {"type": "Polygon", "coordinates": [[[0.1929678, 43.5808883], [0.1928883, 43.580901], [0.1931071, 43.5804664], [0.1930671, 43.5799241], [0.1932434, 43.5799187], [0.1940104, 43.5799602], [0.193999, 43.58004], [0.1938617, 43.5802537], [0.1938337, 43.5802843], [0.193204, 43.5806347], [0.1930374, 43.5807579], [0.1929678, 43.5808883]]]}, "properties": {"kind": "prive_autorisation", "section": "A", "numero": "223", "contenance": 4265, "source": "cadastre.data.gouv.fr (PCI Vecteur Etalab) + BDTOPO_V3:foret_publique (IGN)"}}, {"type": "Feature", "geometry": {"type": "Polygon", "coordinates": [[[0.1931924, 43.5797048], [0.1932434, 43.5799187], [0.1930671, 43.5799241], [0.1929032, 43.5799293], [0.1929052, 43.5797667], [0.1931924, 43.5797048]]]}, "properties": {"kind": "prive_autorisation", "section": "A", "numero": "222", "contenance": 540, "source": "cadastre.data.gouv.fr (PCI Vecteur Etalab) + BDTOPO_V3:foret_publique (IGN)"}}, {"type": "Feature", "geometry": {"type": "Polygon", "coordinates": [[[0.196239, 43.5792646], [0.1962481, 43.5792569], [0.19643, 43.5792749], [0.19684, 43.5792637], [0.1968593, 43.5793428], [0.196927, 43.5794393], [0.1970088, 43.5795546], [0.1962558, 43.5796893], [0.1959789, 43.579483], [0.196239, 43.5792646]]]}, "properties": {"kind": "prive_autorisation", "section": "A", "numero": "529", "contenance": 2675, "source": "cadastre.data.gouv.fr (PCI Vecteur Etalab) + BDTOPO_V3:foret_publique (IGN)"}}, {"type": "Feature", "geometry": {"type": "Polygon", "coordinates": [[[0.1980952, 43.5797708], [0.1976711, 43.5799004], [0.1972603, 43.5800335], [0.1972729, 43.5799269], [0.1970088, 43.5795546], [0.1976508, 43.5794396], [0.1986315, 43.5792509], [0.1986923, 43.5794129], [0.1980046, 43.5796011], [0.1980952, 43.5797708]]]}, "properties": {"kind": "prive_autorisation", "section": "A", "numero": "528", "contenance": 4933, "source": "cadastre.data.gouv.fr (PCI Vecteur Etalab) + BDTOPO_V3:foret_publique (IGN)"}}, {"type": "Feature", "geometry": {"type": "Polygon", "coordinates": [[[0.1975841, 43.5793219], [0.1985918, 43.5791386], [0.1986315, 43.5792509], [0.1976508, 43.5794396], [0.1975841, 43.5793219]]]}, "properties": {"kind": "prive_autorisation", "section": "A", "numero": "474", "contenance": 1115, "source": "cadastre.data.gouv.fr (PCI Vecteur Etalab) + BDTOPO_V3:foret_publique (IGN)"}}, {"type": "Feature", "geometry": {"type": "Polygon", "coordinates": [[[0.1975841, 43.5793219], [0.1976508, 43.5794396], [0.1970088, 43.5795546], [0.196927, 43.5794393], [0.1975841, 43.5793219]]]}, "properties": {"kind": "prive_autorisation", "section": "A", "numero": "527", "contenance": 744, "source": "cadastre.data.gouv.fr (PCI Vecteur Etalab) + BDTOPO_V3:foret_publique (IGN)"}}, {"type": "Feature", "geometry": {"type": "Polygon", "coordinates": [[[0.1987558, 43.5795607], [0.1980952, 43.5797708], [0.1980046, 43.5796011], [0.1986923, 43.5794129], [0.1987558, 43.5795607]]]}, "properties": {"kind": "prive_autorisation", "section": "A", "numero": "525", "contenance": 1100, "source": "cadastre.data.gouv.fr (PCI Vecteur Etalab) + BDTOPO_V3:foret_publique (IGN)"}}, {"type": "Feature", "geometry": {"type": "Polygon", "coordinates": [[[0.2008471, 43.5802649], [0.2005445, 43.5802279], [0.200517, 43.5802256], [0.2003192, 43.5804779], [0.2002898, 43.5804622], [0.2001085, 43.5803651], [0.1999882, 43.5802766], [0.1998869, 43.5801768], [0.1995328, 43.580404], [0.199501, 43.5803826], [0.1994058, 43.5802875], [0.1992165, 43.5800858], [0.1991179, 43.5799941], [0.2004877, 43.5796415], [0.2008471, 43.5802649]]]}, "properties": {"kind": "prive_autorisation", "section": "A", "numero": "549", "contenance": 6756, "source": "cadastre.data.gouv.fr (PCI Vecteur Etalab) + BDTOPO_V3:foret_publique (IGN)"}}, {"type": "Feature", "geometry": {"type": "Polygon", "coordinates": [[[0.1983005, 43.5808809], [0.1983749, 43.5805687], [0.1988881, 43.580552], [0.1988835, 43.5805742], [0.1988465, 43.5807488], [0.1989597, 43.5807727], [0.1989112, 43.5808884], [0.1983005, 43.5808809]]]}, "properties": {"kind": "prive_autorisation", "section": "A", "numero": "544", "contenance": 1596, "source": "cadastre.data.gouv.fr (PCI Vecteur Etalab) + BDTOPO_V3:foret_publique (IGN)"}}, {"type": "Feature", "geometry": {"type": "Polygon", "coordinates": [[[0.2030678, 43.5808719], [0.2030245, 43.5809917], [0.2029736, 43.5812419], [0.2022705, 43.5811334], [0.2019393, 43.5810767], [0.2020797, 43.5806524], [0.2030678, 43.5808719]]]}, "properties": {"kind": "prive_autorisation", "section": "A", "numero": "470", "contenance": 3716, "source": "cadastre.data.gouv.fr (PCI Vecteur Etalab) + BDTOPO_V3:foret_publique (IGN)"}}, {"type": "Feature", "geometry": {"type": "Polygon", "coordinates": [[[0.2026531, 43.5799711], [0.2028907, 43.580069], [0.2029438, 43.5800873], [0.2033753, 43.5801965], [0.2035712, 43.5803537], [0.2033819, 43.5804726], [0.2025453, 43.5802742], [0.2026531, 43.5799711]]]}, "properties": {"kind": "prive_autorisation", "section": "A", "numero": "275", "contenance": 2370, "source": "cadastre.data.gouv.fr (PCI Vecteur Etalab) + BDTOPO_V3:foret_publique (IGN)"}}, {"type": "Feature", "geometry": {"type": "Polygon", "coordinates": [[[0.2008471, 43.5802649], [0.2011641, 43.5804412], [0.2011847, 43.5804459], [0.2011198, 43.58073], [0.2011129, 43.5807255], [0.2011071, 43.5807218], [0.2003553, 43.5805772], [0.2003663, 43.5805389], [0.2003546, 43.5805133], [0.2003485, 43.5804874], [0.2005445, 43.5802279], [0.2008471, 43.5802649]]]}, "properties": {"kind": "prive_autorisation", "section": "A", "numero": "247", "contenance": 2460, "source": "cadastre.data.gouv.fr (PCI Vecteur Etalab) + BDTOPO_V3:foret_publique (IGN)"}}, {"type": "Feature", "geometry": {"type": "Polygon", "coordinates": [[[0.2020797, 43.5806524], [0.2019393, 43.5810767], [0.2022705, 43.5811334], [0.2021989, 43.5813372], [0.2021194, 43.5813521], [0.2020022, 43.5816151], [0.2019909, 43.581612], [0.2014007, 43.581368], [0.2014587, 43.5811656], [0.2015001, 43.5810005], [0.2011198, 43.58073], [0.2011847, 43.5804459], [0.2020797, 43.5806524]]]}, "properties": {"kind": "bati", "section": "A", "numero": "242", "contenance": 6377, "source": "cadastre.data.gouv.fr (PCI Vecteur Etalab) + BDTOPO_V3:foret_publique (IGN)"}}, {"type": "Feature", "geometry": {"type": "Polygon", "coordinates": [[[0.2011129, 43.5807255], [0.2011198, 43.58073], [0.2015001, 43.5810005], [0.2014587, 43.5811656], [0.2014007, 43.581368], [0.2010512, 43.5811562], [0.2009822, 43.5811227], [0.200909, 43.5810987], [0.2010247, 43.5809288], [0.2010181, 43.5809281], [0.2009721, 43.5808913], [0.20097, 43.5808895], [0.2011129, 43.5807255]]]}, "properties": {"kind": "bati", "section": "A", "numero": "241", "contenance": 1831, "source": "cadastre.data.gouv.fr (PCI Vecteur Etalab) + BDTOPO_V3:foret_publique (IGN)"}}, {"type": "Feature", "geometry": {"type": "Polygon", "coordinates": [[[0.2003553, 43.5805772], [0.2011071, 43.5807218], [0.2011129, 43.5807255], [0.20097, 43.5808895], [0.2009591, 43.5808852], [0.2008892, 43.5809025], [0.2007304, 43.5808737], [0.2007059, 43.5809163], [0.2006869, 43.580958], [0.200698, 43.5809617], [0.2006537, 43.5810471], [0.2005433, 43.5810431], [0.2004128, 43.5809946], [0.200457, 43.5809479], [0.2003587, 43.5809064], [0.2003251, 43.5808865], [0.2003556, 43.5808485], [0.2002924, 43.5808172], [0.2002849, 43.5808251], [0.2002408, 43.5807984], [0.2003104, 43.5807324], [0.2003328, 43.5806986], [0.2003579, 43.5806595], [0.2003331, 43.5806492], [0.2003553, 43.5805772]]]}, "properties": {"kind": "bati", "section": "A", "numero": "239", "contenance": 1988, "source": "cadastre.data.gouv.fr (PCI Vecteur Etalab) + BDTOPO_V3:foret_publique (IGN)"}}, {"type": "Feature", "geometry": {"type": "Polygon", "coordinates": [[[0.1995328, 43.580404], [0.1998869, 43.5801768], [0.1999882, 43.5802766], [0.2001085, 43.5803651], [0.2002898, 43.5804622], [0.2002688, 43.5804784], [0.2002002, 43.5805316], [0.2000924, 43.5806009], [0.2002174, 43.5806515], [0.2002582, 43.5806322], [0.2002918, 43.5806487], [0.2001752, 43.5807651], [0.2001006, 43.5807269], [0.20006, 43.5807325], [0.2000521, 43.5807368], [0.1998662, 43.5806189], [0.1998209, 43.5805913], [0.1996752, 43.5804991], [0.1995328, 43.580404]]]}, "properties": {"kind": "bati", "section": "A", "numero": "235", "contenance": 1891, "source": "cadastre.data.gouv.fr (PCI Vecteur Etalab) + BDTOPO_V3:foret_publique (IGN)"}}, {"type": "Feature", "geometry": {"type": "Polygon", "coordinates": [[[0.2002801, 43.5811496], [0.1999343, 43.5810548], [0.1997726, 43.580997], [0.1996386, 43.5809444], [0.1995069, 43.5808885], [0.1995748, 43.580827], [0.1998311, 43.5806921], [0.2000189, 43.5807945], [0.2002742, 43.580981], [0.2003311, 43.5810078], [0.2003909, 43.5810315], [0.200347, 43.5810783], [0.2002801, 43.5811496]]]}, "properties": {"kind": "bati", "section": "A", "numero": "234", "contenance": 1625, "source": "cadastre.data.gouv.fr (PCI Vecteur Etalab) + BDTOPO_V3:foret_publique (IGN)"}}, {"type": "Feature", "geometry": {"type": "Polygon", "coordinates": [[[0.2077939, 43.5804446], [0.2075171, 43.5806915], [0.2074224, 43.580545], [0.2071827, 43.5807188], [0.2070698, 43.5808162], [0.20677, 43.5807097], [0.2065238, 43.5805952], [0.2066382, 43.5804534], [0.2063023, 43.5800996], [0.2064812, 43.5800318], [0.2064463, 43.5799879], [0.2067416, 43.5799602], [0.2077939, 43.5804446]]]}, "properties": {"kind": "prive_autorisation", "section": "A", "numero": "330", "contenance": 5890, "source": "cadastre.data.gouv.fr (PCI Vecteur Etalab) + BDTOPO_V3:foret_publique (IGN)"}}, {"type": "Feature", "geometry": {"type": "Polygon", "coordinates": [[[0.2077939, 43.5804446], [0.2067416, 43.5799602], [0.2064463, 43.5799879], [0.206326, 43.5798393], [0.2061821, 43.5796573], [0.2068911, 43.579578], [0.2069961, 43.5796648], [0.2074072, 43.5798912], [0.2075862, 43.5799615], [0.2080558, 43.5802114], [0.2079268, 43.5803263], [0.2077939, 43.5804446]]]}, "properties": {"kind": "prive_autorisation", "section": "A", "numero": "329", "contenance": 5481, "source": "cadastre.data.gouv.fr (PCI Vecteur Etalab) + BDTOPO_V3:foret_publique (IGN)"}}, {"type": "Feature", "geometry": {"type": "Polygon", "coordinates": [[[0.2057267, 43.5816421], [0.2059817, 43.5813315], [0.2060195, 43.5812706], [0.2060423, 43.5810126], [0.2061052, 43.5809374], [0.2061755, 43.5808611], [0.2063727, 43.5806725], [0.2065238, 43.5805952], [0.20677, 43.5807097], [0.2070698, 43.5808162], [0.2061735, 43.5816021], [0.2059703, 43.5817811], [0.2057267, 43.5816421]]]}, "properties": {"kind": "prive_autorisation", "section": "A", "numero": "279", "contenance": 5730, "source": "cadastre.data.gouv.fr (PCI Vecteur Etalab) + BDTOPO_V3:foret_publique (IGN)"}}, {"type": "Feature", "geometry": {"type": "Polygon", "coordinates": [[[0.2084045, 43.5799043], [0.2085563, 43.5799944], [0.2083246, 43.5802014], [0.2081725, 43.5801086], [0.2084045, 43.5799043]]]}, "properties": {"kind": "prive_autorisation", "section": "A", "numero": "327", "contenance": 461, "source": "cadastre.data.gouv.fr (PCI Vecteur Etalab) + BDTOPO_V3:foret_publique (IGN)"}}, {"type": "Feature", "geometry": {"type": "Polygon", "coordinates": [[[0.2079268, 43.5803263], [0.2080558, 43.5802114], [0.2081725, 43.5801086], [0.2083246, 43.5802014], [0.2085563, 43.5799944], [0.2088523, 43.5801724], [0.2083554, 43.5806092], [0.2079268, 43.5803263]]]}, "properties": {"kind": "prive_autorisation", "section": "A", "numero": "326", "contenance": 2456, "source": "cadastre.data.gouv.fr (PCI Vecteur Etalab) + BDTOPO_V3:foret_publique (IGN)"}}, {"type": "Feature", "geometry": {"type": "Polygon", "coordinates": [[[0.1926948, 43.5811884], [0.192831, 43.5812602], [0.1935319, 43.5814953], [0.1939732, 43.5816082], [0.1937855, 43.5815897], [0.1932722, 43.5814954], [0.1930044, 43.5814726], [0.1926213, 43.5813015], [0.1926948, 43.5811884]]]}, "properties": {"kind": "prive_autorisation", "section": "A", "numero": "219", "contenance": 974, "source": "cadastre.data.gouv.fr (PCI Vecteur Etalab) + BDTOPO_V3:foret_publique (IGN)"}}, {"type": "Feature", "geometry": {"type": "Polygon", "coordinates": [[[0.1932312, 43.5816543], [0.1930673, 43.5816155], [0.1925432, 43.5814614], [0.192455, 43.5814269], [0.1920038, 43.5812333], [0.1921369, 43.581075], [0.1921467, 43.5810563], [0.1925, 43.5812418], [0.1926213, 43.5813015], [0.1930044, 43.5814726], [0.1932722, 43.5814954], [0.1932312, 43.5816543]]]}, "properties": {"kind": "prive_autorisation", "section": "A", "numero": "218", "contenance": 1820, "source": "cadastre.data.gouv.fr (PCI Vecteur Etalab) + BDTOPO_V3:foret_publique (IGN)"}}, {"type": "Feature", "geometry": {"type": "Polygon", "coordinates": [[[0.193188, 43.5834317], [0.1932556, 43.5827141], [0.1934836, 43.5827298], [0.1937299, 43.5827467], [0.1947663, 43.5826017], [0.1948052, 43.5829363], [0.193188, 43.5834317]]]}, "properties": {"kind": "prive_autorisation", "section": "A", "numero": "207", "contenance": 7020, "source": "cadastre.data.gouv.fr (PCI Vecteur Etalab) + BDTOPO_V3:foret_publique (IGN)"}}, {"type": "Feature", "geometry": {"type": "Polygon", "coordinates": [[[0.1932, 43.5821933], [0.1935721, 43.5822635], [0.193943, 43.5823374], [0.1941315, 43.5823766], [0.194471, 43.5823944], [0.1946715, 43.5823824], [0.1948609, 43.5823453], [0.1951965, 43.5822657], [0.1953398, 43.5827768], [0.1952164, 43.5828079], [0.1951056, 43.5825573], [0.1947663, 43.5826017], [0.1937299, 43.5827467], [0.1934836, 43.5827298], [0.1935617, 43.5825026], [0.193178, 43.5824376], [0.1932, 43.5821933]]]}, "properties": {"kind": "prive_autorisation", "section": "A", "numero": "206", "contenance": 5895, "source": "cadastre.data.gouv.fr (PCI Vecteur Etalab) + BDTOPO_V3:foret_publique (IGN)"}}, {"type": "Feature", "geometry": {"type": "Polygon", "coordinates": [[[0.1906138, 43.5814661], [0.1902606, 43.5821432], [0.1899538, 43.582449], [0.1898507, 43.5824243], [0.1901186, 43.5820473], [0.1906138, 43.5814661]]]}, "properties": {"kind": "prive_autorisation", "section": "A", "numero": "201", "contenance": 1118, "source": "cadastre.data.gouv.fr (PCI Vecteur Etalab) + BDTOPO_V3:foret_publique (IGN)"}}, {"type": "Feature", "geometry": {"type": "Polygon", "coordinates": [[[0.1911103, 43.5817856], [0.1907968, 43.5817769], [0.1906228, 43.5814557], [0.1910601, 43.581504], [0.1910001, 43.5816265], [0.1910342, 43.5816321], [0.1911103, 43.5817856]]]}, "properties": {"kind": "prive_autorisation", "section": "A", "numero": "200", "contenance": 880, "source": "cadastre.data.gouv.fr (PCI Vecteur Etalab) + BDTOPO_V3:foret_publique (IGN)"}}, {"type": "Feature", "geometry": {"type": "Polygon", "coordinates": [[[0.1919773, 43.5823251], [0.1916188, 43.5822569], [0.1913257, 43.5822198], [0.1911103, 43.5817856], [0.1910342, 43.5816321], [0.1915472, 43.5817184], [0.1918619, 43.5817715], [0.1919773, 43.5823251]]]}, "properties": {"kind": "prive_autorisation", "section": "A", "numero": "199", "contenance": 3510, "source": "cadastre.data.gouv.fr (PCI Vecteur Etalab) + BDTOPO_V3:foret_publique (IGN)"}}, {"type": "Feature", "geometry": {"type": "Polygon", "coordinates": [[[0.1919773, 43.5823251], [0.1918619, 43.5817715], [0.1919265, 43.5817819], [0.1922601, 43.5817685], [0.1924988, 43.5818386], [0.1925588, 43.5824352], [0.1919773, 43.5823251]]]}, "properties": {"kind": "prive_autorisation", "section": "A", "numero": "198", "contenance": 3170, "source": "cadastre.data.gouv.fr (PCI Vecteur Etalab) + BDTOPO_V3:foret_publique (IGN)"}}, {"type": "Feature", "geometry": {"type": "Polygon", "coordinates": [[[0.1932312, 43.5816543], [0.1932175, 43.5819247], [0.192708, 43.5818983], [0.1924988, 43.5818386], [0.1922601, 43.5817685], [0.1919265, 43.5817819], [0.1918619, 43.5817715], [0.1915472, 43.5817184], [0.1916451, 43.5811808], [0.1917902, 43.581195], [0.1920038, 43.5812333], [0.192455, 43.5814269], [0.1925432, 43.5814614], [0.1930673, 43.5816155], [0.1932312, 43.5816543]]]}, "properties": {"kind": "prive_autorisation", "section": "A", "numero": "196", "contenance": 6200, "source": "cadastre.data.gouv.fr (PCI Vecteur Etalab) + BDTOPO_V3:foret_publique (IGN)"}}, {"type": "Feature", "geometry": {"type": "Polygon", "coordinates": [[[0.1916451, 43.5811808], [0.1915472, 43.5817184], [0.1910342, 43.5816321], [0.1910001, 43.5816265], [0.1910601, 43.581504], [0.1909127, 43.5810946], [0.1916451, 43.5811808]]]}, "properties": {"kind": "prive_autorisation", "section": "A", "numero": "195", "contenance": 2820, "source": "cadastre.data.gouv.fr (PCI Vecteur Etalab) + BDTOPO_V3:foret_publique (IGN)"}}, {"type": "Feature", "geometry": {"type": "Polygon", "coordinates": [[[0.1900415, 43.5811629], [0.1899791, 43.5811837], [0.1896749, 43.5815645], [0.1895232, 43.581537], [0.1892216, 43.5814775], [0.1892263, 43.5813768], [0.189304, 43.5811899], [0.1894765, 43.5809714], [0.1900415, 43.5811629]]]}, "properties": {"kind": "prive_autorisation", "section": "A", "numero": "190", "contenance": 2476, "source": "cadastre.data.gouv.fr (PCI Vecteur Etalab) + BDTOPO_V3:foret_publique (IGN)"}}, {"type": "Feature", "geometry": {"type": "Polygon", "coordinates": [[[0.1932695, 43.5808398], [0.1929678, 43.5808883], [0.1930374, 43.5807579], [0.193204, 43.5806347], [0.1932695, 43.5808398]]]}, "properties": {"kind": "prive_autorisation", "section": "A", "numero": "224", "contenance": 350, "source": "cadastre.data.gouv.fr (PCI Vecteur Etalab) + BDTOPO_V3:foret_publique (IGN)"}}, {"type": "Feature", "geometry": {"type": "Polygon", "coordinates": [[[0.195281, 43.5822457], [0.1953848, 43.5822211], [0.195563, 43.5821974], [0.1957864, 43.5826677], [0.1956077, 43.5827035], [0.1954552, 43.5827478], [0.195281, 43.5822457]]]}, "properties": {"kind": "prive_autorisation", "section": "A", "numero": "210", "contenance": 1510, "source": "cadastre.data.gouv.fr (PCI Vecteur Etalab) + BDTOPO_V3:foret_publique (IGN)"}}, {"type": "Feature", "geometry": {"type": "Polygon", "coordinates": [[[0.1951965, 43.5822657], [0.195281, 43.5822457], [0.1954552, 43.5827478], [0.1953398, 43.5827768], [0.1951965, 43.5822657]]]}, "properties": {"kind": "prive_autorisation", "section": "A", "numero": "209", "contenance": 520, "source": "cadastre.data.gouv.fr (PCI Vecteur Etalab) + BDTOPO_V3:foret_publique (IGN)"}}, {"type": "Feature", "geometry": {"type": "Polygon", "coordinates": [[[0.1925727, 43.5836491], [0.19272, 43.5824662], [0.1927412, 43.5824702], [0.1930717, 43.5826269], [0.1932556, 43.5827141], [0.193188, 43.5834317], [0.1925727, 43.5836491]]]}, "properties": {"kind": "prive_autorisation", "section": "A", "numero": "204", "contenance": 5030, "source": "cadastre.data.gouv.fr (PCI Vecteur Etalab) + BDTOPO_V3:foret_publique (IGN)"}}, {"type": "Feature", "geometry": {"type": "Polygon", "coordinates": [[[0.1932175, 43.5819247], [0.1932, 43.5821933], [0.193178, 43.5824376], [0.1931735, 43.582487], [0.1930717, 43.5826269], [0.1927412, 43.5824702], [0.19272, 43.5824662], [0.1925588, 43.5824352], [0.1924988, 43.5818386], [0.192708, 43.5818983], [0.1932175, 43.5819247]]]}, "properties": {"kind": "prive_autorisation", "section": "A", "numero": "197", "contenance": 3630, "source": "cadastre.data.gouv.fr (PCI Vecteur Etalab) + BDTOPO_V3:foret_publique (IGN)"}}, {"type": "Feature", "geometry": {"type": "Polygon", "coordinates": [[[0.1960297, 43.582152], [0.1961728, 43.5821413], [0.1962849, 43.5826172], [0.1961379, 43.5826331], [0.1960297, 43.582152]]]}, "properties": {"kind": "prive_autorisation", "section": "A", "numero": "215", "contenance": 660, "source": "cadastre.data.gouv.fr (PCI Vecteur Etalab) + BDTOPO_V3:foret_publique (IGN)"}}, {"type": "Feature", "geometry": {"type": "Polygon", "coordinates": [[[0.1959349, 43.582159], [0.1960297, 43.582152], [0.1961379, 43.5826331], [0.1960629, 43.58264], [0.1959349, 43.582159]]]}, "properties": {"kind": "prive_autorisation", "section": "A", "numero": "214", "contenance": 410, "source": "cadastre.data.gouv.fr (PCI Vecteur Etalab) + BDTOPO_V3:foret_publique (IGN)"}}, {"type": "Feature", "geometry": {"type": "Polygon", "coordinates": [[[0.1958345, 43.5821666], [0.1959349, 43.582159], [0.1960629, 43.58264], [0.1959965, 43.5826473], [0.1958345, 43.5821666]]]}, "properties": {"kind": "prive_autorisation", "section": "A", "numero": "213", "contenance": 390, "source": "cadastre.data.gouv.fr (PCI Vecteur Etalab) + BDTOPO_V3:foret_publique (IGN)"}}, {"type": "Feature", "geometry": {"type": "Polygon", "coordinates": [[[0.1957257, 43.5821763], [0.1958345, 43.5821666], [0.1959965, 43.5826473], [0.1959207, 43.5826543], [0.1957257, 43.5821763]]]}, "properties": {"kind": "prive_autorisation", "section": "A", "numero": "212", "contenance": 430, "source": "cadastre.data.gouv.fr (PCI Vecteur Etalab) + BDTOPO_V3:foret_publique (IGN)"}}, {"type": "Feature", "geometry": {"type": "Polygon", "coordinates": [[[0.195563, 43.5821974], [0.1957257, 43.5821763], [0.1959207, 43.5826543], [0.1957864, 43.5826677], [0.195563, 43.5821974]]]}, "properties": {"kind": "prive_autorisation", "section": "A", "numero": "211", "contenance": 700, "source": "cadastre.data.gouv.fr (PCI Vecteur Etalab) + BDTOPO_V3:foret_publique (IGN)"}}, {"type": "Feature", "geometry": {"type": "Polygon", "coordinates": [[[0.1989597, 43.5807727], [0.198968, 43.5807529], [0.1992315, 43.5807792], [0.1993353, 43.5805749], [0.1994263, 43.5805822], [0.1995166, 43.5805932], [0.1996058, 43.580608], [0.1996289, 43.5806123], [0.199696, 43.5806378], [0.1997912, 43.5806739], [0.1998311, 43.5806921], [0.1995748, 43.580827], [0.1995069, 43.5808885], [0.1989597, 43.5807727]]]}, "properties": {"kind": "prive_autorisation", "section": "A", "numero": "547", "contenance": 1112, "source": "cadastre.data.gouv.fr (PCI Vecteur Etalab) + BDTOPO_V3:foret_publique (IGN)"}}, {"type": "Feature", "geometry": {"type": "Polygon", "coordinates": [[[0.2022705, 43.5811334], [0.2029736, 43.5812419], [0.2029803, 43.5813381], [0.2028454, 43.5813103], [0.2024064, 43.5812982], [0.2021989, 43.5813372], [0.2022705, 43.5811334]]]}, "properties": {"kind": "prive_autorisation", "section": "A", "numero": "244", "contenance": 833, "source": "cadastre.data.gouv.fr (PCI Vecteur Etalab) + BDTOPO_V3:foret_publique (IGN)"}}, {"type": "Feature", "geometry": {"type": "Polygon", "coordinates": [[[0.2021989, 43.5813372], [0.2024064, 43.5812982], [0.2028454, 43.5813103], [0.2029803, 43.5813381], [0.2029848, 43.5814033], [0.2030491, 43.581548], [0.2030262, 43.5815706], [0.2029748, 43.5815921], [0.2027564, 43.5816143], [0.2025662, 43.5816377], [0.2024647, 43.5816433], [0.2023929, 43.5816467], [0.2022925, 43.581648], [0.2021922, 43.5816454], [0.2020921, 43.5816392], [0.2020022, 43.5816151], [0.2021194, 43.5813521], [0.2021989, 43.5813372]]]}, "properties": {"kind": "prive_autorisation", "section": "A", "numero": "243", "contenance": 2643, "source": "cadastre.data.gouv.fr (PCI Vecteur Etalab) + BDTOPO_V3:foret_publique (IGN)"}}, {"type": "Feature", "geometry": {"type": "Polygon", "coordinates": [[[0.20097, 43.5808895], [0.2009721, 43.5808913], [0.2010181, 43.5809281], [0.2010247, 43.5809288], [0.200909, 43.5810987], [0.2007419, 43.5810563], [0.2006537, 43.5810471], [0.200698, 43.5809617], [0.2006869, 43.580958], [0.2007059, 43.5809163], [0.2007304, 43.5808737], [0.2008892, 43.5809025], [0.2009591, 43.5808852], [0.20097, 43.5808895]]]}, "properties": {"kind": "bati", "section": "A", "numero": "240", "contenance": 504, "source": "cadastre.data.gouv.fr (PCI Vecteur Etalab) + BDTOPO_V3:foret_publique (IGN)"}}, {"type": "Feature", "geometry": {"type": "Polygon", "coordinates": [[[0.2004128, 43.5809946], [0.2003698, 43.5809765], [0.200318, 43.5809508], [0.2002694, 43.5809221], [0.2002243, 43.5808905], [0.2001708, 43.5808568], [0.2003328, 43.5806986], [0.2003104, 43.5807324], [0.2002408, 43.5807984], [0.2002849, 43.5808251], [0.2002924, 43.5808172], [0.2003556, 43.5808485], [0.2003251, 43.5808865], [0.2003587, 43.5809064], [0.200457, 43.5809479], [0.2004128, 43.5809946]]]}, "properties": {"kind": "bati", "section": "A", "numero": "238", "contenance": 202, "source": "cadastre.data.gouv.fr (PCI Vecteur Etalab) + BDTOPO_V3:foret_publique (IGN)"}}, {"type": "Feature", "geometry": {"type": "Polygon", "coordinates": [[[0.2002918, 43.5806487], [0.2002926, 43.5807025], [0.200156, 43.5808405], [0.2000523, 43.5807494], [0.2000521, 43.5807368], [0.20006, 43.5807325], [0.2001006, 43.5807269], [0.2001752, 43.5807651], [0.2002918, 43.5806487]]]}, "properties": {"kind": "prive_autorisation", "section": "A", "numero": "237", "contenance": 151, "source": "cadastre.data.gouv.fr (PCI Vecteur Etalab) + BDTOPO_V3:foret_publique (IGN)"}}, {"type": "Feature", "geometry": {"type": "Polygon", "coordinates": [[[0.2002898, 43.5804622], [0.2003192, 43.5804779], [0.2003172, 43.5804894], [0.200323, 43.580527], [0.2003012, 43.5805957], [0.2003108, 43.5806125], [0.2002918, 43.5806487], [0.2002582, 43.5806322], [0.2002174, 43.5806515], [0.2000924, 43.5806009], [0.2002002, 43.5805316], [0.2002688, 43.5804784], [0.2002898, 43.5804622]]]}, "properties": {"kind": "bati", "section": "A", "numero": "236", "contenance": 202, "source": "cadastre.data.gouv.fr (PCI Vecteur Etalab) + BDTOPO_V3:foret_publique (IGN)"}}, {"type": "Feature", "geometry": {"type": "Polygon", "coordinates": [[[0.2004106, 43.5811892], [0.2002801, 43.5811496], [0.200347, 43.5810783], [0.2003909, 43.5810315], [0.2005301, 43.5810869], [0.200724, 43.5811026], [0.2007397, 43.5811039], [0.2008415, 43.5811372], [0.2009083, 43.581159], [0.2010251, 43.5812248], [0.2009985, 43.5812723], [0.2007945, 43.5812254], [0.2007722, 43.581271], [0.2007459, 43.581267], [0.2006786, 43.5812541], [0.2006128, 43.5812377], [0.2005489, 43.5812177], [0.2005052, 43.5812121], [0.2004571, 43.5812024], [0.2004106, 43.5811892]]]}, "properties": {"kind": "bati", "section": "A", "numero": "233", "contenance": 780, "source": "cadastre.data.gouv.fr (PCI Vecteur Etalab) + BDTOPO_V3:foret_publique (IGN)"}}, {"type": "Feature", "geometry": {"type": "Polygon", "coordinates": [[[0.2003497, 43.5822064], [0.2005232, 43.5819147], [0.2007478, 43.5818956], [0.2008239, 43.5818712], [0.2009309, 43.5818881], [0.2009378, 43.5819405], [0.2013914, 43.5819804], [0.2013009, 43.5820129], [0.2009003, 43.5821172], [0.2003497, 43.5822064]]]}, "properties": {"kind": "prive_autorisation", "section": "A", "numero": "230", "contenance": 1600, "source": "cadastre.data.gouv.fr (PCI Vecteur Etalab) + BDTOPO_V3:foret_publique (IGN)"}}, {"type": "Feature", "geometry": {"type": "Polygon", "coordinates": [[[0.1993353, 43.5805749], [0.1992315, 43.5807792], [0.198968, 43.5807529], [0.1990507, 43.5805529], [0.1991613, 43.5805585], [0.1992714, 43.5805678], [0.1993353, 43.5805749]]]}, "properties": {"kind": "prive_autorisation", "section": "A", "numero": "228", "contenance": 500, "source": "cadastre.data.gouv.fr (PCI Vecteur Etalab) + BDTOPO_V3:foret_publique (IGN)"}}, {"type": "Feature", "geometry": {"type": "Polygon", "coordinates": [[[0.1989597, 43.5807727], [0.1988465, 43.5807488], [0.1988835, 43.5805742], [0.1988881, 43.580552], [0.1989747, 43.5805492], [0.1990507, 43.5805529], [0.198968, 43.5807529], [0.1989597, 43.5807727]]]}, "properties": {"kind": "prive_autorisation", "section": "A", "numero": "545", "contenance": 264, "source": "cadastre.data.gouv.fr (PCI Vecteur Etalab) + BDTOPO_V3:foret_publique (IGN)"}}, {"type": "Feature", "geometry": {"type": "Polygon", "coordinates": [[[0.2003062, 43.5813821], [0.2004106, 43.5811892], [0.2004571, 43.5812024], [0.2005052, 43.5812121], [0.2005489, 43.5812177], [0.2006128, 43.5812377], [0.2006786, 43.5812541], [0.2007459, 43.581267], [0.2007722, 43.581271], [0.2007945, 43.5812254], [0.2009985, 43.5812723], [0.2010251, 43.5812248], [0.201052, 43.5812428], [0.2008237, 43.5815101], [0.2007225, 43.5814926], [0.2005302, 43.5814542], [0.2003062, 43.5813821]]]}, "properties": {"kind": "bati", "section": "A", "numero": "533", "contenance": 1253, "source": "cadastre.data.gouv.fr (PCI Vecteur Etalab) + BDTOPO_V3:foret_publique (IGN)"}}, {"type": "Feature", "geometry": {"type": "Polygon", "coordinates": [[[0.2001548, 43.5814747], [0.2002367, 43.5813646], [0.2003062, 43.5813821], [0.2005302, 43.5814542], [0.2007225, 43.5814926], [0.2008237, 43.5815101], [0.2007861, 43.5815539], [0.2005098, 43.5815513], [0.2002482, 43.5814949], [0.2001548, 43.5814747]]]}, "properties": {"kind": "prive_autorisation", "section": "A", "numero": "531", "contenance": 530, "source": "cadastre.data.gouv.fr (PCI Vecteur Etalab) + BDTOPO_V3:foret_publique (IGN)"}}, {"type": "Feature", "geometry": {"type": "Polygon", "coordinates": [[[0.2013858, 43.5814449], [0.2012694, 43.5815869], [0.2008237, 43.5815101], [0.201052, 43.5812428], [0.20111, 43.5812817], [0.2012172, 43.5813466], [0.2013538, 43.5814278], [0.2013858, 43.5814449]]]}, "properties": {"kind": "prive_autorisation", "section": "A", "numero": "534", "contenance": 930, "source": "cadastre.data.gouv.fr (PCI Vecteur Etalab) + BDTOPO_V3:foret_publique (IGN)"}}, {"type": "Feature", "geometry": {"type": "Polygon", "coordinates": [[[0.2057267, 43.5816421], [0.2059703, 43.5817811], [0.2059018, 43.5818416], [0.2059393, 43.5819225], [0.2058757, 43.5819943], [0.2054843, 43.5821959], [0.2054089, 43.5822013], [0.2053693, 43.5821839], [0.2051266, 43.5821207], [0.2042531, 43.581889], [0.2041272, 43.5818501], [0.2041452, 43.5816481], [0.2041752, 43.5813129], [0.2045398, 43.5812844], [0.2051892, 43.581459], [0.2053397, 43.5815022], [0.2055197, 43.5815241], [0.2057267, 43.5816421]]]}, "properties": {"kind": "prive_autorisation", "section": "A", "numero": "511", "contenance": 9730, "source": "cadastre.data.gouv.fr (PCI Vecteur Etalab) + BDTOPO_V3:foret_publique (IGN)"}}, {"type": "Feature", "geometry": {"type": "Polygon", "coordinates": [[[0.2065516, 43.5829141], [0.206209, 43.5826433], [0.2061697, 43.5826356], [0.2060364, 43.5825006], [0.2059729, 43.5825035], [0.2056633, 43.5821475], [0.2059024, 43.5820276], [0.2059697, 43.5819605], [0.2060469, 43.5820018], [0.2062498, 43.58223], [0.2064061, 43.5823554], [0.2065584, 43.5824831], [0.2066452, 43.5825586], [0.2068171, 43.5827267], [0.2068649, 43.5827526], [0.2070049, 43.5828758], [0.2066901, 43.5829023], [0.2065516, 43.5829141]]]}, "properties": {"kind": "prive_autorisation", "section": "A", "numero": "505", "contenance": 4002, "source": "cadastre.data.gouv.fr (PCI Vecteur Etalab) + BDTOPO_V3:foret_publique (IGN)"}}, {"type": "Feature", "geometry": {"type": "Polygon", "coordinates": [[[0.204471, 43.5838656], [0.2043993, 43.5834242], [0.2042968, 43.5831814], [0.2045821, 43.5831589], [0.2052291, 43.5831138], [0.205533, 43.5830631], [0.2055644, 43.5831061], [0.2058414, 43.5834545], [0.2060249, 43.5836929], [0.2059561, 43.5837216], [0.2055568, 43.5838492], [0.2051888, 43.5838669], [0.2048106, 43.5838683], [0.204471, 43.5838656]]]}, "properties": {"kind": "prive_autorisation", "section": "A", "numero": "288", "contenance": 9480, "source": "cadastre.data.gouv.fr (PCI Vecteur Etalab) + BDTOPO_V3:foret_publique (IGN)"}}, {"type": "Feature", "geometry": {"type": "Polygon", "coordinates": [[[0.2069104, 43.5823253], [0.2066452, 43.5825586], [0.2065584, 43.5824831], [0.2064061, 43.5823554], [0.2062498, 43.58223], [0.2060469, 43.5820018], [0.2059697, 43.5819605], [0.2059393, 43.5819225], [0.2059018, 43.5818416], [0.2059703, 43.5817811], [0.2061735, 43.5816021], [0.2064115, 43.5817278], [0.2064767, 43.5818314], [0.2064897, 43.5819327], [0.2067119, 43.5821375], [0.2067301, 43.5821608], [0.2069104, 43.5823253]]]}, "properties": {"kind": "prive_autorisation", "section": "A", "numero": "281", "contenance": 3570, "source": "cadastre.data.gouv.fr (PCI Vecteur Etalab) + BDTOPO_V3:foret_publique (IGN)"}}, {"type": "Feature", "geometry": {"type": "Polygon", "coordinates": [[[0.2074318, 43.5815315], [0.2070956, 43.5814002], [0.2075634, 43.5810039], [0.2075773, 43.5810874], [0.2077171, 43.5812236], [0.2074318, 43.5815315]]]}, "properties": {"kind": "prive_autorisation", "section": "A", "numero": "325", "contenance": 1299, "source": "cadastre.data.gouv.fr (PCI Vecteur Etalab) + BDTOPO_V3:foret_publique (IGN)"}}, {"type": "Feature", "geometry": {"type": "Polygon", "coordinates": [[[0.2101854, 43.5838368], [0.2105846, 43.583653], [0.2111338, 43.5834251], [0.2113939, 43.5832901], [0.211597, 43.5834332], [0.2117099, 43.5835128], [0.2117419, 43.5835435], [0.2115358, 43.5836586], [0.2107177, 43.5841172], [0.2107068, 43.5841148], [0.2104892, 43.5842124], [0.2099587, 43.5839723], [0.2101854, 43.5838368]]]}, "properties": {"kind": "prive_autorisation", "section": "A", "numero": "321", "contenance": 5745, "source": "cadastre.data.gouv.fr (PCI Vecteur Etalab) + BDTOPO_V3:foret_publique (IGN)"}}, {"type": "Feature", "geometry": {"type": "Polygon", "coordinates": [[[0.2113939, 43.5832901], [0.212261, 43.5828102], [0.212313, 43.5828421], [0.211597, 43.5834332], [0.2113939, 43.5832901]]]}, "properties": {"kind": "prive_autorisation", "section": "A", "numero": "320", "contenance": 1195, "source": "cadastre.data.gouv.fr (PCI Vecteur Etalab) + BDTOPO_V3:foret_publique (IGN)"}}, {"type": "Feature", "geometry": {"type": "Polygon", "coordinates": [[[0.21323, 43.5833965], [0.2125719, 43.583773], [0.2124407, 43.5837636], [0.2122914, 43.5836352], [0.2119713, 43.5833588], [0.2117099, 43.5835128], [0.211597, 43.5834332], [0.212313, 43.5828421], [0.2129887, 43.5832546], [0.21323, 43.5833965]]]}, "properties": {"kind": "prive_autorisation", "section": "A", "numero": "319", "contenance": 6358, "source": "cadastre.data.gouv.fr (PCI Vecteur Etalab) + BDTOPO_V3:foret_publique (IGN)"}}, {"type": "Feature", "geometry": {"type": "Polygon", "coordinates": [[[0.1895864, 43.5831476], [0.1895627, 43.5836511], [0.1895541, 43.5839884], [0.1890423, 43.5840547], [0.1886485, 43.5840013], [0.1883318, 43.5838975], [0.1883669, 43.5838054], [0.1883405, 43.583339], [0.1883637, 43.5832842], [0.1895864, 43.5831476]]]}, "properties": {"kind": "prive_autorisation", "section": "A", "numero": "187", "contenance": 8550, "source": "cadastre.data.gouv.fr (PCI Vecteur Etalab) + BDTOPO_V3:foret_publique (IGN)"}}, {"type": "Feature", "geometry": {"type": "Polygon", "coordinates": [[[0.1909596, 43.5844495], [0.1909102, 43.5844844], [0.1907412, 43.5845709], [0.1906048, 43.5846507], [0.1905233, 43.5846988], [0.1904196, 43.5847447], [0.1903263, 43.584809], [0.1902566, 43.5848307], [0.189965, 43.5850349], [0.1897378, 43.5847472], [0.189726, 43.5845706], [0.1896035, 43.5840365], [0.1900747, 43.5838641], [0.1909596, 43.5844495]]]}, "properties": {"kind": "prive_autorisation", "section": "A", "numero": "182", "contenance": 7661, "source": "cadastre.data.gouv.fr (PCI Vecteur Etalab) + BDTOPO_V3:foret_publique (IGN)"}}, {"type": "Feature", "geometry": {"type": "Polygon", "coordinates": [[[0.189695, 43.5831352], [0.1903283, 43.5830875], [0.1900895, 43.5834195], [0.1895627, 43.5836511], [0.1895864, 43.5831476], [0.189695, 43.5831352]]]}, "properties": {"kind": "prive_autorisation", "section": "A", "numero": "186", "contenance": 2210, "source": "cadastre.data.gouv.fr (PCI Vecteur Etalab) + BDTOPO_V3:foret_publique (IGN)"}}, {"type": "Feature", "geometry": {"type": "Polygon", "coordinates": [[[0.1906477, 43.5836346], [0.1900747, 43.5838641], [0.1896035, 43.5840365], [0.1895648, 43.583987], [0.1895541, 43.5839884], [0.1895627, 43.5836511], [0.1900895, 43.5834195], [0.1906477, 43.5836346]]]}, "properties": {"kind": "prive_autorisation", "section": "A", "numero": "185", "contenance": 3120, "source": "cadastre.data.gouv.fr (PCI Vecteur Etalab) + BDTOPO_V3:foret_publique (IGN)"}}, {"type": "Feature", "geometry": {"type": "Polygon", "coordinates": [[[0.1903994, 43.5830831], [0.1904075, 43.5830827], [0.1906766, 43.5836225], [0.1906477, 43.5836346], [0.1900895, 43.5834195], [0.1903283, 43.5830875], [0.1903994, 43.5830831]]]}, "properties": {"kind": "prive_autorisation", "section": "A", "numero": "184", "contenance": 1327, "source": "cadastre.data.gouv.fr (PCI Vecteur Etalab) + BDTOPO_V3:foret_publique (IGN)"}}, {"type": "Feature", "geometry": {"type": "Polygon", "coordinates": [[[0.1948052, 43.5829363], [0.1947663, 43.5826017], [0.1951056, 43.5825573], [0.1952164, 43.5828079], [0.1948052, 43.5829363]]]}, "properties": {"kind": "prive_autorisation", "section": "A", "numero": "208", "contenance": 1082, "source": "cadastre.data.gouv.fr (PCI Vecteur Etalab) + BDTOPO_V3:foret_publique (IGN)"}}, {"type": "Feature", "geometry": {"type": "Polygon", "coordinates": [[[0.1934836, 43.5827298], [0.1932556, 43.5827141], [0.1930717, 43.5826269], [0.1931735, 43.582487], [0.193178, 43.5824376], [0.1935617, 43.5825026], [0.1934836, 43.5827298]]]}, "properties": {"kind": "prive_autorisation", "section": "A", "numero": "205", "contenance": 863, "source": "cadastre.data.gouv.fr (PCI Vecteur Etalab) + BDTOPO_V3:foret_publique (IGN)"}}, {"type": "Feature", "geometry": {"type": "Polygon", "coordinates": [[[0.2057871, 43.5829793], [0.2065516, 43.5829141], [0.2067169, 43.5830758], [0.2064041, 43.5832104], [0.2058414, 43.5834545], [0.2055644, 43.5831061], [0.205623, 43.5830848], [0.2057871, 43.5829793]]]}, "properties": {"kind": "prive_autorisation", "section": "A", "numero": "490", "contenance": 3193, "source": "cadastre.data.gouv.fr (PCI Vecteur Etalab) + BDTOPO_V3:foret_publique (IGN)"}}, {"type": "Feature", "geometry": {"type": "Polygon", "coordinates": [[[0.2052031, 43.5830254], [0.2057871, 43.5829793], [0.205623, 43.5830848], [0.2055644, 43.5831061], [0.205533, 43.5830631], [0.2052291, 43.5831138], [0.2052031, 43.5830254]]]}, "properties": {"kind": "prive_autorisation", "section": "A", "numero": "484", "contenance": 390, "source": "cadastre.data.gouv.fr (PCI Vecteur Etalab) + BDTOPO_V3:foret_publique (IGN)"}}, {"type": "Feature", "geometry": {"type": "Polygon", "coordinates": [[[0.2045505, 43.5830778], [0.2052031, 43.5830254], [0.2052291, 43.5831138], [0.2045821, 43.5831589], [0.2045505, 43.5830778]]]}, "properties": {"kind": "prive_autorisation", "section": "A", "numero": "482", "contenance": 556, "source": "cadastre.data.gouv.fr (PCI Vecteur Etalab) + BDTOPO_V3:foret_publique (IGN)"}}, {"type": "Feature", "geometry": {"type": "Polygon", "coordinates": [[[0.2042612, 43.5831017], [0.2045505, 43.5830778], [0.2045821, 43.5831589], [0.2042968, 43.5831814], [0.2042612, 43.5831017]]]}, "properties": {"kind": "prive_autorisation", "section": "A", "numero": "481", "contenance": 216, "source": "cadastre.data.gouv.fr (PCI Vecteur Etalab) + BDTOPO_V3:foret_publique (IGN)"}}, {"type": "Feature", "geometry": {"type": "Polygon", "coordinates": [[[0.2042612, 43.5831017], [0.2042968, 43.5831814], [0.2043993, 43.5834242], [0.204471, 43.5838656], [0.2042613, 43.5838645], [0.2034148, 43.583809], [0.2034764, 43.5831642], [0.2042612, 43.5831017]]]}, "properties": {"kind": "prive_autorisation", "section": "A", "numero": "479", "contenance": 6072, "source": "cadastre.data.gouv.fr (PCI Vecteur Etalab) + BDTOPO_V3:foret_publique (IGN)"}}, {"type": "Feature", "geometry": {"type": "Polygon", "coordinates": [[[0.2072973, 43.5831788], [0.2069412, 43.5833271], [0.2069087, 43.5832803], [0.2067169, 43.5830758], [0.206813, 43.5830452], [0.2069992, 43.5832554], [0.2072973, 43.5831788]]]}, "properties": {"kind": "prive_autorisation", "section": "A", "numero": "497", "contenance": 344, "source": "cadastre.data.gouv.fr (PCI Vecteur Etalab) + BDTOPO_V3:foret_publique (IGN)"}}, {"type": "Feature", "geometry": {"type": "Polygon", "coordinates": [[[0.2076451, 43.5838947], [0.2076233, 43.5838807], [0.2073796, 43.5839292], [0.2073478, 43.5839255], [0.2071326, 43.5836041], [0.2070323, 43.5834557], [0.2069412, 43.5833271], [0.2072973, 43.5831788], [0.2074262, 43.5833169], [0.2075486, 43.583512], [0.2076038, 43.5835843], [0.2076207, 43.5836958], [0.2076628, 43.5837687], [0.2076451, 43.5838947]]]}, "properties": {"kind": "prive_autorisation", "section": "A", "numero": "496", "contenance": 2595, "source": "cadastre.data.gouv.fr (PCI Vecteur Etalab) + BDTOPO_V3:foret_publique (IGN)"}}, {"type": "Feature", "geometry": {"type": "Polygon", "coordinates": [[[0.2070049, 43.5828758], [0.2070758, 43.5829404], [0.2072973, 43.5831788], [0.2069992, 43.5832554], [0.206813, 43.5830452], [0.2066901, 43.5829023], [0.2070049, 43.5828758]]]}, "properties": {"kind": "prive_autorisation", "section": "A", "numero": "494", "contenance": 1056, "source": "cadastre.data.gouv.fr (PCI Vecteur Etalab) + BDTOPO_V3:foret_publique (IGN)"}}, {"type": "Feature", "geometry": {"type": "Polygon", "coordinates": [[[0.2065516, 43.5829141], [0.2066901, 43.5829023], [0.206813, 43.5830452], [0.2067169, 43.5830758], [0.2065516, 43.5829141]]]}, "properties": {"kind": "prive_autorisation", "section": "A", "numero": "492", "contenance": 206, "source": "cadastre.data.gouv.fr (PCI Vecteur Etalab) + BDTOPO_V3:foret_publique (IGN)"}}, {"type": "Feature", "geometry": {"type": "Polygon", "coordinates": [[[0.2100515, 43.5836972], [0.2101854, 43.5838368], [0.2099587, 43.5839723], [0.2104892, 43.5842124], [0.2107068, 43.5841148], [0.2107177, 43.5841172], [0.2113071, 43.5845401], [0.21127, 43.5845688], [0.2106973, 43.5849344], [0.2101563, 43.5845645], [0.2094496, 43.5840786], [0.2100515, 43.5836972]]]}, "properties": {"kind": "prive_autorisation", "section": "A", "numero": "316", "contenance": 7918, "source": "cadastre.data.gouv.fr (PCI Vecteur Etalab) + BDTOPO_V3:foret_publique (IGN)"}}, {"type": "Feature", "geometry": {"type": "Polygon", "coordinates": [[[0.2083588, 43.5844652], [0.2086556, 43.5841763], [0.2090312, 43.5844458], [0.2089885, 43.5844806], [0.2085789, 43.5848443], [0.2083978, 43.5846319], [0.2083588, 43.5844652]]]}, "properties": {"kind": "prive_autorisation", "section": "A", "numero": "298", "contenance": 2150, "source": "cadastre.data.gouv.fr (PCI Vecteur Etalab) + BDTOPO_V3:foret_publique (IGN)"}}, {"type": "Feature", "geometry": {"type": "Polygon", "coordinates": [[[0.2082312, 43.5840986], [0.2083578, 43.5840431], [0.2083557, 43.5844524], [0.2083588, 43.5844652], [0.2083978, 43.5846319], [0.2085789, 43.5848443], [0.2089885, 43.5844806], [0.2091902, 43.5846605], [0.2092238, 43.584741], [0.2091811, 43.5849769], [0.2091401, 43.5850168], [0.2089052, 43.5850688], [0.2088328, 43.58501], [0.2083432, 43.5850307], [0.2083163, 43.5850139], [0.2081933, 43.5848896], [0.2079768, 43.5846707], [0.207766, 43.5844508], [0.2077666, 43.5844333], [0.2079962, 43.5843545], [0.2079829, 43.5843301], [0.2078685, 43.5842159], [0.2078488, 43.5841956], [0.2079075, 43.5841827], [0.2082312, 43.5840986]]]}, "properties": {"kind": "prive_autorisation", "section": "A", "numero": "297", "contenance": 5705, "source": "cadastre.data.gouv.fr (PCI Vecteur Etalab) + BDTOPO_V3:foret_publique (IGN)"}}, {"type": "Feature", "geometry": {"type": "Polygon", "coordinates": [[[0.2115358, 43.5836586], [0.2117419, 43.5835435], [0.2117099, 43.5835128], [0.2119713, 43.5833588], [0.2122914, 43.5836352], [0.2118952, 43.5839988], [0.2115358, 43.5836586]]]}, "properties": {"kind": "prive_autorisation", "section": "A", "numero": "318", "contenance": 2210, "source": "cadastre.data.gouv.fr (PCI Vecteur Etalab) + BDTOPO_V3:foret_publique (IGN)"}}, {"type": "Feature", "geometry": {"type": "Polygon", "coordinates": [[[0.2116626, 43.5842162], [0.2113071, 43.5845401], [0.2107177, 43.5841172], [0.2115358, 43.5836586], [0.2118952, 43.5839988], [0.2118457, 43.5840441], [0.2116626, 43.5842162]]]}, "properties": {"kind": "prive_autorisation", "section": "A", "numero": "317", "contenance": 4520, "source": "cadastre.data.gouv.fr (PCI Vecteur Etalab) + BDTOPO_V3:foret_publique (IGN)"}}, {"type": "Feature", "geometry": {"type": "Polygon", "coordinates": [[[0.2110928, 43.5852035], [0.2108639, 43.5850479], [0.2106973, 43.5849344], [0.21127, 43.5845688], [0.2113611, 43.5847181], [0.2114201, 43.5848853], [0.2110928, 43.5852035]]]}, "properties": {"kind": "prive_autorisation", "section": "A", "numero": "315", "contenance": 2028, "source": "cadastre.data.gouv.fr (PCI Vecteur Etalab) + BDTOPO_V3:foret_publique (IGN)"}}, {"type": "Feature", "geometry": {"type": "Polygon", "coordinates": [[[0.2124044, 43.5840435], [0.2129756, 43.5844268], [0.2128137, 43.5846008], [0.2123691, 43.5850574], [0.212066, 43.5846913], [0.2119697, 43.5846636], [0.2121061, 43.5844917], [0.2119132, 43.5844129], [0.2118126, 43.5844072], [0.2116626, 43.5842162], [0.2118457, 43.5840441], [0.2123612, 43.5841149], [0.2124044, 43.5840435]]]}, "properties": {"kind": "prive_autorisation", "section": "A", "numero": "312", "contenance": 5933, "source": "cadastre.data.gouv.fr (PCI Vecteur Etalab) + BDTOPO_V3:foret_publique (IGN)"}}, {"type": "Feature", "geometry": {"type": "Polygon", "coordinates": [[[0.2125719, 43.583773], [0.2124044, 43.5840435], [0.2123612, 43.5841149], [0.2118457, 43.5840441], [0.2118952, 43.5839988], [0.2122914, 43.5836352], [0.2124407, 43.5837636], [0.2125719, 43.583773]]]}, "properties": {"kind": "prive_autorisation", "section": "A", "numero": "311", "contenance": 1615, "source": "cadastre.data.gouv.fr (PCI Vecteur Etalab) + BDTOPO_V3:foret_publique (IGN)"}}, {"type": "Feature", "geometry": {"type": "Polygon", "coordinates": [[[0.2110928, 43.5852035], [0.210813, 43.5854738], [0.2107807, 43.5855795], [0.2108127, 43.585637], [0.2108966, 43.5856345], [0.2109926, 43.5856082], [0.2112783, 43.5853308], [0.2113989, 43.5855337], [0.2111591, 43.5857041], [0.2109586, 43.5858526], [0.2107616, 43.5860037], [0.2106127, 43.5862666], [0.2105443, 43.5862332], [0.210007, 43.5859461], [0.2108639, 43.5850479], [0.2110928, 43.5852035]]]}, "properties": {"kind": "prive_autorisation", "section": "A", "numero": "303", "contenance": 5892, "source": "cadastre.data.gouv.fr (PCI Vecteur Etalab) + BDTOPO_V3:foret_publique (IGN)"}}, {"type": "Feature", "geometry": {"type": "Polygon", "coordinates": [[[0.2096592, 43.5857604], [0.2106973, 43.5849344], [0.2108639, 43.5850479], [0.210007, 43.5859461], [0.2096592, 43.5857604]]]}, "properties": {"kind": "prive_autorisation", "section": "A", "numero": "302", "contenance": 3306, "source": "cadastre.data.gouv.fr (PCI Vecteur Etalab) + BDTOPO_V3:foret_publique (IGN)"}}, {"type": "Feature", "geometry": {"type": "Polygon", "coordinates": [[[0.2112783, 43.5853308], [0.2113794, 43.5852205], [0.2114946, 43.5850858], [0.2116099, 43.5851137], [0.211979, 43.585503], [0.2116167, 43.5856868], [0.2115738, 43.5856452], [0.2114334, 43.5855089], [0.2113989, 43.5855337], [0.2112783, 43.5853308]]]}, "properties": {"kind": "prive_autorisation", "section": "A", "numero": "314", "contenance": 2010, "source": "cadastre.data.gouv.fr (PCI Vecteur Etalab) + BDTOPO_V3:foret_publique (IGN)"}}, {"type": "Feature", "geometry": {"type": "Polygon", "coordinates": [[[0.2116817, 43.5860644], [0.2117816, 43.5861029], [0.2120119, 43.5865807], [0.2115465, 43.5868473], [0.210581, 43.5862919], [0.2106127, 43.5862666], [0.2107791, 43.5863596], [0.2111262, 43.5865589], [0.2116817, 43.5860644]]]}, "properties": {"kind": "prive_autorisation", "section": "A", "numero": "308", "contenance": 3633, "source": "cadastre.data.gouv.fr (PCI Vecteur Etalab) + BDTOPO_V3:foret_publique (IGN)"}}, {"type": "Feature", "geometry": {"type": "Polygon", "coordinates": [[[0.2116817, 43.5860644], [0.2111262, 43.5865589], [0.2107791, 43.5863596], [0.2115738, 43.5856452], [0.2116167, 43.5856868], [0.211979, 43.585503], [0.2121948, 43.5857393], [0.2116817, 43.5860644]]]}, "properties": {"kind": "prive_autorisation", "section": "A", "numero": "307", "contenance": 4660, "source": "cadastre.data.gouv.fr (PCI Vecteur Etalab) + BDTOPO_V3:foret_publique (IGN)"}}, {"type": "Feature", "geometry": {"type": "Polygon", "coordinates": [[[0.2106127, 43.5862666], [0.2107616, 43.5860037], [0.2109586, 43.5858526], [0.2111591, 43.5857041], [0.2113989, 43.5855337], [0.2114334, 43.5855089], [0.2115738, 43.5856452], [0.2107791, 43.5863596], [0.2106127, 43.5862666]]]}, "properties": {"kind": "prive_autorisation", "section": "A", "numero": "306", "contenance": 2500, "source": "cadastre.data.gouv.fr (PCI Vecteur Etalab) + BDTOPO_V3:foret_publique (IGN)"}}, {"type": "Feature", "geometry": {"type": "Polygon", "coordinates": [[[0.2115465, 43.5868473], [0.211287, 43.5871288], [0.2110046, 43.5869995], [0.2108689, 43.586882], [0.2106294, 43.5866701], [0.2103939, 43.5864558], [0.2103935, 43.5864443], [0.2104126, 43.5864183], [0.2104494, 43.5863972], [0.210581, 43.5862919], [0.2115465, 43.5868473]]]}, "properties": {"kind": "prive_autorisation", "section": "A", "numero": "305", "contenance": 3243, "source": "cadastre.data.gouv.fr (PCI Vecteur Etalab) + BDTOPO_V3:foret_publique (IGN)"}}, {"type": "Feature", "geometry": {"type": "Polygon", "coordinates": [[[0.209516, 43.585873], [0.2096592, 43.5857604], [0.210007, 43.5859461], [0.2105443, 43.5862332], [0.2106127, 43.5862666], [0.210581, 43.5862919], [0.2104494, 43.5863972], [0.2104126, 43.5864183], [0.210403, 43.5863856], [0.2103552, 43.5863528], [0.2100116, 43.5861404], [0.2098468, 43.5860923], [0.2097478, 43.5860388], [0.209664, 43.5859884], [0.2095879, 43.5859312], [0.209516, 43.585873]]]}, "properties": {"kind": "prive_autorisation", "section": "A", "numero": "304", "contenance": 1710, "source": "cadastre.data.gouv.fr (PCI Vecteur Etalab) + BDTOPO_V3:foret_publique (IGN)"}}, {"type": "Feature", "geometry": {"type": "Polygon", "coordinates": [[[0.1862805, 43.5673342], [0.185602, 43.5673364], [0.1854028, 43.5673495], [0.1850789, 43.5673751], [0.1849969, 43.5674798], [0.1849824, 43.5675021], [0.1842949, 43.5674308], [0.1843077, 43.5673632], [0.1843542, 43.5672538], [0.1845478, 43.5670375], [0.1845679, 43.5669585], [0.1844879, 43.566816], [0.1844461, 43.5667739], [0.1843023, 43.5666731], [0.1843764, 43.5664661], [0.1844187, 43.5663722], [0.1844556, 43.5663255], [0.1845523, 43.5662233], [0.1846206, 43.5661106], [0.1846068, 43.5659649], [0.1845668, 43.5658578], [0.1845802, 43.5658289], [0.1848388, 43.5656269], [0.1849282, 43.5654544], [0.1850626, 43.5652383], [0.1851682, 43.5650799], [0.1852865, 43.5648077], [0.1854063, 43.5646562], [0.1856231, 43.5643924], [0.1856564, 43.5644075], [0.1856697, 43.5643953], [0.1857222, 43.5644265], [0.1859021, 43.5645109], [0.186119, 43.5646161], [0.1863603, 43.5647609], [0.1866144, 43.5649161], [0.1867236, 43.5649861], [0.1869514, 43.5651396], [0.1869831, 43.5651675], [0.1870008, 43.5651868], [0.1870163, 43.5652073], [0.1870294, 43.5652285], [0.1870402, 43.5652504], [0.1870484, 43.565273], [0.1870549, 43.5653011], [0.1870312, 43.5653747], [0.1869562, 43.5654892], [0.1865865, 43.5659516], [0.1864182, 43.5661679], [0.1863218, 43.5663089], [0.1862261, 43.5665631], [0.1861331, 43.5667134], [0.1861345, 43.5668137], [0.18615, 43.5668802], [0.1861897, 43.5669781], [0.186227, 43.5670763], [0.1862615, 43.567175], [0.1862826, 43.5672396], [0.1862805, 43.5673342]]]}, "properties": {"kind": "prive_autorisation", "section": "B", "numero": "439", "contenance": 45514, "source": "cadastre.data.gouv.fr (PCI Vecteur Etalab) + BDTOPO_V3:foret_publique (IGN)"}}, {"type": "Feature", "geometry": {"type": "Polygon", "coordinates": [[[0.1864974, 43.5647429], [0.1871231, 43.5642718], [0.1865125, 43.5638577], [0.186593, 43.5636607], [0.1866394, 43.5635586], [0.1867461, 43.5633725], [0.1868242, 43.5632757], [0.1869058, 43.5632059], [0.1870582, 43.5626873], [0.1870229, 43.5625186], [0.186983, 43.5623417], [0.1870299, 43.5621715], [0.1870536, 43.5621853], [0.1871894, 43.562352], [0.1873179, 43.5624532], [0.1874029, 43.5625274], [0.1874985, 43.5627012], [0.1875144, 43.5628066], [0.1876156, 43.5629301], [0.1877142, 43.5631035], [0.187796, 43.5632329], [0.1878627, 43.5633529], [0.187926, 43.5636336], [0.1879282, 43.5637089], [0.1878863, 43.5640178], [0.1879065, 43.5640576], [0.1879581, 43.564115], [0.1880071, 43.5641372], [0.1880574, 43.5641577], [0.1880937, 43.5641712], [0.1878653, 43.5644615], [0.1874189, 43.5650136], [0.1871723, 43.5652511], [0.1871415, 43.5651654], [0.1870767, 43.5650964], [0.1864974, 43.5647429]]]}, "properties": {"kind": "prive_autorisation", "section": "B", "numero": "149", "contenance": 22538, "source": "cadastre.data.gouv.fr (PCI Vecteur Etalab) + BDTOPO_V3:foret_publique (IGN)"}}, {"type": "Feature", "geometry": {"type": "Polygon", "coordinates": [[[0.1854276, 43.5641157], [0.1856341, 43.5632764], [0.185726, 43.5630877], [0.1857308, 43.5630779], [0.1853274, 43.5620388], [0.1856736, 43.5619746], [0.1862006, 43.5618756], [0.1866662, 43.5617872], [0.1867247, 43.5618536], [0.1869095, 43.5619979], [0.186947, 43.5620391], [0.1870068, 43.5621483], [0.1869571, 43.562342], [0.1870324, 43.5627032], [0.1869667, 43.5629157], [0.1869035, 43.5631287], [0.1868845, 43.5631945], [0.1867906, 43.5632815], [0.1867175, 43.5633776], [0.1866293, 43.5635291], [0.1865961, 43.5635922], [0.1864919, 43.563846], [0.1863029, 43.5640081], [0.1857403, 43.5643441], [0.1856587, 43.5642965], [0.1854276, 43.5641157]]]}, "properties": {"kind": "prive_autorisation", "section": "B", "numero": "151", "contenance": 26266, "source": "cadastre.data.gouv.fr (PCI Vecteur Etalab) + BDTOPO_V3:foret_publique (IGN)"}}, {"type": "Feature", "geometry": {"type": "Polygon", "coordinates": [[[0.186037, 43.570189], [0.1866603, 43.5697893], [0.1870631, 43.5700698], [0.1878223, 43.569582], [0.1883224, 43.569822], [0.188575, 43.5699361], [0.1888261, 43.5700518], [0.1889497, 43.5701096], [0.1892754, 43.5702036], [0.189606, 43.5702583], [0.189827, 43.5703459], [0.1899026, 43.5703814], [0.1897405, 43.5706394], [0.1898111, 43.5708397], [0.1905258, 43.57091], [0.1905112, 43.5706976], [0.1905344, 43.5707101], [0.1907244, 43.5709118], [0.1902446, 43.5713169], [0.1899528, 43.5712433], [0.1897826, 43.571213], [0.1893095, 43.5711301], [0.1888357, 43.5710492], [0.1888096, 43.5710721], [0.1886285, 43.5710275], [0.1885786, 43.571004], [0.1884335, 43.5709734], [0.1881845, 43.5709287], [0.1880224, 43.5708685], [0.1876634, 43.5711702], [0.1874561, 43.5712878], [0.1872185, 43.5711481], [0.1874683, 43.5709627], [0.1873491, 43.570885], [0.186785, 43.5705354], [0.1865774, 43.5704], [0.1859736, 43.5702296], [0.1859917, 43.5702181], [0.186037, 43.570189]]]}, "properties": {"kind": "prive_autorisation", "section": "B", "numero": "436", "contenance": 33753, "source": "cadastre.data.gouv.fr (PCI Vecteur Etalab) + BDTOPO_V3:foret_publique (IGN)"}}, {"type": "Feature", "geometry": {"type": "Polygon", "coordinates": [[[0.1830433, 43.5666561], [0.1830172, 43.5670047], [0.1845153, 43.5669938], [0.184507, 43.5670266], [0.1843325, 43.5672426], [0.1842846, 43.5673704], [0.1842036, 43.5678208], [0.1841382, 43.5682325], [0.1840849, 43.5686169], [0.184005, 43.5692754], [0.1840382, 43.5694253], [0.1830898, 43.5695946], [0.1828016, 43.5696454], [0.1828623, 43.5695797], [0.182886, 43.5695185], [0.1828998, 43.5693432], [0.1829025, 43.5687519], [0.1827306, 43.568777], [0.1825165, 43.5687895], [0.1821067, 43.5687705], [0.1820574, 43.56855], [0.1820016, 43.5682634], [0.1819975, 43.5682211], [0.1820274, 43.5681477], [0.1820507, 43.5680459], [0.1820298, 43.5678735], [0.1809445, 43.5676883], [0.1810996, 43.5674264], [0.1812786, 43.566996], [0.1814415, 43.5670177], [0.1815527, 43.5670109], [0.1818369, 43.5670051], [0.182105, 43.5666403], [0.1830433, 43.5666561]]]}, "properties": {"kind": "prive_autorisation", "section": "B", "numero": "440", "contenance": 52246, "source": "cadastre.data.gouv.fr (PCI Vecteur Etalab) + BDTOPO_V3:foret_publique (IGN)"}}, {"type": "Feature", "geometry": {"type": "Polygon", "coordinates": [[[0.1817897, 43.5639306], [0.1819188, 43.5636453], [0.1821642, 43.5636932], [0.1824105, 43.5637392], [0.1825289, 43.5637608], [0.1826918, 43.5637903], [0.1828403, 43.5641049], [0.182807, 43.5642179], [0.182568, 43.5641763], [0.1824407, 43.5643707], [0.1827428, 43.5644355], [0.1827247, 43.5645051], [0.1827454, 43.5647312], [0.1827633, 43.5649575], [0.1827702, 43.5650521], [0.1822598, 43.5650496], [0.1820832, 43.5650664], [0.1815442, 43.5650213], [0.1815693, 43.5644176], [0.1816494, 43.5642407], [0.1817897, 43.5639306]]]}, "properties": {"kind": "prive_autorisation", "section": "B", "numero": "167", "contenance": 12960, "source": "cadastre.data.gouv.fr (PCI Vecteur Etalab) + BDTOPO_V3:foret_publique (IGN)"}}, {"type": "Feature", "geometry": {"type": "Polygon", "coordinates": [[[0.1871723, 43.5652511], [0.1874189, 43.5650136], [0.1879311, 43.5654105], [0.1882532, 43.5651899], [0.1887173, 43.5655526], [0.1887577, 43.565527], [0.1891873, 43.566147], [0.189324, 43.5659949], [0.1896669, 43.5663601], [0.1894792, 43.5664865], [0.1889462, 43.566737], [0.1879776, 43.5671123], [0.1879738, 43.5671008], [0.1879097, 43.5669064], [0.1878829, 43.5667253], [0.1877638, 43.5665385], [0.1877095, 43.5665048], [0.1876091, 43.5664404], [0.1875106, 43.5663748], [0.1878164, 43.5661646], [0.1870171, 43.5655548], [0.1871191, 43.5654268], [0.187163, 43.5653391], [0.1871723, 43.5652511]]]}, "properties": {"kind": "prive_autorisation", "section": "B", "numero": "145", "contenance": 23892, "source": "cadastre.data.gouv.fr (PCI Vecteur Etalab) + BDTOPO_V3:foret_publique (IGN)"}}, {"type": "Feature", "geometry": {"type": "Polygon", "coordinates": [[[0.1874189, 43.5650136], [0.1878653, 43.5644615], [0.1879653, 43.5645423], [0.1889726, 43.565389], [0.189324, 43.5659949], [0.1891873, 43.566147], [0.1887577, 43.565527], [0.1887173, 43.5655526], [0.1882532, 43.5651899], [0.1879311, 43.5654105], [0.1874189, 43.5650136]]]}, "properties": {"kind": "prive_autorisation", "section": "B", "numero": "148", "contenance": 7847, "source": "cadastre.data.gouv.fr (PCI Vecteur Etalab) + BDTOPO_V3:foret_publique (IGN)"}}, {"type": "Feature", "geometry": {"type": "Polygon", "coordinates": [[[0.1853274, 43.5620388], [0.1857308, 43.5630779], [0.185726, 43.5630877], [0.185516, 43.5630817], [0.1853427, 43.5630788], [0.1851692, 43.563078], [0.1846039, 43.5631824], [0.1843697, 43.5632542], [0.183951, 43.5629507], [0.1836735, 43.5628019], [0.1834626, 43.5627119], [0.1837865, 43.5625687], [0.1841981, 43.5623875], [0.1844019, 43.5622967], [0.1846975, 43.562167], [0.1848454, 43.5621274], [0.1851557, 43.5620708], [0.1853274, 43.5620388]]]}, "properties": {"kind": "prive_autorisation", "section": "B", "numero": "153", "contenance": 14216, "source": "cadastre.data.gouv.fr (PCI Vecteur Etalab) + BDTOPO_V3:foret_publique (IGN)"}}, {"type": "Feature", "geometry": {"type": "Polygon", "coordinates": [[[0.1825289, 43.5637608], [0.1824105, 43.5637392], [0.1821642, 43.5636932], [0.1819188, 43.5636453], [0.1815956, 43.5635834], [0.1816466, 43.5634737], [0.1817264, 43.5632618], [0.1817674, 43.5631345], [0.1817813, 43.5630554], [0.1817877, 43.5629475], [0.1817688, 43.5627504], [0.1816235, 43.5619472], [0.1817354, 43.5620083], [0.1824499, 43.5624271], [0.1826305, 43.5625226], [0.1828051, 43.5625908], [0.1828926, 43.5626171], [0.1826392, 43.5634328], [0.1825289, 43.5637608]]]}, "properties": {"kind": "prive_autorisation", "section": "B", "numero": "155", "contenance": 13003, "source": "cadastre.data.gouv.fr (PCI Vecteur Etalab) + BDTOPO_V3:foret_publique (IGN)"}}, {"type": "Feature", "geometry": {"type": "Polygon", "coordinates": [[[0.1878653, 43.5644615], [0.1880937, 43.5641712], [0.1881444, 43.5641906], [0.1882095, 43.5642349], [0.1883803, 43.564346], [0.1885496, 43.5644585], [0.1885989, 43.5644918], [0.188625, 43.5645519], [0.1888043, 43.5646869], [0.1889326, 43.5647621], [0.1890593, 43.5648385], [0.1891348, 43.5648854], [0.1892093, 43.564972], [0.189287, 43.5650755], [0.1893074, 43.5651307], [0.1893406, 43.5653774], [0.1893914, 43.5654562], [0.1894534, 43.5655158], [0.1895354, 43.5655709], [0.1895855, 43.5657033], [0.189324, 43.5659949], [0.1889726, 43.565389], [0.1879653, 43.5645423], [0.1878653, 43.5644615]]]}, "properties": {"kind": "prive_autorisation", "section": "B", "numero": "147", "contenance": 8314, "source": "cadastre.data.gouv.fr (PCI Vecteur Etalab) + BDTOPO_V3:foret_publique (IGN)"}}, {"type": "Feature", "geometry": {"type": "Polygon", "coordinates": [[[0.1815442, 43.5650213], [0.1820832, 43.5650664], [0.1822598, 43.5650496], [0.1827702, 43.5650521], [0.1829948, 43.5650513], [0.1836281, 43.5650005], [0.1839896, 43.5649714], [0.183809, 43.5652734], [0.1836522, 43.5655314], [0.1828724, 43.5656083], [0.1828134, 43.565788], [0.1822427, 43.5658181], [0.1821323, 43.5660006], [0.1817882, 43.5660008], [0.1812835, 43.5660028], [0.1807792, 43.5660069], [0.1805393, 43.5660364], [0.1806331, 43.565609], [0.1806873, 43.5654017], [0.1807391, 43.5651941], [0.1807775, 43.5649841], [0.1808045, 43.5649142], [0.1815442, 43.5650213]]]}, "properties": {"kind": "prive_autorisation", "section": "B", "numero": "170", "contenance": 23002, "source": "cadastre.data.gouv.fr (PCI Vecteur Etalab) + BDTOPO_V3:foret_publique (IGN)"}}, {"type": "Feature", "geometry": {"type": "Polygon", "coordinates": [[[0.1828134, 43.565788], [0.1830881, 43.5657723], [0.1834359, 43.5657803], [0.1840044, 43.5658327], [0.1839923, 43.5658782], [0.1844151, 43.565859], [0.1845356, 43.5658533], [0.1845662, 43.5659302], [0.184187, 43.5659373], [0.1833441, 43.565982], [0.1828354, 43.5659978], [0.1821323, 43.5660006], [0.1822427, 43.5658181], [0.1828134, 43.565788]]]}, "properties": {"kind": "prive_autorisation", "section": "B", "numero": "171", "contenance": 3493, "source": "cadastre.data.gouv.fr (PCI Vecteur Etalab) + BDTOPO_V3:foret_publique (IGN)"}}, {"type": "Feature", "geometry": {"type": "Polygon", "coordinates": [[[0.1830433, 43.5666561], [0.182105, 43.5666403], [0.1813466, 43.5666264], [0.1805244, 43.5666008], [0.1804946, 43.5663531], [0.180498, 43.5662256], [0.1805393, 43.5660364], [0.1807792, 43.5660069], [0.1812835, 43.5660028], [0.1817882, 43.5660008], [0.1821323, 43.5660006], [0.1828354, 43.5659978], [0.1833441, 43.565982], [0.184187, 43.5659373], [0.1845662, 43.5659302], [0.1845797, 43.5659637], [0.1845889, 43.5661036], [0.1845164, 43.5662257], [0.1844023, 43.5663465], [0.1842795, 43.5666784], [0.1839886, 43.5666719], [0.1835161, 43.566663], [0.1830433, 43.5666561]]]}, "properties": {"kind": "prive_autorisation", "section": "B", "numero": "172", "contenance": 23480, "source": "cadastre.data.gouv.fr (PCI Vecteur Etalab) + BDTOPO_V3:foret_publique (IGN)"}}, {"type": "Feature", "geometry": {"type": "Polygon", "coordinates": [[[0.1821067, 43.5687705], [0.1818389, 43.5692654], [0.1815989, 43.5692606], [0.1816334, 43.5693816], [0.1817882, 43.5697486], [0.1817304, 43.5697924], [0.1817858, 43.5699335], [0.1817834, 43.5699933], [0.1817106, 43.5700061], [0.18126, 43.5700855], [0.1809109, 43.5701487], [0.1803848, 43.5701706], [0.1803612, 43.5700228], [0.1803189, 43.5697181], [0.1802644, 43.5693532], [0.180215, 43.5688945], [0.1802325, 43.5687805], [0.1812431, 43.5686689], [0.1820574, 43.56855], [0.1821067, 43.5687705]]]}, "properties": {"kind": "prive_autorisation", "section": "B", "numero": "195", "contenance": 20052, "source": "cadastre.data.gouv.fr (PCI Vecteur Etalab) + BDTOPO_V3:foret_publique (IGN)"}}, {"type": "Feature", "geometry": {"type": "Polygon", "coordinates": [[[0.1862805, 43.5673342], [0.1862706, 43.5675938], [0.1862554, 43.5677032], [0.186076, 43.5677093], [0.1861254, 43.5681352], [0.1861225, 43.5681458], [0.1861319, 43.5681789], [0.1861541, 43.5683357], [0.1860405, 43.5683518], [0.1860894, 43.5685219], [0.1861999, 43.5685034], [0.1862262, 43.5685478], [0.1862487, 43.5686081], [0.1861741, 43.5686757], [0.1862139, 43.5687533], [0.186189, 43.5687734], [0.1859942, 43.5688541], [0.1857211, 43.5689642], [0.1854493, 43.569076], [0.1852949, 43.5691405], [0.1852343, 43.5691098], [0.1845649, 43.5693502], [0.1844314, 43.5693988], [0.1842191, 43.5694363], [0.1840704, 43.5694626], [0.1840276, 43.5692646], [0.18412, 43.5684998], [0.1841918, 43.5680127], [0.1842949, 43.5674308], [0.1849824, 43.5675021], [0.1847544, 43.5680733], [0.1850048, 43.5680644], [0.1851416, 43.5677252], [0.1852598, 43.5674615], [0.1854028, 43.5673495], [0.185602, 43.5673364], [0.1862805, 43.5673342]]]}, "properties": {"kind": "prive_autorisation", "section": "B", "numero": "438", "contenance": 30594, "source": "cadastre.data.gouv.fr (PCI Vecteur Etalab) + BDTOPO_V3:foret_publique (IGN)"}}, {"type": "Feature", "geometry": {"type": "Polygon", "coordinates": [[[0.1914258, 43.568565], [0.1916569, 43.5686635], [0.1917626, 43.5685268], [0.1919856, 43.5681115], [0.1923106, 43.5674972], [0.1923727, 43.5674907], [0.1924897, 43.5675161], [0.1925753, 43.5680359], [0.192587, 43.5680906], [0.192406, 43.5684732], [0.1921936, 43.5689221], [0.1920538, 43.5689439], [0.1917654, 43.5692417], [0.1916601, 43.5693586], [0.1916733, 43.5693997], [0.1914692, 43.5695294], [0.1913221, 43.5695725], [0.1911202, 43.5689964], [0.1914258, 43.568565]]]}, "properties": {"kind": "prive_autorisation", "section": "B", "numero": "76", "contenance": 11030, "source": "cadastre.data.gouv.fr (PCI Vecteur Etalab) + BDTOPO_V3:foret_publique (IGN)"}}, {"type": "Feature", "geometry": {"type": "Polygon", "coordinates": [[[0.192406, 43.5684732], [0.1928562, 43.5686724], [0.1925069, 43.56912], [0.191832, 43.5698157], [0.1915576, 43.5701001], [0.1913354, 43.5699253], [0.1913823, 43.5697515], [0.1913221, 43.5695725], [0.1914692, 43.5695294], [0.1916733, 43.5693997], [0.1916601, 43.5693586], [0.1917654, 43.5692417], [0.1920538, 43.5689439], [0.1921936, 43.5689221], [0.192406, 43.5684732]]]}, "properties": {"kind": "prive_autorisation", "section": "B", "numero": "77", "contenance": 7322, "source": "cadastre.data.gouv.fr (PCI Vecteur Etalab) + BDTOPO_V3:foret_publique (IGN)"}}, {"type": "Feature", "geometry": {"type": "Polygon", "coordinates": [[[0.1915576, 43.5701001], [0.191832, 43.5698157], [0.1925069, 43.56912], [0.1931636, 43.5693967], [0.193417, 43.5696142], [0.1937634, 43.569287], [0.1938704, 43.5696701], [0.1936982, 43.5698451], [0.1941973, 43.5697666], [0.1943999, 43.5700519], [0.1944539, 43.5701316], [0.1942237, 43.5704059], [0.1939884, 43.5706827], [0.1937665, 43.5709527], [0.1934419, 43.571091], [0.1931631, 43.5712072], [0.1928829, 43.5713219], [0.1922038, 43.571543], [0.1921155, 43.5713749], [0.1921918, 43.5712945], [0.1926682, 43.5708227], [0.1922425, 43.5707614], [0.1920577, 43.5704946], [0.1915576, 43.5701001]]]}, "properties": {"kind": "prive_autorisation", "section": "B", "numero": "78", "contenance": 34030, "source": "cadastre.data.gouv.fr (PCI Vecteur Etalab) + BDTOPO_V3:foret_publique (IGN)"}}, {"type": "Feature", "geometry": {"type": "Polygon", "coordinates": [[[0.1906553, 43.5666388], [0.1914693, 43.5668103], [0.1918409, 43.5668966], [0.1915792, 43.5673721], [0.191298, 43.5678884], [0.1912742, 43.5679319], [0.1893543, 43.5675171], [0.189281, 43.5675023], [0.1893759, 43.5673677], [0.1896536, 43.5669908], [0.1902366, 43.5672033], [0.1906553, 43.5666388]]]}, "properties": {"kind": "prive_autorisation", "section": "B", "numero": "97", "contenance": 16542, "source": "cadastre.data.gouv.fr (PCI Vecteur Etalab) + BDTOPO_V3:foret_publique (IGN)"}}, {"type": "Feature", "geometry": {"type": "Polygon", "coordinates": [[[0.1889462, 43.566737], [0.1894792, 43.5664865], [0.1896669, 43.5663601], [0.1900281, 43.5664783], [0.1899644, 43.5665691], [0.1896536, 43.5669908], [0.1893759, 43.5673677], [0.189281, 43.5675023], [0.1892709, 43.5675244], [0.1892715, 43.5676781], [0.1892533, 43.5677181], [0.1890092, 43.5678145], [0.1889404, 43.5678561], [0.1889695, 43.567466], [0.1886615, 43.5675652], [0.1883852, 43.5676626], [0.1881832, 43.5674615], [0.1890907, 43.5671338], [0.1891641, 43.5670124], [0.1890737, 43.5668982], [0.1889462, 43.566737]]]}, "properties": {"kind": "prive_autorisation", "section": "B", "numero": "111", "contenance": 8096, "source": "cadastre.data.gouv.fr (PCI Vecteur Etalab) + BDTOPO_V3:foret_publique (IGN)"}}, {"type": "Feature", "geometry": {"type": "Polygon", "coordinates": [[[0.1949623, 43.5687772], [0.194808, 43.5691353], [0.194722, 43.5689731], [0.194402, 43.5688271], [0.194404, 43.5687848], [0.1944517, 43.5682835], [0.1945006, 43.5677432], [0.1944216, 43.5676018], [0.1941993, 43.5675051], [0.1942864, 43.5673951], [0.1943097, 43.5674193], [0.1946075, 43.5675155], [0.1949241, 43.5676403], [0.1951221, 43.5677131], [0.1953074, 43.5677596], [0.1952852, 43.5679298], [0.1951759, 43.568154], [0.1949623, 43.5687772]]]}, "properties": {"kind": "prive_autorisation", "section": "B", "numero": "433", "contenance": 9437, "source": "cadastre.data.gouv.fr (PCI Vecteur Etalab) + BDTOPO_V3:foret_publique (IGN)"}}, {"type": "Feature", "geometry": {"type": "Polygon", "coordinates": [[[0.1830898, 43.5695946], [0.183029, 43.5698621], [0.1829707, 43.5701178], [0.1827804, 43.5709279], [0.1826857, 43.5709155], [0.1826197, 43.5708745], [0.1825532, 43.5708196], [0.1824871, 43.5707498], [0.1824518, 43.5705339], [0.1825514, 43.5699277], [0.1828016, 43.5696454], [0.1830898, 43.5695946]]]}, "properties": {"kind": "prive_autorisation", "section": "B", "numero": "191", "contenance": 4613, "source": "cadastre.data.gouv.fr (PCI Vecteur Etalab) + BDTOPO_V3:foret_publique (IGN)"}}, {"type": "Feature", "geometry": {"type": "Polygon", "coordinates": [[[0.1828016, 43.5696454], [0.1825514, 43.5699277], [0.1824518, 43.5705339], [0.1824871, 43.5707498], [0.1825532, 43.5708196], [0.1826197, 43.5708745], [0.1826857, 43.5709155], [0.1827804, 43.5709279], [0.1830438, 43.5709621], [0.1832162, 43.5710231], [0.1832594, 43.5710384], [0.1830266, 43.5710613], [0.1825584, 43.5711072], [0.182145, 43.5711457], [0.1818212, 43.5711752], [0.1817559, 43.5707033], [0.1817321, 43.5704535], [0.1817106, 43.5700061], [0.1817834, 43.5699933], [0.1818595, 43.5699799], [0.1824514, 43.5697473], [0.1828623, 43.5695797], [0.1828016, 43.5696454]]]}, "properties": {"kind": "prive_autorisation", "section": "B", "numero": "192", "contenance": 9840, "source": "cadastre.data.gouv.fr (PCI Vecteur Etalab) + BDTOPO_V3:foret_publique (IGN)"}}, {"type": "Feature", "geometry": {"type": "Polygon", "coordinates": [[[0.1817106, 43.5700061], [0.1817321, 43.5704535], [0.1817559, 43.5707033], [0.1818212, 43.5711752], [0.1816728, 43.5711882], [0.181239, 43.5712261], [0.181151, 43.5710091], [0.1811202, 43.5708544], [0.1811185, 43.5707504], [0.181135, 43.5706123], [0.18126, 43.5700855], [0.1817106, 43.5700061]]]}, "properties": {"kind": "prive_autorisation", "section": "B", "numero": "196", "contenance": 6171, "source": "cadastre.data.gouv.fr (PCI Vecteur Etalab) + BDTOPO_V3:foret_publique (IGN)"}}, {"type": "Feature", "geometry": {"type": "Polygon", "coordinates": [[[0.18126, 43.5700855], [0.181135, 43.5706123], [0.1811185, 43.5707504], [0.1811202, 43.5708544], [0.181151, 43.5710091], [0.181239, 43.5712261], [0.1809984, 43.5712465], [0.1803987, 43.5712968], [0.1804627, 43.5708406], [0.1804727, 43.5707185], [0.1803848, 43.5701706], [0.1809109, 43.5701487], [0.18126, 43.5700855]]]}, "properties": {"kind": "prive_autorisation", "section": "B", "numero": "197", "contenance": 7534, "source": "cadastre.data.gouv.fr (PCI Vecteur Etalab) + BDTOPO_V3:foret_publique (IGN)"}}, {"type": "Feature", "geometry": {"type": "Polygon", "coordinates": [[[0.1859736, 43.5702296], [0.1865774, 43.5704], [0.186785, 43.5705354], [0.1873491, 43.570885], [0.1874683, 43.5709627], [0.1872185, 43.5711481], [0.1867268, 43.5714966], [0.1864682, 43.57167], [0.1859817, 43.5713462], [0.1856649, 43.5713129], [0.1854102, 43.5711847], [0.1850656, 43.5711882], [0.1847096, 43.5712224], [0.1844018, 43.5709416], [0.1840813, 43.5706278], [0.1838155, 43.5703711], [0.1838246, 43.5701886], [0.1838684, 43.5700506], [0.1839555, 43.5700316], [0.1840686, 43.5697529], [0.1840742, 43.569581], [0.1853926, 43.5700484], [0.1859736, 43.5702296]]]}, "properties": {"kind": "prive_autorisation", "section": "B", "numero": "435", "contenance": 33623, "source": "cadastre.data.gouv.fr (PCI Vecteur Etalab) + BDTOPO_V3:foret_publique (IGN)"}}, {"type": "Feature", "geometry": {"type": "Polygon", "coordinates": [[[0.1904811, 43.5692311], [0.1905468, 43.5692532], [0.1905257, 43.5692906], [0.1903079, 43.5696854], [0.1901312, 43.5700062], [0.1899393, 43.5700378], [0.1896461, 43.5701984], [0.1895567, 43.5701739], [0.1893424, 43.5701429], [0.1891947, 43.5701118], [0.1889809, 43.5700473], [0.188695, 43.5699279], [0.1881339, 43.5696539], [0.1876502, 43.5693851], [0.1880265, 43.5691843], [0.1880706, 43.5692224], [0.1882538, 43.569109], [0.1883172, 43.5691129], [0.1885362, 43.5689789], [0.1886933, 43.5688826], [0.1888976, 43.5687576], [0.1890528, 43.568771], [0.1891137, 43.5687692], [0.1897399, 43.5689812], [0.1896032, 43.5693483], [0.1904811, 43.5692311]]]}, "properties": {"kind": "bati", "section": "B", "numero": "453", "contenance": 20533, "source": "cadastre.data.gouv.fr (PCI Vecteur Etalab) + BDTOPO_V3:foret_publique (IGN)"}}, {"type": "Feature", "geometry": {"type": "Polygon", "coordinates": [[[0.1836303, 43.5741357], [0.1835201, 43.574095], [0.1833992, 43.5740587], [0.183285, 43.5740425], [0.1832091, 43.5740406], [0.1830725, 43.574059], [0.182994, 43.5738743], [0.1829419, 43.5737959], [0.1828466, 43.5736512], [0.182853, 43.5734372], [0.1828832, 43.573298], [0.1829041, 43.573116], [0.1830008, 43.5729165], [0.1830945, 43.5727831], [0.1831766, 43.5725592], [0.1833182, 43.5724142], [0.1833505, 43.5722642], [0.1836831, 43.5728331], [0.1838621, 43.5730383], [0.1840593, 43.5732216], [0.1842116, 43.5733419], [0.1841923, 43.5733616], [0.1837043, 43.5740377], [0.1836303, 43.5741357]]]}, "properties": {"kind": "prive_autorisation", "section": "B", "numero": "12", "contenance": 12854, "source": "cadastre.data.gouv.fr (PCI Vecteur Etalab) + BDTOPO_V3:foret_publique (IGN)"}}, {"type": "Feature", "geometry": {"type": "Polygon", "coordinates": [[[0.181719, 43.5720435], [0.182308, 43.5720446], [0.1822224, 43.5730669], [0.1822147, 43.5731944], [0.1816035, 43.5735187], [0.1812291, 43.5727601], [0.1811513, 43.5722809], [0.1816257, 43.5722547], [0.181719, 43.5720435]]]}, "properties": {"kind": "prive_autorisation", "section": "B", "numero": "15", "contenance": 10605, "source": "cadastre.data.gouv.fr (PCI Vecteur Etalab) + BDTOPO_V3:foret_publique (IGN)"}}, {"type": "Feature", "geometry": {"type": "Polygon", "coordinates": [[[0.181719, 43.5720435], [0.1816257, 43.5722547], [0.1811513, 43.5722809], [0.1812291, 43.5727601], [0.1816035, 43.5735187], [0.1808905, 43.5739003], [0.1808462, 43.573878], [0.1810361, 43.5733543], [0.1810406, 43.5732952], [0.1810711, 43.5731536], [0.1809652, 43.5729394], [0.1807528, 43.5729083], [0.1809092, 43.5721968], [0.1815892, 43.57217], [0.1815617, 43.5720598], [0.1815638, 43.5720432], [0.181719, 43.5720435]]]}, "properties": {"kind": "prive_autorisation", "section": "B", "numero": "16", "contenance": 6421, "source": "cadastre.data.gouv.fr (PCI Vecteur Etalab) + BDTOPO_V3:foret_publique (IGN)"}}, {"type": "Feature", "geometry": {"type": "Polygon", "coordinates": [[[0.185943, 43.5725779], [0.1856126, 43.5726487], [0.1854958, 43.5726873], [0.1854943, 43.572746], [0.1851402, 43.5728935], [0.1850449, 43.5729656], [0.1849024, 43.5730026], [0.1848592, 43.5730022], [0.1848113, 43.5730103], [0.1846168, 43.572908], [0.1844183, 43.5726939], [0.1843461, 43.5725582], [0.1839148, 43.5723931], [0.1834531, 43.5721705], [0.1834828, 43.5720877], [0.1835606, 43.5717072], [0.183604, 43.5714651], [0.1840159, 43.5716067], [0.1841127, 43.5716288], [0.184193, 43.5716631], [0.184249, 43.5717054], [0.1846115, 43.5716475], [0.1847711, 43.5712928], [0.1849006, 43.5714401], [0.1850279, 43.5715884], [0.1850984, 43.5716724], [0.1852703, 43.5718672], [0.1855478, 43.5721668], [0.1858275, 43.5724652], [0.1859053, 43.5725476], [0.185943, 43.5725779]]]}, "properties": {"kind": "prive_autorisation", "section": "B", "numero": "32", "contenance": 19660, "source": "cadastre.data.gouv.fr (PCI Vecteur Etalab) + BDTOPO_V3:foret_publique (IGN)"}}, {"type": "Feature", "geometry": {"type": "Polygon", "coordinates": [[[0.1838155, 43.5703711], [0.1840813, 43.5706278], [0.1844018, 43.5709416], [0.1847096, 43.5712224], [0.1847711, 43.5712928], [0.1846115, 43.5716475], [0.184249, 43.5717054], [0.184193, 43.5716631], [0.1841127, 43.5716288], [0.1840159, 43.5716067], [0.183604, 43.5714651], [0.1835781, 43.5713601], [0.1835787, 43.5712226], [0.1836343, 43.5711343], [0.1835526, 43.5709886], [0.1835786, 43.5708148], [0.1836676, 43.5706558], [0.1837315, 43.5705942], [0.1838, 43.5705625], [0.183809, 43.5705363], [0.1838155, 43.5703711]]]}, "properties": {"kind": "prive_autorisation", "section": "B", "numero": "33", "contenance": 8500, "source": "cadastre.data.gouv.fr (PCI Vecteur Etalab) + BDTOPO_V3:foret_publique (IGN)"}}, {"type": "Feature", "geometry": {"type": "Polygon", "coordinates": [[[0.1847096, 43.5712224], [0.1850656, 43.5711882], [0.1854102, 43.5711847], [0.1856649, 43.5713129], [0.1859817, 43.5713462], [0.1864682, 43.57167], [0.1862954, 43.5717905], [0.1866568, 43.5720076], [0.1864329, 43.5722529], [0.1863632, 43.5722903], [0.1861713, 43.5724032], [0.1869561, 43.5729499], [0.187065, 43.5729085], [0.1871343, 43.5731015], [0.1866107, 43.5733598], [0.1865862, 43.5731117], [0.1860432, 43.5726587], [0.185943, 43.5725779], [0.1859053, 43.5725476], [0.1858275, 43.5724652], [0.1855478, 43.5721668], [0.1852703, 43.5718672], [0.1850984, 43.5716724], [0.1850279, 43.5715884], [0.1849006, 43.5714401], [0.1847711, 43.5712928], [0.1847096, 43.5712224]]]}, "properties": {"kind": "prive_autorisation", "section": "B", "numero": "36", "contenance": 15670, "source": "cadastre.data.gouv.fr (PCI Vecteur Etalab) + BDTOPO_V3:foret_publique (IGN)"}}, {"type": "Feature", "geometry": {"type": "Polygon", "coordinates": [[[0.1864682, 43.57167], [0.1867268, 43.5714966], [0.1875657, 43.5719976], [0.1878979, 43.5717919], [0.1881214, 43.5720119], [0.188454, 43.572324], [0.1885546, 43.5724122], [0.1888452, 43.5725693], [0.1890881, 43.5726993], [0.1888241, 43.5728162], [0.1888085, 43.572815], [0.1886443, 43.5728025], [0.1881389, 43.5726897], [0.1876959, 43.5725474], [0.1869087, 43.5722102], [0.1866857, 43.572025], [0.1866568, 43.5720076], [0.1862954, 43.5717905], [0.1864682, 43.57167]]]}, "properties": {"kind": "prive_autorisation", "section": "B", "numero": "44", "contenance": 11736, "source": "cadastre.data.gouv.fr (PCI Vecteur Etalab) + BDTOPO_V3:foret_publique (IGN)"}}, {"type": "Feature", "geometry": {"type": "Polygon", "coordinates": [[[0.186037, 43.570189], [0.1855357, 43.5699216], [0.1853386, 43.5697717], [0.1850637, 43.5696422], [0.1848848, 43.5695316], [0.1847156, 43.5694148], [0.1846621, 43.5693954], [0.1845649, 43.5693502], [0.1852343, 43.5691098], [0.1852436, 43.5691947], [0.1856741, 43.5690143], [0.186203, 43.5687954], [0.186238, 43.5687862], [0.1868083, 43.5691787], [0.186996, 43.5690894], [0.1870584, 43.5690598], [0.1871038, 43.5690832], [0.1874023, 43.5692997], [0.1866603, 43.5697893], [0.186037, 43.570189]]]}, "properties": {"kind": "prive_autorisation", "section": "B", "numero": "51", "contenance": 17514, "source": "cadastre.data.gouv.fr (PCI Vecteur Etalab) + BDTOPO_V3:foret_publique (IGN)"}}, {"type": "Feature", "geometry": {"type": "Polygon", "coordinates": [[[0.1876634, 43.5711702], [0.1880224, 43.5708685], [0.1881845, 43.5709287], [0.1884335, 43.5709734], [0.1885786, 43.571004], [0.1886285, 43.5710275], [0.1888096, 43.5710721], [0.1888357, 43.5710492], [0.1893095, 43.5711301], [0.1897826, 43.571213], [0.1899528, 43.5712433], [0.1902446, 43.5713169], [0.1899084, 43.5716091], [0.1896015, 43.5718759], [0.1895863, 43.5718891], [0.1892968, 43.5717321], [0.188449, 43.5715005], [0.1883685, 43.5717475], [0.1885783, 43.5720426], [0.1890695, 43.572377], [0.189314, 43.5725652], [0.1894449, 43.572683], [0.1891433, 43.5727279], [0.1890881, 43.5726993], [0.1888452, 43.5725693], [0.1885546, 43.5724122], [0.188454, 43.572324], [0.1881214, 43.5720119], [0.1878979, 43.5717919], [0.1879827, 43.5717348], [0.1877464, 43.5712801], [0.1876634, 43.5711702]]]}, "properties": {"kind": "prive_autorisation", "section": "B", "numero": "55", "contenance": 16926, "source": "cadastre.data.gouv.fr (PCI Vecteur Etalab) + BDTOPO_V3:foret_publique (IGN)"}}, {"type": "Feature", "geometry": {"type": "Polygon", "coordinates": [[[0.1922038, 43.571543], [0.1921646, 43.5715557], [0.1918233, 43.5716047], [0.1915439, 43.5716474], [0.1915022, 43.5716229], [0.1914469, 43.5715619], [0.1912409, 43.5713377], [0.1910328, 43.5711145], [0.1908106, 43.570871], [0.1907571, 43.570815], [0.1911831, 43.5704015], [0.1913037, 43.57043], [0.1914554, 43.5705558], [0.191884, 43.5709798], [0.1921918, 43.5712945], [0.1921155, 43.5713749], [0.1922038, 43.571543]]]}, "properties": {"kind": "prive_autorisation", "section": "B", "numero": "64", "contenance": 8444, "source": "cadastre.data.gouv.fr (PCI Vecteur Etalab) + BDTOPO_V3:foret_publique (IGN)"}}, {"type": "Feature", "geometry": {"type": "Polygon", "coordinates": [[[0.1829419, 43.5737959], [0.182994, 43.5738743], [0.1830725, 43.574059], [0.1831284, 43.5742031], [0.1832424, 43.5742065], [0.1832856, 43.5742123], [0.183374, 43.5741581], [0.1840388, 43.5746387], [0.1846138, 43.5751052], [0.1845429, 43.5751546], [0.1842672, 43.5753346], [0.1840674, 43.5754485], [0.1838155, 43.5755514], [0.1836442, 43.5755787], [0.1833788, 43.5755916], [0.1829819, 43.5755581], [0.1825902, 43.5754786], [0.1822978, 43.5754024], [0.1819564, 43.5753], [0.1817425, 43.5752238], [0.1815541, 43.5751413], [0.1818277, 43.5747182], [0.1821113, 43.5744364], [0.1822596, 43.5742975], [0.182735, 43.5738648], [0.1829419, 43.5737959]]]}, "properties": {"kind": "prive_autorisation", "section": "B", "numero": "434", "contenance": 27357, "source": "cadastre.data.gouv.fr (PCI Vecteur Etalab) + BDTOPO_V3:foret_publique (IGN)"}}, {"type": "Feature", "geometry": {"type": "Polygon", "coordinates": [[[0.1829041, 43.573116], [0.1828832, 43.573298], [0.182853, 43.5734372], [0.1828466, 43.5736512], [0.1829419, 43.5737959], [0.182735, 43.5738648], [0.1822596, 43.5742975], [0.1821113, 43.5744364], [0.1819135, 43.5742411], [0.1817714, 43.5741545], [0.1816146, 43.5740917], [0.1824701, 43.573454], [0.1824089, 43.5733064], [0.1823333, 43.5732431], [0.1822147, 43.5731944], [0.1823167, 43.5731436], [0.1825252, 43.5730963], [0.1829041, 43.573116]]]}, "properties": {"kind": "prive_autorisation", "section": "B", "numero": "21", "contenance": 6979, "source": "cadastre.data.gouv.fr (PCI Vecteur Etalab) + BDTOPO_V3:foret_publique (IGN)"}}, {"type": "Feature", "geometry": {"type": "Polygon", "coordinates": [[[0.1836303, 43.5741357], [0.1837043, 43.5740377], [0.1841923, 43.5733616], [0.1842116, 43.5733419], [0.1843765, 43.5735958], [0.1845485, 43.5738655], [0.1846128, 43.5739495], [0.1848345, 43.5742392], [0.184926, 43.5743616], [0.1852049, 43.5747326], [0.1849997, 43.5748444], [0.1848449, 43.574944], [0.1846138, 43.5751052], [0.1840388, 43.5746387], [0.1841717, 43.5744311], [0.1836303, 43.5741357]]]}, "properties": {"kind": "bati", "section": "B", "numero": "25", "contenance": 10955, "source": "cadastre.data.gouv.fr (PCI Vecteur Etalab) + BDTOPO_V3:foret_publique (IGN)"}}, {"type": "Feature", "geometry": {"type": "Polygon", "coordinates": [[[0.1869087, 43.5722102], [0.1876959, 43.5725474], [0.1881389, 43.5726897], [0.1886443, 43.5728025], [0.188776, 43.5733531], [0.188183, 43.5735322], [0.1878821, 43.5736311], [0.1877695, 43.5734207], [0.1878264, 43.5734014], [0.1877094, 43.5728756], [0.1877031, 43.5728635], [0.1869087, 43.5722102]]]}, "properties": {"kind": "bati", "section": "B", "numero": "43", "contenance": 8223, "source": "cadastre.data.gouv.fr (PCI Vecteur Etalab) + BDTOPO_V3:foret_publique (IGN)"}}, {"type": "Feature", "geometry": {"type": "Polygon", "coordinates": [[[0.1808462, 43.573878], [0.1808434, 43.5739255], [0.1808464, 43.5740806], [0.1808346, 43.5743033], [0.1808175, 43.5744698], [0.1807707, 43.5747526], [0.1806298, 43.5746801], [0.1801454, 43.5744384], [0.1802779, 43.5737347], [0.1804212, 43.5732881], [0.1804367, 43.5732374], [0.1806342, 43.5729071], [0.1807528, 43.5729083], [0.1809652, 43.5729394], [0.1810711, 43.5731536], [0.1810406, 43.5732952], [0.1810361, 43.5733543], [0.1808462, 43.573878]]]}, "properties": {"kind": "prive_autorisation", "section": "B", "numero": "510", "contenance": 9138, "source": "cadastre.data.gouv.fr (PCI Vecteur Etalab) + BDTOPO_V3:foret_publique (IGN)"}}, {"type": "Feature", "geometry": {"type": "Polygon", "coordinates": [[[0.1828403, 43.5641049], [0.1826918, 43.5637903], [0.1825289, 43.5637608], [0.1826392, 43.5634328], [0.1829364, 43.5634944], [0.1829502, 43.5634547], [0.1838977, 43.5630183], [0.1839815, 43.5630684], [0.1840632, 43.5631199], [0.1841614, 43.5631851], [0.1847027, 43.5636236], [0.1839408, 43.5636448], [0.1840192, 43.5640021], [0.1836682, 43.5640279], [0.1828466, 43.5640877], [0.1828403, 43.5641049]]]}, "properties": {"kind": "prive_autorisation", "section": "B", "numero": "156", "contenance": 11174, "source": "cadastre.data.gouv.fr (PCI Vecteur Etalab) + BDTOPO_V3:foret_publique (IGN)"}}, {"type": "Feature", "geometry": {"type": "Polygon", "coordinates": [[[0.1836682, 43.5640279], [0.1840192, 43.5640021], [0.1839408, 43.5636448], [0.1847027, 43.5636236], [0.1851392, 43.5639748], [0.1854982, 43.5642691], [0.1856183, 43.5643647], [0.185427, 43.5644252], [0.1852475, 43.5644571], [0.1848561, 43.5644598], [0.1842921, 43.5644585], [0.1839845, 43.5644578], [0.1836526, 43.5644571], [0.1836682, 43.5640279]]]}, "properties": {"kind": "prive_autorisation", "section": "B", "numero": "157", "contenance": 10542, "source": "cadastre.data.gouv.fr (PCI Vecteur Etalab) + BDTOPO_V3:foret_publique (IGN)"}}, {"type": "Feature", "geometry": {"type": "Polygon", "coordinates": [[[0.1827702, 43.5650521], [0.1827633, 43.5649575], [0.1827454, 43.5647312], [0.1827247, 43.5645051], [0.1827428, 43.5644355], [0.182807, 43.5642179], [0.1828403, 43.5641049], [0.1828466, 43.5640877], [0.1836682, 43.5640279], [0.1836526, 43.5644571], [0.1836281, 43.5650005], [0.1829948, 43.5650513], [0.1827702, 43.5650521]]]}, "properties": {"kind": "prive_autorisation", "section": "B", "numero": "165", "contenance": 7793, "source": "cadastre.data.gouv.fr (PCI Vecteur Etalab) + BDTOPO_V3:foret_publique (IGN)"}}, {"type": "Feature", "geometry": {"type": "Polygon", "coordinates": [[[0.1817897, 43.5639306], [0.1816842, 43.5639026], [0.1816305, 43.5639877], [0.181402, 43.5639184], [0.1815956, 43.5635834], [0.1819188, 43.5636453], [0.1817897, 43.5639306]]]}, "properties": {"kind": "prive_autorisation", "section": "B", "numero": "168", "contenance": 1084, "source": "cadastre.data.gouv.fr (PCI Vecteur Etalab) + BDTOPO_V3:foret_publique (IGN)"}}, {"type": "Feature", "geometry": {"type": "Polygon", "coordinates": [[[0.1817897, 43.5639306], [0.1816494, 43.5642407], [0.1815693, 43.5644176], [0.1815442, 43.5650213], [0.1808045, 43.5649142], [0.1808549, 43.5647633], [0.1809128, 43.5646089], [0.1809827, 43.5644693], [0.1809953, 43.564455], [0.1810451, 43.5643999], [0.1810925, 43.5643437], [0.181148, 43.5642855], [0.181402, 43.5639184], [0.1816305, 43.5639877], [0.1816842, 43.5639026], [0.1817897, 43.5639306]]]}, "properties": {"kind": "bati", "section": "B", "numero": "169", "contenance": 5526, "source": "cadastre.data.gouv.fr (PCI Vecteur Etalab) + BDTOPO_V3:foret_publique (IGN)"}}, {"type": "Feature", "geometry": {"type": "Polygon", "coordinates": [[[0.1828926, 43.5626171], [0.1831497, 43.5626947], [0.1834512, 43.5627831], [0.1835857, 43.5628377], [0.1837739, 43.5629428], [0.1838977, 43.5630183], [0.1829502, 43.5634547], [0.1829364, 43.5634944], [0.1826392, 43.5634328], [0.1828926, 43.5626171]]]}, "properties": {"kind": "prive_autorisation", "section": "B", "numero": "154", "contenance": 5137, "source": "cadastre.data.gouv.fr (PCI Vecteur Etalab) + BDTOPO_V3:foret_publique (IGN)"}}, {"type": "Feature", "geometry": {"type": "Polygon", "coordinates": [[[0.1864974, 43.5647429], [0.186167, 43.5645453], [0.1857626, 43.5643547], [0.1858881, 43.5642838], [0.186292, 43.5640347], [0.1863552, 43.5639915], [0.1865125, 43.5638577], [0.1871231, 43.5642718], [0.1864974, 43.5647429]]]}, "properties": {"kind": "prive_autorisation", "section": "B", "numero": "150", "contenance": 5265, "source": "cadastre.data.gouv.fr (PCI Vecteur Etalab) + BDTOPO_V3:foret_publique (IGN)"}}, {"type": "Feature", "geometry": {"type": "Polygon", "coordinates": [[[0.1854276, 43.5641157], [0.1843697, 43.5632542], [0.1846039, 43.5631824], [0.1851692, 43.563078], [0.1853427, 43.5630788], [0.185516, 43.5630817], [0.185726, 43.5630877], [0.1856341, 43.5632764], [0.1854276, 43.5641157]]]}, "properties": {"kind": "prive_autorisation", "section": "B", "numero": "152", "contenance": 6464, "source": "cadastre.data.gouv.fr (PCI Vecteur Etalab) + BDTOPO_V3:foret_publique (IGN)"}}, {"type": "Feature", "geometry": {"type": "Polygon", "coordinates": [[[0.1839896, 43.5649714], [0.1845476, 43.5648313], [0.1846268, 43.5648116], [0.1851837, 43.5646711], [0.1852475, 43.5644571], [0.185427, 43.5644252], [0.1856183, 43.5643647], [0.1853942, 43.5646355], [0.1852625, 43.5648114], [0.1851516, 43.5650607], [0.1849825, 43.5653011], [0.1846289, 43.5653056], [0.1841466, 43.5653102], [0.183809, 43.5652734], [0.1839896, 43.5649714]]]}, "properties": {"kind": "prive_autorisation", "section": "B", "numero": "160", "contenance": 6070, "source": "cadastre.data.gouv.fr (PCI Vecteur Etalab) + BDTOPO_V3:foret_publique (IGN)"}}, {"type": "Feature", "geometry": {"type": "Polygon", "coordinates": [[[0.183809, 43.5652734], [0.1841466, 43.5653102], [0.1840044, 43.5658327], [0.1834359, 43.5657803], [0.1830881, 43.5657723], [0.1828134, 43.565788], [0.1828724, 43.5656083], [0.1836522, 43.5655314], [0.183809, 43.5652734]]]}, "properties": {"kind": "prive_autorisation", "section": "B", "numero": "163", "contenance": 3416, "source": "cadastre.data.gouv.fr (PCI Vecteur Etalab) + BDTOPO_V3:foret_publique (IGN)"}}, {"type": "Feature", "geometry": {"type": "Polygon", "coordinates": [[[0.1827428, 43.5644355], [0.1824407, 43.5643707], [0.182568, 43.5641763], [0.182807, 43.5642179], [0.1827428, 43.5644355]]]}, "properties": {"kind": "prive_autorisation", "section": "B", "numero": "166", "contenance": 553, "source": "cadastre.data.gouv.fr (PCI Vecteur Etalab) + BDTOPO_V3:foret_publique (IGN)"}}, {"type": "Feature", "geometry": {"type": "Polygon", "coordinates": [[[0.1852475, 43.5644571], [0.1851837, 43.5646711], [0.1846268, 43.5648116], [0.1842921, 43.5644585], [0.1848561, 43.5644598], [0.1852475, 43.5644571]]]}, "properties": {"kind": "prive_autorisation", "section": "B", "numero": "158", "contenance": 2000, "source": "cadastre.data.gouv.fr (PCI Vecteur Etalab) + BDTOPO_V3:foret_publique (IGN)"}}, {"type": "Feature", "geometry": {"type": "Polygon", "coordinates": [[[0.1839845, 43.5644578], [0.1842921, 43.5644585], [0.1846268, 43.5648116], [0.1845476, 43.5648313], [0.1839845, 43.5644578]]]}, "properties": {"kind": "prive_autorisation", "section": "B", "numero": "159", "contenance": 720, "source": "cadastre.data.gouv.fr (PCI Vecteur Etalab) + BDTOPO_V3:foret_publique (IGN)"}}, {"type": "Feature", "geometry": {"type": "Polygon", "coordinates": [[[0.1845356, 43.5658533], [0.1844151, 43.565859], [0.1846289, 43.5653056], [0.1849825, 43.5653011], [0.1848062, 43.5656222], [0.1845356, 43.5658533]]]}, "properties": {"kind": "prive_autorisation", "section": "B", "numero": "161", "contenance": 1340, "source": "cadastre.data.gouv.fr (PCI Vecteur Etalab) + BDTOPO_V3:foret_publique (IGN)"}}, {"type": "Feature", "geometry": {"type": "Polygon", "coordinates": [[[0.1844151, 43.565859], [0.1839923, 43.5658782], [0.1840044, 43.5658327], [0.1841466, 43.5653102], [0.1846289, 43.5653056], [0.1844151, 43.565859]]]}, "properties": {"kind": "prive_autorisation", "section": "B", "numero": "162", "contenance": 2310, "source": "cadastre.data.gouv.fr (PCI Vecteur Etalab) + BDTOPO_V3:foret_publique (IGN)"}}, {"type": "Feature", "geometry": {"type": "Polygon", "coordinates": [[[0.1839896, 43.5649714], [0.1836281, 43.5650005], [0.1836526, 43.5644571], [0.1839845, 43.5644578], [0.1845476, 43.5648313], [0.1839896, 43.5649714]]]}, "properties": {"kind": "prive_autorisation", "section": "B", "numero": "164", "contenance": 3009, "source": "cadastre.data.gouv.fr (PCI Vecteur Etalab) + BDTOPO_V3:foret_publique (IGN)"}}, {"type": "Feature", "geometry": {"type": "Polygon", "coordinates": [[[0.1875106, 43.5663748], [0.1876091, 43.5664404], [0.1877095, 43.5665048], [0.1877638, 43.5665385], [0.1873625, 43.5667508], [0.1866062, 43.5660657], [0.1867583, 43.5658764], [0.1875106, 43.5663748]]]}, "properties": {"kind": "prive_autorisation", "section": "B", "numero": "468", "contenance": 3265, "source": "cadastre.data.gouv.fr (PCI Vecteur Etalab) + BDTOPO_V3:foret_publique (IGN)"}}, {"type": "Feature", "geometry": {"type": "Polygon", "coordinates": [[[0.1870171, 43.5655548], [0.1878164, 43.5661646], [0.1875106, 43.5663748], [0.1867583, 43.5658764], [0.1870171, 43.5655548]]]}, "properties": {"kind": "prive_autorisation", "section": "B", "numero": "144", "contenance": 3263, "source": "cadastre.data.gouv.fr (PCI Vecteur Etalab) + BDTOPO_V3:foret_publique (IGN)"}}, {"type": "Feature", "geometry": {"type": "Polygon", "coordinates": [[[0.189324, 43.5659949], [0.1895855, 43.5657033], [0.1897476, 43.5658003], [0.1899031, 43.5658854], [0.1901646, 43.5659797], [0.1902998, 43.5660627], [0.1903946, 43.5661065], [0.1905862, 43.5661378], [0.1903124, 43.5665542], [0.1899644, 43.5665691], [0.1900281, 43.5664783], [0.1896669, 43.5663601], [0.189324, 43.5659949]]]}, "properties": {"kind": "prive_autorisation", "section": "B", "numero": "146", "contenance": 5046, "source": "cadastre.data.gouv.fr (PCI Vecteur Etalab) + BDTOPO_V3:foret_publique (IGN)"}}, {"type": "Feature", "geometry": {"type": "Polygon", "coordinates": [[[0.1830433, 43.5666561], [0.1835161, 43.566663], [0.1839886, 43.5666719], [0.1842795, 43.5666784], [0.1842751, 43.5666902], [0.1844234, 43.5667894], [0.1844818, 43.5668661], [0.1845248, 43.5669566], [0.1845153, 43.5669938], [0.1830172, 43.5670047], [0.1830433, 43.5666561]]]}, "properties": {"kind": "prive_autorisation", "section": "B", "numero": "173", "contenance": 4200, "source": "cadastre.data.gouv.fr (PCI Vecteur Etalab) + BDTOPO_V3:foret_publique (IGN)"}}, {"type": "Feature", "geometry": {"type": "Polygon", "coordinates": [[[0.1809445, 43.5676883], [0.1805411, 43.5676194], [0.1805834, 43.5673878], [0.1805917, 43.5672793], [0.1805652, 43.5669341], [0.1805435, 43.5668059], [0.1805242, 43.5666774], [0.1805244, 43.5666008], [0.1813466, 43.5666264], [0.182105, 43.5666403], [0.1818369, 43.5670051], [0.1815527, 43.5670109], [0.1814415, 43.5670177], [0.1812786, 43.566996], [0.1810996, 43.5674264], [0.1809445, 43.5676883]]]}, "properties": {"kind": "prive_autorisation", "section": "B", "numero": "178", "contenance": 8205, "source": "cadastre.data.gouv.fr (PCI Vecteur Etalab) + BDTOPO_V3:foret_publique (IGN)"}}, {"type": "Feature", "geometry": {"type": "Polygon", "coordinates": [[[0.1820507, 43.5680459], [0.180944, 43.5681656], [0.1810629, 43.5683657], [0.1812431, 43.5686689], [0.1802325, 43.5687805], [0.1802966, 43.5683737], [0.1803258, 43.5682161], [0.1804361, 43.5678969], [0.1805411, 43.5676194], [0.1809445, 43.5676883], [0.1820298, 43.5678735], [0.1820507, 43.5680459]]]}, "properties": {"kind": "prive_autorisation", "section": "B", "numero": "180", "contenance": 9830, "source": "cadastre.data.gouv.fr (PCI Vecteur Etalab) + BDTOPO_V3:foret_publique (IGN)"}}, {"type": "Feature", "geometry": {"type": "Polygon", "coordinates": [[[0.1862139, 43.5687533], [0.1861741, 43.5686757], [0.1862487, 43.5686081], [0.1862262, 43.5685478], [0.1861999, 43.5685034], [0.1860894, 43.5685219], [0.1860405, 43.5683518], [0.1861541, 43.5683357], [0.1861319, 43.5681789], [0.1861225, 43.5681458], [0.1861254, 43.5681352], [0.186076, 43.5677093], [0.1862554, 43.5677032], [0.1862438, 43.5678168], [0.1862493, 43.5678538], [0.1862688, 43.5679315], [0.1863399, 43.5681498], [0.1864373, 43.5684102], [0.1865357, 43.5686253], [0.1862139, 43.5687533]]]}, "properties": {"kind": "prive_autorisation", "section": "B", "numero": "437", "contenance": 2270, "source": "cadastre.data.gouv.fr (PCI Vecteur Etalab) + BDTOPO_V3:foret_publique (IGN)"}}, {"type": "Feature", "geometry": {"type": "Polygon", "coordinates": [[[0.1873625, 43.5667508], [0.1871792, 43.5668484], [0.1864082, 43.5663509], [0.1864876, 43.566217], [0.1866062, 43.5660657], [0.1873625, 43.5667508]]]}, "properties": {"kind": "prive_autorisation", "section": "B", "numero": "469", "contenance": 2431, "source": "cadastre.data.gouv.fr (PCI Vecteur Etalab) + BDTOPO_V3:foret_publique (IGN)"}}, {"type": "Feature", "geometry": {"type": "Polygon", "coordinates": [[[0.1864082, 43.5663509], [0.1871792, 43.5668484], [0.1868174, 43.5670856], [0.186803, 43.5670965], [0.1868976, 43.5674113], [0.1869188, 43.5674565], [0.1867222, 43.5674713], [0.186365, 43.5674979], [0.186359, 43.5674601], [0.1863635, 43.5673324], [0.1863577, 43.5672228], [0.1863361, 43.567121], [0.1862908, 43.5669865], [0.18624, 43.5667913], [0.1862535, 43.5667247], [0.1862848, 43.5666391], [0.1864082, 43.5663509]]]}, "properties": {"kind": "prive_autorisation", "section": "B", "numero": "120", "contenance": 5558, "source": "cadastre.data.gouv.fr (PCI Vecteur Etalab) + BDTOPO_V3:foret_publique (IGN)"}}, {"type": "Feature", "geometry": {"type": "Polygon", "coordinates": [[[0.186365, 43.5674979], [0.1867222, 43.5674713], [0.1868453, 43.5680132], [0.1870653, 43.5679846], [0.1870839, 43.5680347], [0.1871131, 43.56815], [0.1871818, 43.5681966], [0.1872097, 43.5681866], [0.1873144, 43.5681494], [0.1873364, 43.5681479], [0.1873546, 43.5681467], [0.1873925, 43.568155], [0.1874654, 43.5682234], [0.1874857, 43.5682586], [0.1874867, 43.5682663], [0.1872634, 43.5685064], [0.1871408, 43.5684967], [0.1870683, 43.5684844], [0.1870293, 43.568478], [0.1870054, 43.5684391], [0.1869813, 43.5684012], [0.1869471, 43.5684091], [0.1869454, 43.5684037], [0.186867, 43.5684217], [0.1868093, 43.5683284], [0.1867428, 43.5683418], [0.1867373, 43.568326], [0.1867262, 43.5683284], [0.1865367, 43.5683712], [0.1865184, 43.5683753], [0.1864701, 43.5682516], [0.186364, 43.5679227], [0.1863353, 43.5677939], [0.1863382, 43.5677329], [0.186365, 43.5674979]]]}, "properties": {"kind": "bati", "section": "B", "numero": "122", "contenance": 5148, "source": "cadastre.data.gouv.fr (PCI Vecteur Etalab) + BDTOPO_V3:foret_publique (IGN)"}}, {"type": "Feature", "geometry": {"type": "Polygon", "coordinates": [[[0.1854028, 43.5673495], [0.1852598, 43.5674615], [0.1851416, 43.5677252], [0.1850048, 43.5680644], [0.1847544, 43.5680733], [0.1849824, 43.5675021], [0.1849969, 43.5674798], [0.1850789, 43.5673751], [0.1854028, 43.5673495]]]}, "properties": {"kind": "prive_autorisation", "section": "B", "numero": "137", "contenance": 1604, "source": "cadastre.data.gouv.fr (PCI Vecteur Etalab) + BDTOPO_V3:foret_publique (IGN)"}}, {"type": "Feature", "geometry": {"type": "Polygon", "coordinates": [[[0.1892007, 43.5677714], [0.1891804, 43.5678885], [0.1890784, 43.5683973], [0.1890215, 43.5686817], [0.1889825, 43.5687056], [0.1883764, 43.5682266], [0.1886937, 43.5680534], [0.1890096, 43.5678784], [0.1892007, 43.5677714]]]}, "properties": {"kind": "prive_autorisation", "section": "B", "numero": "459", "contenance": 3145, "source": "cadastre.data.gouv.fr (PCI Vecteur Etalab) + BDTOPO_V3:foret_publique (IGN)"}}, {"type": "Feature", "geometry": {"type": "Polygon", "coordinates": [[[0.1883852, 43.5676626], [0.1886615, 43.5675652], [0.1889695, 43.567466], [0.1889404, 43.5678561], [0.188732, 43.567982], [0.1884141, 43.5677037], [0.1884026, 43.5676875], [0.1883852, 43.5676626]]]}, "properties": {"kind": "prive_autorisation", "section": "B", "numero": "461", "contenance": 1549, "source": "cadastre.data.gouv.fr (PCI Vecteur Etalab) + BDTOPO_V3:foret_publique (IGN)"}}, {"type": "Feature", "geometry": {"type": "Polygon", "coordinates": [[[0.1879738, 43.5671008], [0.1879776, 43.5671123], [0.1880826, 43.5672858], [0.1881832, 43.5674615], [0.1881595, 43.567469], [0.1878291, 43.5671717], [0.1879738, 43.5671008]]]}, "properties": {"kind": "prive_autorisation", "section": "B", "numero": "464", "contenance": 361, "source": "cadastre.data.gouv.fr (PCI Vecteur Etalab) + BDTOPO_V3:foret_publique (IGN)"}}, {"type": "Feature", "geometry": {"type": "Polygon", "coordinates": [[[0.1878291, 43.5671717], [0.1881595, 43.567469], [0.1875232, 43.5676708], [0.1873704, 43.5673962], [0.1878291, 43.5671717]]]}, "properties": {"kind": "prive_autorisation", "section": "B", "numero": "465", "contenance": 1829, "source": "cadastre.data.gouv.fr (PCI Vecteur Etalab) + BDTOPO_V3:foret_publique (IGN)"}}, {"type": "Feature", "geometry": {"type": "Polygon", "coordinates": [[[0.1877638, 43.5665385], [0.1878829, 43.5667253], [0.1879097, 43.5669064], [0.1879738, 43.5671008], [0.1878291, 43.5671717], [0.1873625, 43.5667508], [0.1877638, 43.5665385]]]}, "properties": {"kind": "prive_autorisation", "section": "B", "numero": "466", "contenance": 1714, "source": "cadastre.data.gouv.fr (PCI Vecteur Etalab) + BDTOPO_V3:foret_publique (IGN)"}}, {"type": "Feature", "geometry": {"type": "Polygon", "coordinates": [[[0.1906553, 43.5666388], [0.1903124, 43.5665542], [0.1905862, 43.5661378], [0.1909149, 43.5661914], [0.1910367, 43.566184], [0.1911422, 43.5661698], [0.1912106, 43.5661701], [0.1913397, 43.5662029], [0.1914961, 43.5662503], [0.191728, 43.5662901], [0.192175, 43.566406], [0.192281, 43.5664582], [0.1920533, 43.5669448], [0.1918409, 43.5668966], [0.1914693, 43.5668103], [0.1906553, 43.5666388]]]}, "properties": {"kind": "prive_autorisation", "section": "B", "numero": "95", "contenance": 8477, "source": "cadastre.data.gouv.fr (PCI Vecteur Etalab) + BDTOPO_V3:foret_publique (IGN)"}}, {"type": "Feature", "geometry": {"type": "Polygon", "coordinates": [[[0.1906553, 43.5666388], [0.1902366, 43.5672033], [0.1896536, 43.5669908], [0.1899644, 43.5665691], [0.1903124, 43.5665542], [0.1906553, 43.5666388]]]}, "properties": {"kind": "prive_autorisation", "section": "B", "numero": "96", "contenance": 3542, "source": "cadastre.data.gouv.fr (PCI Vecteur Etalab) + BDTOPO_V3:foret_publique (IGN)"}}, {"type": "Feature", "geometry": {"type": "Polygon", "coordinates": [[[0.1912742, 43.5679319], [0.1911936, 43.5680802], [0.1893121, 43.5677123], [0.1893543, 43.5675171], [0.1912742, 43.5679319]]]}, "properties": {"kind": "prive_autorisation", "section": "B", "numero": "98", "contenance": 3170, "source": "cadastre.data.gouv.fr (PCI Vecteur Etalab) + BDTOPO_V3:foret_publique (IGN)"}}, {"type": "Feature", "geometry": {"type": "Polygon", "coordinates": [[[0.1892007, 43.5677714], [0.1893121, 43.5677123], [0.1911936, 43.5680802], [0.1910244, 43.5683938], [0.190906, 43.568612], [0.1898614, 43.5684893], [0.189785, 43.5684803], [0.1899979, 43.5680334], [0.1891804, 43.5678885], [0.1892007, 43.5677714]]]}, "properties": {"kind": "prive_autorisation", "section": "B", "numero": "99", "contenance": 7610, "source": "cadastre.data.gouv.fr (PCI Vecteur Etalab) + BDTOPO_V3:foret_publique (IGN)"}}, {"type": "Feature", "geometry": {"type": "Polygon", "coordinates": [[[0.1879776, 43.5671123], [0.1889462, 43.566737], [0.1890737, 43.5668982], [0.1880826, 43.5672858], [0.1879776, 43.5671123]]]}, "properties": {"kind": "prive_autorisation", "section": "B", "numero": "112", "contenance": 1790, "source": "cadastre.data.gouv.fr (PCI Vecteur Etalab) + BDTOPO_V3:foret_publique (IGN)"}}, {"type": "Feature", "geometry": {"type": "Polygon", "coordinates": [[[0.1890737, 43.5668982], [0.1891641, 43.5670124], [0.1890907, 43.5671338], [0.1881832, 43.5674615], [0.1880826, 43.5672858], [0.1890737, 43.5668982]]]}, "properties": {"kind": "prive_autorisation", "section": "B", "numero": "113", "contenance": 2050, "source": "cadastre.data.gouv.fr (PCI Vecteur Etalab) + BDTOPO_V3:foret_publique (IGN)"}}, {"type": "Feature", "geometry": {"type": "Polygon", "coordinates": [[[0.1867222, 43.5674713], [0.1869188, 43.5674565], [0.1869597, 43.5676095], [0.1870098, 43.5678317], [0.1870653, 43.5679846], [0.1868453, 43.5680132], [0.1867222, 43.5674713]]]}, "properties": {"kind": "prive_autorisation", "section": "B", "numero": "121", "contenance": 1006, "source": "cadastre.data.gouv.fr (PCI Vecteur Etalab) + BDTOPO_V3:foret_publique (IGN)"}}, {"type": "Feature", "geometry": {"type": "Polygon", "coordinates": [[[0.1873625, 43.5667508], [0.1878291, 43.5671717], [0.1873704, 43.5673962], [0.1870698, 43.5675435], [0.1869591, 43.5674798], [0.1869511, 43.5674543], [0.1869284, 43.5674117], [0.1868174, 43.5670856], [0.1871792, 43.5668484], [0.1873625, 43.5667508]]]}, "properties": {"kind": "prive_autorisation", "section": "B", "numero": "493", "contenance": 3872, "source": "cadastre.data.gouv.fr (PCI Vecteur Etalab) + BDTOPO_V3:foret_publique (IGN)"}}, {"type": "Feature", "geometry": {"type": "Polygon", "coordinates": [[[0.1884026, 43.5676875], [0.1884141, 43.5677037], [0.1886454, 43.5680345], [0.1885663, 43.5680822], [0.1883275, 43.5682197], [0.1882799, 43.5682408], [0.1873733, 43.5677184], [0.1875232, 43.5676708], [0.1881595, 43.567469], [0.1884026, 43.5676875]]]}, "properties": {"kind": "prive_autorisation", "section": "B", "numero": "497", "contenance": 4385, "source": "cadastre.data.gouv.fr (PCI Vecteur Etalab) + BDTOPO_V3:foret_publique (IGN)"}}, {"type": "Feature", "geometry": {"type": "Polygon", "coordinates": [[[0.1924897, 43.5675161], [0.1933277, 43.5676931], [0.193124, 43.5682226], [0.193114, 43.5682295], [0.192587, 43.5680906], [0.1925753, 43.5680359], [0.1924897, 43.5675161]]]}, "properties": {"kind": "prive_autorisation", "section": "B", "numero": "89", "contenance": 3430, "source": "cadastre.data.gouv.fr (PCI Vecteur Etalab) + BDTOPO_V3:foret_publique (IGN)"}}, {"type": "Feature", "geometry": {"type": "Polygon", "coordinates": [[[0.193124, 43.5682226], [0.1933277, 43.5676931], [0.1934725, 43.5673199], [0.1940539, 43.5675661], [0.193792, 43.5679607], [0.1935275, 43.5683488], [0.193124, 43.5682226]]]}, "properties": {"kind": "prive_autorisation", "section": "B", "numero": "90", "contenance": 4683, "source": "cadastre.data.gouv.fr (PCI Vecteur Etalab) + BDTOPO_V3:foret_publique (IGN)"}}, {"type": "Feature", "geometry": {"type": "Polygon", "coordinates": [[[0.1934725, 43.5673199], [0.1930645, 43.5671478], [0.1932462, 43.5668272], [0.1939099, 43.5670495], [0.1939682, 43.5670794], [0.1940955, 43.5671961], [0.1942369, 43.5673434], [0.1940835, 43.5675322], [0.194062, 43.5675566], [0.1940539, 43.5675661], [0.1934725, 43.5673199]]]}, "properties": {"kind": "prive_autorisation", "section": "B", "numero": "91", "contenance": 3890, "source": "cadastre.data.gouv.fr (PCI Vecteur Etalab) + BDTOPO_V3:foret_publique (IGN)"}}, {"type": "Feature", "geometry": {"type": "Polygon", "coordinates": [[[0.1923727, 43.5674907], [0.1926189, 43.5670073], [0.192769, 43.5670226], [0.1930645, 43.5671478], [0.1934725, 43.5673199], [0.1933277, 43.5676931], [0.1924897, 43.5675161], [0.1923727, 43.5674907]]]}, "properties": {"kind": "prive_autorisation", "section": "B", "numero": "92", "contenance": 4129, "source": "cadastre.data.gouv.fr (PCI Vecteur Etalab) + BDTOPO_V3:foret_publique (IGN)"}}, {"type": "Feature", "geometry": {"type": "Polygon", "coordinates": [[[0.1919856, 43.5681115], [0.1916785, 43.5680097], [0.191298, 43.5678884], [0.1915792, 43.5673721], [0.1918409, 43.5668966], [0.1920533, 43.5669448], [0.1926189, 43.5670073], [0.1923727, 43.5674907], [0.1923106, 43.5674972], [0.1919856, 43.5681115]]]}, "properties": {"kind": "prive_autorisation", "section": "B", "numero": "93", "contenance": 7710, "source": "cadastre.data.gouv.fr (PCI Vecteur Etalab) + BDTOPO_V3:foret_publique (IGN)"}}, {"type": "Feature", "geometry": {"type": "Polygon", "coordinates": [[[0.1920533, 43.5669448], [0.192281, 43.5664582], [0.1924093, 43.5665521], [0.1924831, 43.5665925], [0.1929194, 43.5667176], [0.1932462, 43.5668272], [0.1930645, 43.5671478], [0.192769, 43.5670226], [0.1926189, 43.5670073], [0.1920533, 43.5669448]]]}, "properties": {"kind": "prive_autorisation", "section": "B", "numero": "94", "contenance": 3540, "source": "cadastre.data.gouv.fr (PCI Vecteur Etalab) + BDTOPO_V3:foret_publique (IGN)"}}, {"type": "Feature", "geometry": {"type": "Polygon", "coordinates": [[[0.1943087, 43.5688397], [0.1941507, 43.5688313], [0.1940286, 43.5688935], [0.1939024, 43.5689873], [0.1937883, 43.5691594], [0.1937777, 43.5691934], [0.1935124, 43.5691391], [0.1937061, 43.5687672], [0.194037, 43.5682318], [0.1941801, 43.5681229], [0.1943671, 43.5682154], [0.1943087, 43.5688397]]]}, "properties": {"kind": "prive_autorisation", "section": "B", "numero": "395", "contenance": 3811, "source": "cadastre.data.gouv.fr (PCI Vecteur Etalab) + BDTOPO_V3:foret_publique (IGN)"}}, {"type": "Feature", "geometry": {"type": "Polygon", "coordinates": [[[0.1940539, 43.5675661], [0.194062, 43.5675566], [0.1943803, 43.5677042], [0.1944098, 43.567765], [0.194391, 43.5679625], [0.1941801, 43.5681229], [0.193792, 43.5679607], [0.1940539, 43.5675661]]]}, "properties": {"kind": "prive_autorisation", "section": "B", "numero": "401", "contenance": 2011, "source": "cadastre.data.gouv.fr (PCI Vecteur Etalab) + BDTOPO_V3:foret_publique (IGN)"}}, {"type": "Feature", "geometry": {"type": "Polygon", "coordinates": [[[0.1935275, 43.5683488], [0.193792, 43.5679607], [0.1941801, 43.5681229], [0.194037, 43.5682318], [0.1937061, 43.5687672], [0.1935124, 43.5691391], [0.19327, 43.5686954], [0.1935275, 43.5683488]]]}, "properties": {"kind": "prive_autorisation", "section": "B", "numero": "85", "contenance": 3600, "source": "cadastre.data.gouv.fr (PCI Vecteur Etalab) + BDTOPO_V3:foret_publique (IGN)"}}, {"type": "Feature", "geometry": {"type": "Polygon", "coordinates": [[[0.1820016, 43.5682634], [0.1810629, 43.5683657], [0.180944, 43.5681656], [0.1820507, 43.5680459], [0.1820274, 43.5681477], [0.1819975, 43.5682211], [0.1820016, 43.5682634]]]}, "properties": {"kind": "prive_autorisation", "section": "B", "numero": "181", "contenance": 1911, "source": "cadastre.data.gouv.fr (PCI Vecteur Etalab) + BDTOPO_V3:foret_publique (IGN)"}}, {"type": "Feature", "geometry": {"type": "Polygon", "coordinates": [[[0.1820574, 43.56855], [0.1812431, 43.5686689], [0.1810629, 43.5683657], [0.1820016, 43.5682634], [0.1820574, 43.56855]]]}, "properties": {"kind": "prive_autorisation", "section": "B", "numero": "182", "contenance": 2523, "source": "cadastre.data.gouv.fr (PCI Vecteur Etalab) + BDTOPO_V3:foret_publique (IGN)"}}, {"type": "Feature", "geometry": {"type": "Polygon", "coordinates": [[[0.1828623, 43.5695797], [0.1824514, 43.5697473], [0.1817882, 43.5697486], [0.1816334, 43.5693816], [0.1815989, 43.5692606], [0.1818389, 43.5692654], [0.1821067, 43.5687705], [0.1825165, 43.5687895], [0.1827306, 43.568777], [0.1829025, 43.5687519], [0.1828998, 43.5693432], [0.182886, 43.5695185], [0.1828623, 43.5695797]]]}, "properties": {"kind": "prive_autorisation", "section": "B", "numero": "194", "contenance": 8930, "source": "cadastre.data.gouv.fr (PCI Vecteur Etalab) + BDTOPO_V3:foret_publique (IGN)"}}, {"type": "Feature", "geometry": {"type": "Polygon", "coordinates": [[[0.1859917, 43.5702181], [0.1859736, 43.5702296], [0.1853926, 43.5700484], [0.1840742, 43.569581], [0.1840704, 43.5694626], [0.1842191, 43.5694363], [0.1847495, 43.569676], [0.1852242, 43.5698637], [0.1854408, 43.56997], [0.1859917, 43.5702181]]]}, "properties": {"kind": "prive_autorisation", "section": "B", "numero": "49", "contenance": 2050, "source": "cadastre.data.gouv.fr (PCI Vecteur Etalab) + BDTOPO_V3:foret_publique (IGN)"}}, {"type": "Feature", "geometry": {"type": "Polygon", "coordinates": [[[0.186037, 43.570189], [0.1859917, 43.5702181], [0.1854408, 43.56997], [0.1852242, 43.5698637], [0.1847495, 43.569676], [0.1842191, 43.5694363], [0.1844314, 43.5693988], [0.1845649, 43.5693502], [0.1846621, 43.5693954], [0.1847156, 43.5694148], [0.1848848, 43.5695316], [0.1850637, 43.5696422], [0.1853386, 43.5697717], [0.1855357, 43.5699216], [0.186037, 43.570189]]]}, "properties": {"kind": "prive_autorisation", "section": "B", "numero": "50", "contenance": 2375, "source": "cadastre.data.gouv.fr (PCI Vecteur Etalab) + BDTOPO_V3:foret_publique (IGN)"}}, {"type": "Feature", "geometry": {"type": "Polygon", "coordinates": [[[0.1878223, 43.569582], [0.1870631, 43.5700698], [0.1866603, 43.5697893], [0.1874023, 43.5692997], [0.187602, 43.5694466], [0.1878223, 43.569582]]]}, "properties": {"kind": "prive_autorisation", "section": "B", "numero": "52", "contenance": 3794, "source": "cadastre.data.gouv.fr (PCI Vecteur Etalab) + BDTOPO_V3:foret_publique (IGN)"}}, {"type": "Feature", "geometry": {"type": "Polygon", "coordinates": [[[0.1870584, 43.5690598], [0.186996, 43.5690894], [0.1868083, 43.5691787], [0.186238, 43.5687862], [0.1865579, 43.5686573], [0.1866755, 43.5687907], [0.1867872, 43.5688753], [0.1869044, 43.5689476], [0.1870584, 43.5690598]]]}, "properties": {"kind": "prive_autorisation", "section": "B", "numero": "126", "contenance": 1550, "source": "cadastre.data.gouv.fr (PCI Vecteur Etalab) + BDTOPO_V3:foret_publique (IGN)"}}, {"type": "Feature", "geometry": {"type": "Polygon", "coordinates": [[[0.1870698, 43.5675435], [0.1873733, 43.5677184], [0.1870442, 43.5678227], [0.1869914, 43.5675819], [0.1870698, 43.5675435]]]}, "properties": {"kind": "prive_autorisation", "section": "B", "numero": "494", "contenance": 531, "source": "cadastre.data.gouv.fr (PCI Vecteur Etalab) + BDTOPO_V3:foret_publique (IGN)"}}, {"type": "Feature", "geometry": {"type": "Polygon", "coordinates": [[[0.1870054, 43.5684391], [0.1870293, 43.568478], [0.1870683, 43.5684844], [0.1871408, 43.5684967], [0.1872634, 43.5685064], [0.187313, 43.5684905], [0.1873035, 43.5685511], [0.186962, 43.5685866], [0.1869872, 43.5687076], [0.1869495, 43.5687132], [0.1869425, 43.5686839], [0.1867651, 43.5687072], [0.1867737, 43.5687402], [0.1867399, 43.5687464], [0.1867155, 43.5687059], [0.186617, 43.5686111], [0.1865752, 43.5685207], [0.1868822, 43.568466], [0.1870054, 43.5684391]]]}, "properties": {"kind": "bati", "section": "B", "numero": "339", "contenance": 936, "source": "cadastre.data.gouv.fr (PCI Vecteur Etalab) + BDTOPO_V3:foret_publique (IGN)"}}, {"type": "Feature", "geometry": {"type": "Polygon", "coordinates": [[[0.1897399, 43.5689812], [0.1891137, 43.5687692], [0.1897932, 43.5687342], [0.189837, 43.5687319], [0.1897399, 43.5689812]]]}, "properties": {"kind": "prive_autorisation", "section": "B", "numero": "452", "contenance": 818, "source": "cadastre.data.gouv.fr (PCI Vecteur Etalab) + BDTOPO_V3:foret_publique (IGN)"}}, {"type": "Feature", "geometry": {"type": "Polygon", "coordinates": [[[0.1904811, 43.5692311], [0.1896032, 43.5693483], [0.1897399, 43.5689812], [0.1904811, 43.5692311]]]}, "properties": {"kind": "prive_autorisation", "section": "B", "numero": "454", "contenance": 1352, "source": "cadastre.data.gouv.fr (PCI Vecteur Etalab) + BDTOPO_V3:foret_publique (IGN)"}}, {"type": "Feature", "geometry": {"type": "Polygon", "coordinates": [[[0.1904811, 43.5692311], [0.1897399, 43.5689812], [0.189837, 43.5687319], [0.1897932, 43.5687342], [0.1898614, 43.5684893], [0.190906, 43.568612], [0.1905655, 43.5692198], [0.1904811, 43.5692311]]]}, "properties": {"kind": "prive_autorisation", "section": "B", "numero": "455", "contenance": 5138, "source": "cadastre.data.gouv.fr (PCI Vecteur Etalab) + BDTOPO_V3:foret_publique (IGN)"}}, {"type": "Feature", "geometry": {"type": "Polygon", "coordinates": [[[0.1891137, 43.5687692], [0.1890528, 43.568771], [0.1888976, 43.5687576], [0.1889179, 43.5687452], [0.1889825, 43.5687056], [0.1890262, 43.5687395], [0.1891137, 43.5687692]]]}, "properties": {"kind": "prive_autorisation", "section": "B", "numero": "456", "contenance": 48, "source": "cadastre.data.gouv.fr (PCI Vecteur Etalab) + BDTOPO_V3:foret_publique (IGN)"}}, {"type": "Feature", "geometry": {"type": "Polygon", "coordinates": [[[0.1891137, 43.5687692], [0.1890262, 43.5687395], [0.1889825, 43.5687056], [0.1890215, 43.5686817], [0.1890784, 43.5683973], [0.189785, 43.5684803], [0.1898614, 43.5684893], [0.1897932, 43.5687342], [0.1891137, 43.5687692]]]}, "properties": {"kind": "prive_autorisation", "section": "B", "numero": "457", "contenance": 2192, "source": "cadastre.data.gouv.fr (PCI Vecteur Etalab) + BDTOPO_V3:foret_publique (IGN)"}}, {"type": "Feature", "geometry": {"type": "Polygon", "coordinates": [[[0.1883764, 43.5682266], [0.1889825, 43.5687056], [0.1889179, 43.5687452], [0.1885641, 43.5684648], [0.188309, 43.5682576], [0.1883764, 43.5682266]]]}, "properties": {"kind": "prive_autorisation", "section": "B", "numero": "458", "contenance": 465, "source": "cadastre.data.gouv.fr (PCI Vecteur Etalab) + BDTOPO_V3:foret_publique (IGN)"}}, {"type": "Feature", "geometry": {"type": "Polygon", "coordinates": [[[0.1884141, 43.5677037], [0.188732, 43.567982], [0.1886454, 43.5680345], [0.1884141, 43.5677037]]]}, "properties": {"kind": "prive_autorisation", "section": "B", "numero": "460", "contenance": 151, "source": "cadastre.data.gouv.fr (PCI Vecteur Etalab) + BDTOPO_V3:foret_publique (IGN)"}}, {"type": "Feature", "geometry": {"type": "Polygon", "coordinates": [[[0.1890784, 43.5683973], [0.1891804, 43.5678885], [0.1899979, 43.5680334], [0.189785, 43.5684803], [0.1890784, 43.5683973]]]}, "properties": {"kind": "prive_autorisation", "section": "B", "numero": "100", "contenance": 3460, "source": "cadastre.data.gouv.fr (PCI Vecteur Etalab) + BDTOPO_V3:foret_publique (IGN)"}}, {"type": "Feature", "geometry": {"type": "Polygon", "coordinates": [[[0.1885362, 43.5689789], [0.1883172, 43.5691129], [0.1882538, 43.569109], [0.1880706, 43.5692224], [0.1880265, 43.5691843], [0.1876502, 43.5693851], [0.1875971, 43.5693555], [0.1875054, 43.5692911], [0.187374, 43.5691963], [0.1872442, 43.5691003], [0.1876308, 43.5688689], [0.1873035, 43.5685511], [0.187313, 43.5684905], [0.1873803, 43.5684387], [0.1875081, 43.5684263], [0.1875249, 43.5684644], [0.1875357, 43.5685202], [0.1878916, 43.5684212], [0.1885362, 43.5689789]]]}, "properties": {"kind": "prive_autorisation", "section": "B", "numero": "105", "contenance": 6157, "source": "cadastre.data.gouv.fr (PCI Vecteur Etalab) + BDTOPO_V3:foret_publique (IGN)"}}, {"type": "Feature", "geometry": {"type": "Polygon", "coordinates": [[[0.1886933, 43.5688826], [0.1885362, 43.5689789], [0.1878916, 43.5684212], [0.1880551, 43.5683736], [0.188389, 43.5685928], [0.1886933, 43.5688826]]]}, "properties": {"kind": "prive_autorisation", "section": "B", "numero": "106", "contenance": 1306, "source": "cadastre.data.gouv.fr (PCI Vecteur Etalab) + BDTOPO_V3:foret_publique (IGN)"}}, {"type": "Feature", "geometry": {"type": "Polygon", "coordinates": [[[0.1888976, 43.5687576], [0.1886933, 43.5688826], [0.188389, 43.5685928], [0.1885641, 43.5684648], [0.1889179, 43.5687452], [0.1888976, 43.5687576]]]}, "properties": {"kind": "prive_autorisation", "section": "B", "numero": "107", "contenance": 900, "source": "cadastre.data.gouv.fr (PCI Vecteur Etalab) + BDTOPO_V3:foret_publique (IGN)"}}, {"type": "Feature", "geometry": {"type": "Polygon", "coordinates": [[[0.1885641, 43.5684648], [0.188389, 43.5685928], [0.1880551, 43.5683736], [0.188309, 43.5682576], [0.1885641, 43.5684648]]]}, "properties": {"kind": "prive_autorisation", "section": "B", "numero": "108", "contenance": 730, "source": "cadastre.data.gouv.fr (PCI Vecteur Etalab) + BDTOPO_V3:foret_publique (IGN)"}}, {"type": "Feature", "geometry": {"type": "Polygon", "coordinates": [[[0.1875178, 43.5682402], [0.1878368, 43.5681389], [0.1879433, 43.5683742], [0.1875643, 43.5684822], [0.1875461, 43.5684017], [0.1875394, 43.5683105], [0.187525, 43.5682505], [0.1875178, 43.5682402]]]}, "properties": {"kind": "prive_autorisation", "section": "B", "numero": "115", "contenance": 820, "source": "cadastre.data.gouv.fr (PCI Vecteur Etalab) + BDTOPO_V3:foret_publique (IGN)"}}, {"type": "Feature", "geometry": {"type": "Polygon", "coordinates": [[[0.1872634, 43.5685064], [0.1874867, 43.5682663], [0.1875081, 43.5684263], [0.1873803, 43.5684387], [0.187313, 43.5684905], [0.1872634, 43.5685064]]]}, "properties": {"kind": "prive_autorisation", "section": "B", "numero": "123", "contenance": 153, "source": "cadastre.data.gouv.fr (PCI Vecteur Etalab) + BDTOPO_V3:foret_publique (IGN)"}}, {"type": "Feature", "geometry": {"type": "Polygon", "coordinates": [[[0.1867399, 43.5687464], [0.1867737, 43.5687402], [0.1867651, 43.5687072], [0.1869425, 43.5686839], [0.1869495, 43.5687132], [0.1869872, 43.5687076], [0.186962, 43.5685866], [0.1873035, 43.5685511], [0.1876308, 43.5688689], [0.1872442, 43.5691003], [0.1869342, 43.5688735], [0.1868018, 43.5687923], [0.1867399, 43.5687464]]]}, "properties": {"kind": "bati", "section": "B", "numero": "125", "contenance": 2334, "source": "cadastre.data.gouv.fr (PCI Vecteur Etalab) + BDTOPO_V3:foret_publique (IGN)"}}, {"type": "Feature", "geometry": {"type": "Polygon", "coordinates": [[[0.1865184, 43.5683753], [0.1865367, 43.5683712], [0.1867262, 43.5683284], [0.1867373, 43.568326], [0.1867428, 43.5683418], [0.1868093, 43.5683284], [0.186867, 43.5684217], [0.1869454, 43.5684037], [0.1869471, 43.5684091], [0.1869813, 43.5684012], [0.1870054, 43.5684391], [0.1868822, 43.568466], [0.1865752, 43.5685207], [0.1865184, 43.5683753]]]}, "properties": {"kind": "bati", "section": "B", "numero": "340", "contenance": 483, "source": "cadastre.data.gouv.fr (PCI Vecteur Etalab) + BDTOPO_V3:foret_publique (IGN)"}}, {"type": "Feature", "geometry": {"type": "Polygon", "coordinates": [[[0.1881832, 43.5674615], [0.1883852, 43.5676626], [0.1884026, 43.5676875], [0.1881595, 43.567469], [0.1881832, 43.5674615]]]}, "properties": {"kind": "prive_autorisation", "section": "B", "numero": "462", "contenance": 59, "source": "cadastre.data.gouv.fr (PCI Vecteur Etalab) + BDTOPO_V3:foret_publique (IGN)"}}, {"type": "Feature", "geometry": {"type": "Polygon", "coordinates": [[[0.1869591, 43.5674798], [0.1870698, 43.5675435], [0.1869914, 43.5675819], [0.1869591, 43.5674798]]]}, "properties": {"kind": "prive_autorisation", "section": "B", "numero": "492", "contenance": 52, "source": "cadastre.data.gouv.fr (PCI Vecteur Etalab) + BDTOPO_V3:foret_publique (IGN)"}}, {"type": "Feature", "geometry": {"type": "Polygon", "coordinates": [[[0.1873733, 43.5677184], [0.1882799, 43.5682408], [0.1880438, 43.5683454], [0.1879433, 43.5683742], [0.1878368, 43.5681389], [0.1875178, 43.5682402], [0.1874992, 43.5682153], [0.1874782, 43.5681913], [0.1874552, 43.5681683], [0.18743, 43.5681467], [0.187422, 43.5681403], [0.1873863, 43.5681235], [0.1873281, 43.56813], [0.1873085, 43.5681345], [0.1872447, 43.568149], [0.1871905, 43.5681613], [0.1871747, 43.5681546], [0.1871453, 43.5681307], [0.1871077, 43.5680074], [0.1870442, 43.5678227], [0.1873733, 43.5677184]]]}, "properties": {"kind": "prive_autorisation", "section": "B", "numero": "496", "contenance": 3112, "source": "cadastre.data.gouv.fr (PCI Vecteur Etalab) + BDTOPO_V3:foret_publique (IGN)"}}, {"type": "Feature", "geometry": {"type": "Polygon", "coordinates": [[[0.1873704, 43.5673962], [0.1875232, 43.5676708], [0.1873733, 43.5677184], [0.1870698, 43.5675435], [0.1873704, 43.5673962]]]}, "properties": {"kind": "prive_autorisation", "section": "B", "numero": "495", "contenance": 679, "source": "cadastre.data.gouv.fr (PCI Vecteur Etalab) + BDTOPO_V3:foret_publique (IGN)"}}, {"type": "Feature", "geometry": {"type": "Polygon", "coordinates": [[[0.1914258, 43.568565], [0.1911202, 43.5689964], [0.1908617, 43.5693616], [0.1905468, 43.5692532], [0.1905655, 43.5692198], [0.190906, 43.568612], [0.1910244, 43.5683938], [0.1913439, 43.5685301], [0.1914258, 43.568565]]]}, "properties": {"kind": "prive_autorisation", "section": "B", "numero": "450", "contenance": 3325, "source": "cadastre.data.gouv.fr (PCI Vecteur Etalab) + BDTOPO_V3:foret_publique (IGN)"}}, {"type": "Feature", "geometry": {"type": "Polygon", "coordinates": [[[0.1915576, 43.5701001], [0.1920577, 43.5704946], [0.1922425, 43.5707614], [0.1926682, 43.5708227], [0.1921918, 43.5712945], [0.191884, 43.5709798], [0.1914554, 43.5705558], [0.1913037, 43.57043], [0.1915504, 43.5701834], [0.1915576, 43.5701001]]]}, "properties": {"kind": "prive_autorisation", "section": "B", "numero": "65", "contenance": 5360, "source": "cadastre.data.gouv.fr (PCI Vecteur Etalab) + BDTOPO_V3:foret_publique (IGN)"}}, {"type": "Feature", "geometry": {"type": "Polygon", "coordinates": [[[0.1901312, 43.5700062], [0.1903079, 43.5696854], [0.1905663, 43.5697851], [0.1909431, 43.5702749], [0.1905719, 43.5706288], [0.190485, 43.5705805], [0.190343, 43.5705034], [0.1901993, 43.5704278], [0.1903689, 43.5702813], [0.190081, 43.5700975], [0.1901312, 43.5700062]]]}, "properties": {"kind": "prive_autorisation", "section": "B", "numero": "69", "contenance": 3995, "source": "cadastre.data.gouv.fr (PCI Vecteur Etalab) + BDTOPO_V3:foret_publique (IGN)"}}, {"type": "Feature", "geometry": {"type": "Polygon", "coordinates": [[[0.1913221, 43.5695725], [0.1913823, 43.5697515], [0.1913354, 43.5699253], [0.1913176, 43.5699911], [0.1911386, 43.5702132], [0.1910302, 43.5701196], [0.1909482, 43.5700825], [0.1908751, 43.5700045], [0.1908341, 43.5699782], [0.1907731, 43.5699211], [0.1906939, 43.5698745], [0.1905663, 43.5697851], [0.1908323, 43.569403], [0.1908617, 43.5693616], [0.1911202, 43.5689964], [0.1913221, 43.5695725]]]}, "properties": {"kind": "prive_autorisation", "section": "B", "numero": "71", "contenance": 4570, "source": "cadastre.data.gouv.fr (PCI Vecteur Etalab) + BDTOPO_V3:foret_publique (IGN)"}}, {"type": "Feature", "geometry": {"type": "Polygon", "coordinates": [[[0.1903079, 43.5696854], [0.1905257, 43.5692906], [0.1908323, 43.569403], [0.1905663, 43.5697851], [0.1903079, 43.5696854]]]}, "properties": {"kind": "prive_autorisation", "section": "B", "numero": "72", "contenance": 1190, "source": "cadastre.data.gouv.fr (PCI Vecteur Etalab) + BDTOPO_V3:foret_publique (IGN)"}}, {"type": "Feature", "geometry": {"type": "Polygon", "coordinates": [[[0.191298, 43.5678884], [0.1916785, 43.5680097], [0.1913439, 43.5685301], [0.1910244, 43.5683938], [0.1911936, 43.5680802], [0.1912742, 43.5679319], [0.191298, 43.5678884]]]}, "properties": {"kind": "prive_autorisation", "section": "B", "numero": "74", "contenance": 2010, "source": "cadastre.data.gouv.fr (PCI Vecteur Etalab) + BDTOPO_V3:foret_publique (IGN)"}}, {"type": "Feature", "geometry": {"type": "Polygon", "coordinates": [[[0.1914258, 43.568565], [0.1913439, 43.5685301], [0.1916785, 43.5680097], [0.1919856, 43.5681115], [0.1917626, 43.5685268], [0.1916569, 43.5686635], [0.1914258, 43.568565]]]}, "properties": {"kind": "prive_autorisation", "section": "B", "numero": "75", "contenance": 1899, "source": "cadastre.data.gouv.fr (PCI Vecteur Etalab) + BDTOPO_V3:foret_publique (IGN)"}}, {"type": "Feature", "geometry": {"type": "Polygon", "coordinates": [[[0.1928562, 43.5686724], [0.1931812, 43.568815], [0.19327, 43.5686954], [0.1935124, 43.5691391], [0.1937777, 43.5691934], [0.1937634, 43.569287], [0.193417, 43.5696142], [0.1931636, 43.5693967], [0.1925069, 43.56912], [0.1928562, 43.5686724]]]}, "properties": {"kind": "prive_autorisation", "section": "B", "numero": "86", "contenance": 5306, "source": "cadastre.data.gouv.fr (PCI Vecteur Etalab) + BDTOPO_V3:foret_publique (IGN)"}}, {"type": "Feature", "geometry": {"type": "Polygon", "coordinates": [[[0.1928562, 43.5686724], [0.193114, 43.5682295], [0.193124, 43.5682226], [0.1935275, 43.5683488], [0.19327, 43.5686954], [0.1931812, 43.568815], [0.1928562, 43.5686724]]]}, "properties": {"kind": "prive_autorisation", "section": "B", "numero": "87", "contenance": 1910, "source": "cadastre.data.gouv.fr (PCI Vecteur Etalab) + BDTOPO_V3:foret_publique (IGN)"}}, {"type": "Feature", "geometry": {"type": "Polygon", "coordinates": [[[0.192587, 43.5680906], [0.193114, 43.5682295], [0.1928562, 43.5686724], [0.192406, 43.5684732], [0.192587, 43.5680906]]]}, "properties": {"kind": "prive_autorisation", "section": "B", "numero": "88", "contenance": 2131, "source": "cadastre.data.gouv.fr (PCI Vecteur Etalab) + BDTOPO_V3:foret_publique (IGN)"}}, {"type": "Feature", "geometry": {"type": "Polygon", "coordinates": [[[0.1937634, 43.569287], [0.1937777, 43.5691934], [0.1937883, 43.5691594], [0.1939024, 43.5689873], [0.1940286, 43.5688935], [0.1941507, 43.5688313], [0.1943087, 43.5688397], [0.194307, 43.5688578], [0.1946561, 43.5690192], [0.194752, 43.5691522], [0.1947404, 43.569245], [0.1947081, 43.5694889], [0.1946732, 43.5697326], [0.1943999, 43.5700519], [0.1941973, 43.5697666], [0.1936982, 43.5698451], [0.1938704, 43.5696701], [0.1937634, 43.569287]]]}, "properties": {"kind": "prive_autorisation", "section": "B", "numero": "392", "contenance": 7761, "source": "cadastre.data.gouv.fr (PCI Vecteur Etalab) + BDTOPO_V3:foret_publique (IGN)"}}, {"type": "Feature", "geometry": {"type": "Polygon", "coordinates": [[[0.1941801, 43.5681229], [0.194391, 43.5679625], [0.1943671, 43.5682154], [0.1941801, 43.5681229]]]}, "properties": {"kind": "prive_autorisation", "section": "B", "numero": "398", "contenance": 230, "source": "cadastre.data.gouv.fr (PCI Vecteur Etalab) + BDTOPO_V3:foret_publique (IGN)"}}, {"type": "Feature", "geometry": {"type": "Polygon", "coordinates": [[[0.1940835, 43.5675322], [0.1943563, 43.5676544], [0.1943803, 43.5677042], [0.194062, 43.5675566], [0.1940835, 43.5675322]]]}, "properties": {"kind": "prive_autorisation", "section": "B", "numero": "404", "contenance": 111, "source": "cadastre.data.gouv.fr (PCI Vecteur Etalab) + BDTOPO_V3:foret_publique (IGN)"}}, {"type": "Feature", "geometry": {"type": "Polygon", "coordinates": [[[0.1840382, 43.5694253], [0.1840469, 43.5694648], [0.1840509, 43.5697328], [0.183029, 43.5698621], [0.1830898, 43.5695946], [0.1840382, 43.5694253]]]}, "properties": {"kind": "prive_autorisation", "section": "B", "numero": "186", "contenance": 2572, "source": "cadastre.data.gouv.fr (PCI Vecteur Etalab) + BDTOPO_V3:foret_publique (IGN)"}}, {"type": "Feature", "geometry": {"type": "Polygon", "coordinates": [[[0.1829707, 43.5701178], [0.183029, 43.5698621], [0.1840509, 43.5697328], [0.1839534, 43.5699715], [0.1839306, 43.5700203], [0.1838586, 43.5700303], [0.1835763, 43.5700581], [0.1832883, 43.5700864], [0.1829707, 43.5701178]]]}, "properties": {"kind": "prive_autorisation", "section": "B", "numero": "187", "contenance": 2335, "source": "cadastre.data.gouv.fr (PCI Vecteur Etalab) + BDTOPO_V3:foret_publique (IGN)"}}, {"type": "Feature", "geometry": {"type": "Polygon", "coordinates": [[[0.1817882, 43.5697486], [0.1824514, 43.5697473], [0.1818595, 43.5699799], [0.1817834, 43.5699933], [0.1817858, 43.5699335], [0.1817304, 43.5697924], [0.1817882, 43.5697486]]]}, "properties": {"kind": "prive_autorisation", "section": "B", "numero": "193", "contenance": 810, "source": "cadastre.data.gouv.fr (PCI Vecteur Etalab) + BDTOPO_V3:foret_publique (IGN)"}}, {"type": "Feature", "geometry": {"type": "Polygon", "coordinates": [[[0.1809984, 43.5712465], [0.1809611, 43.5718019], [0.1805989, 43.5718137], [0.1805896, 43.571905], [0.1809513, 43.5719601], [0.1809482, 43.5720118], [0.1809262, 43.572119], [0.1806008, 43.5721083], [0.180284, 43.5720978], [0.1803268, 43.5718157], [0.180367, 43.5715333], [0.1803987, 43.5712968], [0.1809984, 43.5712465]]]}, "properties": {"kind": "prive_autorisation", "section": "B", "numero": "6", "contenance": 4251, "source": "cadastre.data.gouv.fr (PCI Vecteur Etalab) + BDTOPO_V3:foret_publique (IGN)"}}, {"type": "Feature", "geometry": {"type": "Polygon", "coordinates": [[[0.1816728, 43.5711882], [0.1815638, 43.5720432], [0.1815617, 43.5720598], [0.1815892, 43.57217], [0.1809092, 43.5721968], [0.1809262, 43.572119], [0.1809482, 43.5720118], [0.1809513, 43.5719601], [0.1809611, 43.5718019], [0.1809984, 43.5712465], [0.181239, 43.5712261], [0.1816728, 43.5711882]]]}, "properties": {"kind": "prive_autorisation", "section": "B", "numero": "7", "contenance": 5670, "source": "cadastre.data.gouv.fr (PCI Vecteur Etalab) + BDTOPO_V3:foret_publique (IGN)"}}, {"type": "Feature", "geometry": {"type": "Polygon", "coordinates": [[[0.182145, 43.5711457], [0.1821647, 43.5712592], [0.1830395, 43.5711871], [0.183232, 43.571172], [0.1831951, 43.5720312], [0.1829203, 43.5720466], [0.182308, 43.5720446], [0.181719, 43.5720435], [0.1815638, 43.5720432], [0.1816728, 43.5711882], [0.1818212, 43.5711752], [0.182145, 43.5711457]]]}, "properties": {"kind": "prive_autorisation", "section": "B", "numero": "8", "contenance": 12290, "source": "cadastre.data.gouv.fr (PCI Vecteur Etalab) + BDTOPO_V3:foret_publique (IGN)"}}, {"type": "Feature", "geometry": {"type": "Polygon", "coordinates": [[[0.1832162, 43.5710231], [0.1833986, 43.5706487], [0.1835763, 43.5700581], [0.1838586, 43.5700303], [0.1838025, 43.5701802], [0.1837994, 43.5703212], [0.1837816, 43.5705462], [0.1837102, 43.5705877], [0.1836506, 43.5706483], [0.1835498, 43.570825], [0.183529, 43.5709943], [0.1835521, 43.571036], [0.1832594, 43.5710384], [0.1832162, 43.5710231]]]}, "properties": {"kind": "prive_autorisation", "section": "B", "numero": "188", "contenance": 2480, "source": "cadastre.data.gouv.fr (PCI Vecteur Etalab) + BDTOPO_V3:foret_publique (IGN)"}}, {"type": "Feature", "geometry": {"type": "Polygon", "coordinates": [[[0.1830438, 43.5709621], [0.1832883, 43.5700864], [0.1835763, 43.5700581], [0.1833986, 43.5706487], [0.1832162, 43.5710231], [0.1830438, 43.5709621]]]}, "properties": {"kind": "prive_autorisation", "section": "B", "numero": "189", "contenance": 2120, "source": "cadastre.data.gouv.fr (PCI Vecteur Etalab) + BDTOPO_V3:foret_publique (IGN)"}}, {"type": "Feature", "geometry": {"type": "Polygon", "coordinates": [[[0.1827804, 43.5709279], [0.1829707, 43.5701178], [0.1832883, 43.5700864], [0.1830438, 43.5709621], [0.1827804, 43.5709279]]]}, "properties": {"kind": "prive_autorisation", "section": "B", "numero": "190", "contenance": 2140, "source": "cadastre.data.gouv.fr (PCI Vecteur Etalab) + BDTOPO_V3:foret_publique (IGN)"}}, {"type": "Feature", "geometry": {"type": "Polygon", "coordinates": [[[0.1832594, 43.5710384], [0.1835521, 43.571036], [0.1836065, 43.5711337], [0.1835521, 43.5712278], [0.183556, 43.5713726], [0.1835795, 43.5714778], [0.1834725, 43.5720155], [0.1834274, 43.5721666], [0.1833468, 43.5722439], [0.1831638, 43.5722097], [0.1831951, 43.5720312], [0.183232, 43.571172], [0.1830395, 43.5711871], [0.1830266, 43.5710613], [0.1832594, 43.5710384]]]}, "properties": {"kind": "prive_autorisation", "section": "B", "numero": "10", "contenance": 3605, "source": "cadastre.data.gouv.fr (PCI Vecteur Etalab) + BDTOPO_V3:foret_publique (IGN)"}}, {"type": "Feature", "geometry": {"type": "Polygon", "coordinates": [[[0.1902446, 43.5713169], [0.1907244, 43.5709118], [0.1908228, 43.5710163], [0.1912212, 43.5714554], [0.1909183, 43.5716338], [0.1906618, 43.5718172], [0.1904392, 43.5719765], [0.190163, 43.5717825], [0.1899084, 43.5716091], [0.1902446, 43.5713169]]]}, "properties": {"kind": "prive_autorisation", "section": "B", "numero": "342", "contenance": 6005, "source": "cadastre.data.gouv.fr (PCI Vecteur Etalab) + BDTOPO_V3:foret_publique (IGN)"}}, {"type": "Feature", "geometry": {"type": "Polygon", "coordinates": [[[0.1872185, 43.5711481], [0.1874561, 43.5712878], [0.1874403, 43.5712965], [0.1878631, 43.5717604], [0.1878979, 43.5717919], [0.1875657, 43.5719976], [0.1867268, 43.5714966], [0.1872185, 43.5711481]]]}, "properties": {"kind": "prive_autorisation", "section": "B", "numero": "45", "contenance": 4261, "source": "cadastre.data.gouv.fr (PCI Vecteur Etalab) + BDTOPO_V3:foret_publique (IGN)"}}, {"type": "Feature", "geometry": {"type": "Polygon", "coordinates": [[[0.1874561, 43.5712878], [0.1876634, 43.5711702], [0.1877464, 43.5712801], [0.1879827, 43.5717348], [0.1878979, 43.5717919], [0.1878631, 43.5717604], [0.1874403, 43.5712965], [0.1874561, 43.5712878]]]}, "properties": {"kind": "prive_autorisation", "section": "B", "numero": "46", "contenance": 1160, "source": "cadastre.data.gouv.fr (PCI Vecteur Etalab) + BDTOPO_V3:foret_publique (IGN)"}}, {"type": "Feature", "geometry": {"type": "Polygon", "coordinates": [[[0.1895863, 43.5718891], [0.1898232, 43.5722855], [0.1898845, 43.5724054], [0.189936, 43.5725067], [0.1899848, 43.5726024], [0.1894449, 43.572683], [0.189314, 43.5725652], [0.1890695, 43.572377], [0.1885783, 43.5720426], [0.1883685, 43.5717475], [0.188449, 43.5715005], [0.1892968, 43.5717321], [0.1895863, 43.5718891]]]}, "properties": {"kind": "prive_autorisation", "section": "B", "numero": "56", "contenance": 8523, "source": "cadastre.data.gouv.fr (PCI Vecteur Etalab) + BDTOPO_V3:foret_publique (IGN)"}}, {"type": "Feature", "geometry": {"type": "Polygon", "coordinates": [[[0.1905257, 43.5692906], [0.1905468, 43.5692532], [0.1908617, 43.5693616], [0.1908323, 43.569403], [0.1905257, 43.5692906]]]}, "properties": {"kind": "prive_autorisation", "section": "B", "numero": "449", "contenance": 125, "source": "cadastre.data.gouv.fr (PCI Vecteur Etalab) + BDTOPO_V3:foret_publique (IGN)"}}, {"type": "Feature", "geometry": {"type": "Polygon", "coordinates": [[[0.1905112, 43.5706976], [0.1905258, 43.57091], [0.1898111, 43.5708397], [0.1897405, 43.5706394], [0.1899026, 43.5703814], [0.190085, 43.5704667], [0.1902538, 43.5705562], [0.1904209, 43.5706472], [0.1905112, 43.5706976]]]}, "properties": {"kind": "prive_autorisation", "section": "B", "numero": "53", "contenance": 2274, "source": "cadastre.data.gouv.fr (PCI Vecteur Etalab) + BDTOPO_V3:foret_publique (IGN)"}}, {"type": "Feature", "geometry": {"type": "Polygon", "coordinates": [[[0.1906618, 43.5718172], [0.1909183, 43.5716338], [0.1912212, 43.5714554], [0.1913538, 43.5716152], [0.1913696, 43.5716574], [0.1913776, 43.5717261], [0.1912613, 43.5719583], [0.1911241, 43.5722108], [0.1909033, 43.5720228], [0.190779, 43.5719169], [0.1907472, 43.5718898], [0.1906618, 43.5718172]]]}, "properties": {"kind": "bati", "section": "B", "numero": "63", "contenance": 2527, "source": "cadastre.data.gouv.fr (PCI Vecteur Etalab) + BDTOPO_V3:foret_publique (IGN)"}}, {"type": "Feature", "geometry": {"type": "Polygon", "coordinates": [[[0.1913354, 43.5699253], [0.1915576, 43.5701001], [0.1915504, 43.5701834], [0.1913037, 43.57043], [0.1911831, 43.5704015], [0.191045, 43.5703285], [0.1911386, 43.5702132], [0.1913176, 43.5699911], [0.1913354, 43.5699253]]]}, "properties": {"kind": "prive_autorisation", "section": "B", "numero": "66", "contenance": 1211, "source": "cadastre.data.gouv.fr (PCI Vecteur Etalab) + BDTOPO_V3:foret_publique (IGN)"}}, {"type": "Feature", "geometry": {"type": "Polygon", "coordinates": [[[0.1907571, 43.570815], [0.1905876, 43.5706373], [0.1905719, 43.5706288], [0.1909431, 43.5702749], [0.191045, 43.5703285], [0.1911831, 43.5704015], [0.1907571, 43.570815]]]}, "properties": {"kind": "prive_autorisation", "section": "B", "numero": "67", "contenance": 1304, "source": "cadastre.data.gouv.fr (PCI Vecteur Etalab) + BDTOPO_V3:foret_publique (IGN)"}}, {"type": "Feature", "geometry": {"type": "Polygon", "coordinates": [[[0.190081, 43.5700975], [0.1903689, 43.5702813], [0.1901993, 43.5704278], [0.1900782, 43.570364], [0.1898881, 43.5702766], [0.1900559, 43.5701431], [0.190081, 43.5700975]]]}, "properties": {"kind": "prive_autorisation", "section": "B", "numero": "68", "contenance": 683, "source": "cadastre.data.gouv.fr (PCI Vecteur Etalab) + BDTOPO_V3:foret_publique (IGN)"}}, {"type": "Feature", "geometry": {"type": "Polygon", "coordinates": [[[0.1909431, 43.5702749], [0.1905663, 43.5697851], [0.1906939, 43.5698745], [0.1907731, 43.5699211], [0.1908341, 43.5699782], [0.1908751, 43.5700045], [0.1909482, 43.5700825], [0.1910302, 43.5701196], [0.1911386, 43.5702132], [0.191045, 43.5703285], [0.1909431, 43.5702749]]]}, "properties": {"kind": "prive_autorisation", "section": "B", "numero": "70", "contenance": 640, "source": "cadastre.data.gouv.fr (PCI Vecteur Etalab) + BDTOPO_V3:foret_publique (IGN)"}}, {"type": "Feature", "geometry": {"type": "Polygon", "coordinates": [[[0.1896461, 43.5701984], [0.1899393, 43.5700378], [0.1901312, 43.5700062], [0.190081, 43.5700975], [0.1900559, 43.5701431], [0.1898881, 43.5702766], [0.1897327, 43.570222], [0.1896461, 43.5701984]]]}, "properties": {"kind": "prive_autorisation", "section": "B", "numero": "103", "contenance": 539, "source": "cadastre.data.gouv.fr (PCI Vecteur Etalab) + BDTOPO_V3:foret_publique (IGN)"}}, {"type": "Feature", "geometry": {"type": "Polygon", "coordinates": [[[0.1904811, 43.5692311], [0.1905655, 43.5692198], [0.1905468, 43.5692532], [0.1904811, 43.5692311]]]}, "properties": {"kind": "prive_autorisation", "section": "B", "numero": "451", "contenance": 15, "source": "cadastre.data.gouv.fr (PCI Vecteur Etalab) + BDTOPO_V3:foret_publique (IGN)"}}, {"type": "Feature", "geometry": {"type": "Polygon", "coordinates": [[[0.1809513, 43.5719601], [0.1805896, 43.571905], [0.1805989, 43.5718137], [0.1809611, 43.5718019], [0.1809513, 43.5719601]]]}, "properties": {"kind": "prive_autorisation", "section": "B", "numero": "5", "contenance": 385, "source": "cadastre.data.gouv.fr (PCI Vecteur Etalab) + BDTOPO_V3:foret_publique (IGN)"}}, {"type": "Feature", "geometry": {"type": "Polygon", "coordinates": [[[0.1830266, 43.5710613], [0.1830395, 43.5711871], [0.1821647, 43.5712592], [0.182145, 43.5711457], [0.1825584, 43.5711072], [0.1830266, 43.5710613]]]}, "properties": {"kind": "prive_autorisation", "section": "B", "numero": "9", "contenance": 825, "source": "cadastre.data.gouv.fr (PCI Vecteur Etalab) + BDTOPO_V3:foret_publique (IGN)"}}, {"type": "Feature", "geometry": {"type": "Polygon", "coordinates": [[[0.1833505, 43.5722642], [0.1833182, 43.5724142], [0.1831766, 43.5725592], [0.1830945, 43.5727831], [0.1830008, 43.5729165], [0.1829041, 43.573116], [0.1825252, 43.5730963], [0.1828044, 43.5723529], [0.1830564, 43.5722803], [0.1831638, 43.5722097], [0.1833468, 43.5722439], [0.183364, 43.572247], [0.1833505, 43.5722642]]]}, "properties": {"kind": "prive_autorisation", "section": "B", "numero": "13", "contenance": 3480, "source": "cadastre.data.gouv.fr (PCI Vecteur Etalab) + BDTOPO_V3:foret_publique (IGN)"}}, {"type": "Feature", "geometry": {"type": "Polygon", "coordinates": [[[0.182308, 43.5720446], [0.1829203, 43.5720466], [0.1828044, 43.5723529], [0.1825252, 43.5730963], [0.1823167, 43.5731436], [0.1822147, 43.5731944], [0.1822224, 43.5730669], [0.182308, 43.5720446]]]}, "properties": {"kind": "prive_autorisation", "section": "B", "numero": "14", "contenance": 4484, "source": "cadastre.data.gouv.fr (PCI Vecteur Etalab) + BDTOPO_V3:foret_publique (IGN)"}}, {"type": "Feature", "geometry": {"type": "Polygon", "coordinates": [[[0.1822147, 43.5731944], [0.1823333, 43.5732431], [0.1824089, 43.5733064], [0.1824701, 43.573454], [0.1816146, 43.5740917], [0.1815302, 43.5741546], [0.1808464, 43.5740806], [0.1808434, 43.5739255], [0.1808462, 43.573878], [0.1808905, 43.5739003], [0.1816035, 43.5735187], [0.1822147, 43.5731944]]]}, "properties": {"kind": "prive_autorisation", "section": "B", "numero": "20", "contenance": 6260, "source": "cadastre.data.gouv.fr (PCI Vecteur Etalab) + BDTOPO_V3:foret_publique (IGN)"}}, {"type": "Feature", "geometry": {"type": "Polygon", "coordinates": [[[0.1842116, 43.5733419], [0.1840593, 43.5732216], [0.1838621, 43.5730383], [0.1836831, 43.5728331], [0.1833505, 43.5722642], [0.183364, 43.572247], [0.1834531, 43.5721705], [0.1839148, 43.5723931], [0.1843461, 43.5725582], [0.1844183, 43.5726939], [0.1846168, 43.572908], [0.1848113, 43.5730103], [0.1848442, 43.5730996], [0.1845975, 43.5731703], [0.1842116, 43.5733419]]]}, "properties": {"kind": "prive_autorisation", "section": "B", "numero": "28", "contenance": 6618, "source": "cadastre.data.gouv.fr (PCI Vecteur Etalab) + BDTOPO_V3:foret_publique (IGN)"}}, {"type": "Feature", "geometry": {"type": "Polygon", "coordinates": [[[0.1807528, 43.5729083], [0.1806342, 43.5729071], [0.1806732, 43.5728419], [0.1802674, 43.5727135], [0.1801541, 43.5729032], [0.1800598, 43.5729039], [0.1801166, 43.572771], [0.1802075, 43.5724904], [0.180284, 43.5720978], [0.1806008, 43.5721083], [0.1809262, 43.572119], [0.1809092, 43.5721968], [0.1807528, 43.5729083]]]}, "properties": {"kind": "prive_autorisation", "section": "B", "numero": "508", "contenance": 4144, "source": "cadastre.data.gouv.fr (PCI Vecteur Etalab) + BDTOPO_V3:foret_publique (IGN)"}}, {"type": "Feature", "geometry": {"type": "Polygon", "coordinates": [[[0.1842116, 43.5733419], [0.1845975, 43.5731703], [0.1848442, 43.5730996], [0.1848995, 43.5732493], [0.1850786, 43.5737809], [0.1856651, 43.5736435], [0.1856192, 43.5734071], [0.1861069, 43.5735463], [0.1860569, 43.5737328], [0.1859447, 43.5738502], [0.1859177, 43.5738641], [0.1852674, 43.574008], [0.1852461, 43.5740164], [0.1846128, 43.5739495], [0.1845485, 43.5738655], [0.1843765, 43.5735958], [0.1842116, 43.5733419]]]}, "properties": {"kind": "bati", "section": "B", "numero": "476", "contenance": 7158, "source": "cadastre.data.gouv.fr (PCI Vecteur Etalab) + BDTOPO_V3:foret_publique (IGN)"}}, {"type": "Feature", "geometry": {"type": "Polygon", "coordinates": [[[0.1829203, 43.5720466], [0.1831951, 43.5720312], [0.1831638, 43.5722097], [0.1830564, 43.5722803], [0.1828044, 43.5723529], [0.1829203, 43.5720466]]]}, "properties": {"kind": "prive_autorisation", "section": "B", "numero": "11", "contenance": 540, "source": "cadastre.data.gouv.fr (PCI Vecteur Etalab) + BDTOPO_V3:foret_publique (IGN)"}}, {"type": "Feature", "geometry": {"type": "Polygon", "coordinates": [[[0.1851402, 43.5728935], [0.1852812, 43.5730064], [0.185383, 43.5731611], [0.1855061, 43.5732755], [0.1855595, 43.5733505], [0.1855764, 43.5733694], [0.1855969, 43.5733888], [0.1856192, 43.5734071], [0.1856651, 43.5736435], [0.1850786, 43.5737809], [0.1848995, 43.5732493], [0.1848442, 43.5730996], [0.1848113, 43.5730103], [0.1848592, 43.5730022], [0.1849024, 43.5730026], [0.1850449, 43.5729656], [0.1851402, 43.5728935]]]}, "properties": {"kind": "prive_autorisation", "section": "B", "numero": "29", "contenance": 3896, "source": "cadastre.data.gouv.fr (PCI Vecteur Etalab) + BDTOPO_V3:foret_publique (IGN)"}}, {"type": "Feature", "geometry": {"type": "Polygon", "coordinates": [[[0.185943, 43.5725779], [0.1860432, 43.5726587], [0.1865862, 43.5731117], [0.1866107, 43.5733598], [0.1866301, 43.5735929], [0.1861069, 43.5735463], [0.1856192, 43.5734071], [0.1855969, 43.5733888], [0.1855764, 43.5733694], [0.1855595, 43.5733505], [0.1855061, 43.5732755], [0.185383, 43.5731611], [0.1852812, 43.5730064], [0.1851402, 43.5728935], [0.1854943, 43.572746], [0.1854958, 43.5726873], [0.1856126, 43.5726487], [0.185943, 43.5725779]]]}, "properties": {"kind": "prive_autorisation", "section": "B", "numero": "31", "contenance": 8189, "source": "cadastre.data.gouv.fr (PCI Vecteur Etalab) + BDTOPO_V3:foret_publique (IGN)"}}, {"type": "Feature", "geometry": {"type": "Polygon", "coordinates": [[[0.187065, 43.5729085], [0.1871296, 43.5726579], [0.1864329, 43.5722529], [0.1866568, 43.5720076], [0.1866857, 43.572025], [0.1869087, 43.5722102], [0.1877031, 43.5728635], [0.1877094, 43.5728756], [0.1875837, 43.5728707], [0.187065, 43.5729085]]]}, "properties": {"kind": "prive_autorisation", "section": "B", "numero": "37", "contenance": 3099, "source": "cadastre.data.gouv.fr (PCI Vecteur Etalab) + BDTOPO_V3:foret_publique (IGN)"}}, {"type": "Feature", "geometry": {"type": "Polygon", "coordinates": [[[0.187065, 43.5729085], [0.1869561, 43.5729499], [0.1861713, 43.5724032], [0.1863632, 43.5722903], [0.1864329, 43.5722529], [0.1871296, 43.5726579], [0.187065, 43.5729085]]]}, "properties": {"kind": "prive_autorisation", "section": "B", "numero": "38", "contenance": 2490, "source": "cadastre.data.gouv.fr (PCI Vecteur Etalab) + BDTOPO_V3:foret_publique (IGN)"}}, {"type": "Feature", "geometry": {"type": "Polygon", "coordinates": [[[0.1898845, 43.5724054], [0.1900192, 43.5723508], [0.1907489, 43.572194], [0.1910278, 43.5723923], [0.1910085, 43.5724295], [0.1907879, 43.5723129], [0.189936, 43.5725067], [0.1898845, 43.5724054]]]}, "properties": {"kind": "prive_autorisation", "section": "B", "numero": "446", "contenance": 1187, "source": "cadastre.data.gouv.fr (PCI Vecteur Etalab) + BDTOPO_V3:foret_publique (IGN)"}}, {"type": "Feature", "geometry": {"type": "Polygon", "coordinates": [[[0.1896015, 43.5718759], [0.190163, 43.5717825], [0.1904392, 43.5719765], [0.190556, 43.5720585], [0.1907489, 43.572194], [0.1900192, 43.5723508], [0.1898845, 43.5724054], [0.1898232, 43.5722855], [0.1900253, 43.5721261], [0.1895863, 43.5718891], [0.1896015, 43.5718759]]]}, "properties": {"kind": "prive_autorisation", "section": "B", "numero": "447", "contenance": 3071, "source": "cadastre.data.gouv.fr (PCI Vecteur Etalab) + BDTOPO_V3:foret_publique (IGN)"}}, {"type": "Feature", "geometry": {"type": "Polygon", "coordinates": [[[0.1866301, 43.5735929], [0.1871999, 43.5732934], [0.1872983, 43.5735804], [0.1874628, 43.5737822], [0.1873747, 43.5738182], [0.1870093, 43.5739686], [0.1866454, 43.5741206], [0.1866359, 43.5737077], [0.1866301, 43.5735929]]]}, "properties": {"kind": "prive_autorisation", "section": "B", "numero": "40", "contenance": 3482, "source": "cadastre.data.gouv.fr (PCI Vecteur Etalab) + BDTOPO_V3:foret_publique (IGN)"}}, {"type": "Feature", "geometry": {"type": "Polygon", "coordinates": [[[0.187065, 43.5729085], [0.1875837, 43.5728707], [0.1877094, 43.5728756], [0.1878264, 43.5734014], [0.1877695, 43.5734207], [0.1872983, 43.5735804], [0.1871999, 43.5732934], [0.1871343, 43.5731015], [0.187065, 43.5729085]]]}, "properties": {"kind": "prive_autorisation", "section": "B", "numero": "42", "contenance": 3273, "source": "cadastre.data.gouv.fr (PCI Vecteur Etalab) + BDTOPO_V3:foret_publique (IGN)"}}, {"type": "Feature", "geometry": {"type": "Polygon", "coordinates": [[[0.1888085, 43.572815], [0.1888241, 43.5728162], [0.1890881, 43.5726993], [0.1891433, 43.5727279], [0.1894449, 43.572683], [0.1899848, 43.5726024], [0.1901127, 43.5729527], [0.1892469, 43.5732101], [0.1889072, 43.5733133], [0.1888085, 43.572815]]]}, "properties": {"kind": "prive_autorisation", "section": "B", "numero": "491", "contenance": 5069, "source": "cadastre.data.gouv.fr (PCI Vecteur Etalab) + BDTOPO_V3:foret_publique (IGN)"}}, {"type": "Feature", "geometry": {"type": "Polygon", "coordinates": [[[0.1886443, 43.5728025], [0.1888085, 43.572815], [0.1889072, 43.5733133], [0.188776, 43.5733531], [0.1886443, 43.5728025]]]}, "properties": {"kind": "prive_autorisation", "section": "B", "numero": "490", "contenance": 763, "source": "cadastre.data.gouv.fr (PCI Vecteur Etalab) + BDTOPO_V3:foret_publique (IGN)"}}, {"type": "Feature", "geometry": {"type": "Polygon", "coordinates": [[[0.189936, 43.5725067], [0.1907879, 43.5723129], [0.1910085, 43.5724295], [0.1908541, 43.5727308], [0.1906506, 43.5727934], [0.1904688, 43.5728472], [0.1904467, 43.572806], [0.1902708, 43.5728596], [0.1902696, 43.5729062], [0.1901867, 43.5729307], [0.1901733, 43.5729055], [0.1901431, 43.5729145], [0.1901565, 43.5729397], [0.1901127, 43.5729527], [0.1899848, 43.5726024], [0.189936, 43.5725067]]]}, "properties": {"kind": "bati", "section": "B", "numero": "445", "contenance": 3578, "source": "cadastre.data.gouv.fr (PCI Vecteur Etalab) + BDTOPO_V3:foret_publique (IGN)"}}, {"type": "Feature", "geometry": {"type": "Polygon", "coordinates": [[[0.1899084, 43.5716091], [0.190163, 43.5717825], [0.1896015, 43.5718759], [0.1899084, 43.5716091]]]}, "properties": {"kind": "prive_autorisation", "section": "B", "numero": "448", "contenance": 629, "source": "cadastre.data.gouv.fr (PCI Vecteur Etalab) + BDTOPO_V3:foret_publique (IGN)"}}, {"type": "Feature", "geometry": {"type": "Polygon", "coordinates": [[[0.1895863, 43.5718891], [0.1900253, 43.5721261], [0.1898232, 43.5722855], [0.1895863, 43.5718891]]]}, "properties": {"kind": "prive_autorisation", "section": "B", "numero": "59", "contenance": 548, "source": "cadastre.data.gouv.fr (PCI Vecteur Etalab) + BDTOPO_V3:foret_publique (IGN)"}}, {"type": "Feature", "geometry": {"type": "Polygon", "coordinates": [[[0.1904392, 43.5719765], [0.1906618, 43.5718172], [0.1907472, 43.5718898], [0.190779, 43.5719169], [0.1907606, 43.5719287], [0.1906975, 43.5719688], [0.190676, 43.5719823], [0.190556, 43.5720585], [0.1904392, 43.5719765]]]}, "properties": {"kind": "bati", "section": "B", "numero": "61", "contenance": 504, "source": "cadastre.data.gouv.fr (PCI Vecteur Etalab) + BDTOPO_V3:foret_publique (IGN)"}}, {"type": "Feature", "geometry": {"type": "Polygon", "coordinates": [[[0.1911241, 43.5722108], [0.1910753, 43.5723002], [0.1910278, 43.5723923], [0.1907489, 43.572194], [0.190556, 43.5720585], [0.190676, 43.5719823], [0.1906975, 43.5719688], [0.1907606, 43.5719287], [0.190779, 43.5719169], [0.1909033, 43.5720228], [0.1911241, 43.5722108]]]}, "properties": {"kind": "bati", "section": "B", "numero": "62", "contenance": 877, "source": "cadastre.data.gouv.fr (PCI Vecteur Etalab) + BDTOPO_V3:foret_publique (IGN)"}}, {"type": "Feature", "geometry": {"type": "Polygon", "coordinates": [[[0.1802779, 43.5737347], [0.1801454, 43.5744384], [0.1794, 43.5740692], [0.1796252, 43.5736738], [0.1802779, 43.5737347]]]}, "properties": {"kind": "prive_autorisation", "section": "B", "numero": "1", "contenance": 3831, "source": "cadastre.data.gouv.fr (PCI Vecteur Etalab) + BDTOPO_V3:foret_publique (IGN)"}}, {"type": "Feature", "geometry": {"type": "Polygon", "coordinates": [[[0.1807707, 43.5747526], [0.1808175, 43.5744698], [0.1810612, 43.5745272], [0.1812159, 43.5749802], [0.1807707, 43.5747526]]]}, "properties": {"kind": "prive_autorisation", "section": "B", "numero": "18", "contenance": 1069, "source": "cadastre.data.gouv.fr (PCI Vecteur Etalab) + BDTOPO_V3:foret_publique (IGN)"}}, {"type": "Feature", "geometry": {"type": "Polygon", "coordinates": [[[0.1821113, 43.5744364], [0.1818277, 43.5747182], [0.1815541, 43.5751413], [0.1812159, 43.5749802], [0.1810612, 43.5745272], [0.1808175, 43.5744698], [0.1808346, 43.5743033], [0.1808464, 43.5740806], [0.1815302, 43.5741546], [0.1816146, 43.5740917], [0.1817714, 43.5741545], [0.1819135, 43.5742411], [0.1821113, 43.5744364]]]}, "properties": {"kind": "prive_autorisation", "section": "B", "numero": "19", "contenance": 7138, "source": "cadastre.data.gouv.fr (PCI Vecteur Etalab) + BDTOPO_V3:foret_publique (IGN)"}}, {"type": "Feature", "geometry": {"type": "Polygon", "coordinates": [[[0.1836303, 43.5741357], [0.1841717, 43.5744311], [0.1840388, 43.5746387], [0.183374, 43.5741581], [0.1832856, 43.5742123], [0.1832424, 43.5742065], [0.1831284, 43.5742031], [0.1830725, 43.574059], [0.1832091, 43.5740406], [0.183285, 43.5740425], [0.1833992, 43.5740587], [0.1835201, 43.574095], [0.1836303, 43.5741357]]]}, "properties": {"kind": "prive_autorisation", "section": "B", "numero": "24", "contenance": 1900, "source": "cadastre.data.gouv.fr (PCI Vecteur Etalab) + BDTOPO_V3:foret_publique (IGN)"}}, {"type": "Feature", "geometry": {"type": "Polygon", "coordinates": [[[0.1804367, 43.5732374], [0.1805387, 43.5729062], [0.1806342, 43.5729071], [0.1804367, 43.5732374]]]}, "properties": {"kind": "prive_autorisation", "section": "B", "numero": "509", "contenance": 138, "source": "cadastre.data.gouv.fr (PCI Vecteur Etalab) + BDTOPO_V3:foret_publique (IGN)"}}, {"type": "Feature", "geometry": {"type": "Polygon", "coordinates": [[[0.1800598, 43.5729039], [0.1801541, 43.5729032], [0.1799443, 43.5732539], [0.1798698, 43.5732485], [0.1800598, 43.5729039]]]}, "properties": {"kind": "prive_autorisation", "section": "B", "numero": "504", "contenance": 270, "source": "cadastre.data.gouv.fr (PCI Vecteur Etalab) + BDTOPO_V3:foret_publique (IGN)"}}, {"type": "Feature", "geometry": {"type": "Polygon", "coordinates": [[[0.1804212, 43.5732881], [0.1802779, 43.5737347], [0.1796252, 43.5736738], [0.1798698, 43.5732485], [0.1799443, 43.5732539], [0.1798258, 43.573452], [0.1802318, 43.5735803], [0.1804071, 43.5732871], [0.1804212, 43.5732881]]]}, "properties": {"kind": "prive_autorisation", "section": "B", "numero": "503", "contenance": 1421, "source": "cadastre.data.gouv.fr (PCI Vecteur Etalab) + BDTOPO_V3:foret_publique (IGN)"}}, {"type": "Feature", "geometry": {"type": "Polygon", "coordinates": [[[0.1799443, 43.5732539], [0.1804071, 43.5732871], [0.1802318, 43.5735803], [0.1798258, 43.573452], [0.1799443, 43.5732539]]]}, "properties": {"kind": "prive_autorisation", "section": "B", "numero": "502", "contenance": 1068, "source": "cadastre.data.gouv.fr (PCI Vecteur Etalab) + BDTOPO_V3:foret_publique (IGN)"}}, {"type": "Feature", "geometry": {"type": "Polygon", "coordinates": [[[0.1804367, 43.5732374], [0.1804212, 43.5732881], [0.1804071, 43.5732871], [0.1804367, 43.5732374]]]}, "properties": {"kind": "prive_autorisation", "section": "B", "numero": "506", "contenance": 3, "source": "cadastre.data.gouv.fr (PCI Vecteur Etalab) + BDTOPO_V3:foret_publique (IGN)"}}, {"type": "Feature", "geometry": {"type": "Polygon", "coordinates": [[[0.1804367, 43.5732374], [0.1804071, 43.5732871], [0.1799443, 43.5732539], [0.1801541, 43.5729032], [0.1802023, 43.5729029], [0.1803445, 43.5729038], [0.1804213, 43.5729051], [0.1805387, 43.5729062], [0.1804367, 43.5732374]]]}, "properties": {"kind": "prive_autorisation", "section": "B", "numero": "505", "contenance": 1420, "source": "cadastre.data.gouv.fr (PCI Vecteur Etalab) + BDTOPO_V3:foret_publique (IGN)"}}, {"type": "Feature", "geometry": {"type": "Polygon", "coordinates": [[[0.1806342, 43.5729071], [0.1805387, 43.5729062], [0.1804213, 43.5729051], [0.1803445, 43.5729038], [0.1802023, 43.5729029], [0.1801541, 43.5729032], [0.1802674, 43.5727135], [0.1806732, 43.5728419], [0.1806342, 43.5729071]]]}, "properties": {"kind": "prive_autorisation", "section": "B", "numero": "507", "contenance": 540, "source": "cadastre.data.gouv.fr (PCI Vecteur Etalab) + BDTOPO_V3:foret_publique (IGN)"}}, {"type": "Feature", "geometry": {"type": "Polygon", "coordinates": [[[0.1846128, 43.5739495], [0.1852461, 43.5740164], [0.1854178, 43.5742364], [0.1848345, 43.5742392], [0.1846128, 43.5739495]]]}, "properties": {"kind": "prive_autorisation", "section": "B", "numero": "475", "contenance": 1349, "source": "cadastre.data.gouv.fr (PCI Vecteur Etalab) + BDTOPO_V3:foret_publique (IGN)"}}, {"type": "Feature", "geometry": {"type": "Polygon", "coordinates": [[[0.1848345, 43.5742392], [0.1854178, 43.5742364], [0.1856527, 43.5745318], [0.1852049, 43.5747326], [0.184926, 43.5743616], [0.1848345, 43.5742392]]]}, "properties": {"kind": "bati", "section": "B", "numero": "26", "contenance": 2133, "source": "cadastre.data.gouv.fr (PCI Vecteur Etalab) + BDTOPO_V3:foret_publique (IGN)"}}, {"type": "Feature", "geometry": {"type": "Polygon", "coordinates": [[[0.1852461, 43.5740164], [0.1852674, 43.574008], [0.1859177, 43.5738641], [0.1859447, 43.5738502], [0.1860569, 43.5737328], [0.1861069, 43.5735463], [0.1866301, 43.5735929], [0.1866359, 43.5737077], [0.1866454, 43.5741206], [0.1864024, 43.5742218], [0.1860779, 43.5743554], [0.1857521, 43.5744872], [0.1856527, 43.5745318], [0.1854178, 43.5742364], [0.1852461, 43.5740164]]]}, "properties": {"kind": "prive_autorisation", "section": "B", "numero": "30", "contenance": 6817, "source": "cadastre.data.gouv.fr (PCI Vecteur Etalab) + BDTOPO_V3:foret_publique (IGN)"}}, {"type": "Feature", "geometry": {"type": "Polygon", "coordinates": [[[0.1866107, 43.5733598], [0.1871343, 43.5731015], [0.1871999, 43.5732934], [0.1866301, 43.5735929], [0.1866107, 43.5733598]]]}, "properties": {"kind": "prive_autorisation", "section": "B", "numero": "39", "contenance": 1150, "source": "cadastre.data.gouv.fr (PCI Vecteur Etalab) + BDTOPO_V3:foret_publique (IGN)"}}, {"type": "Feature", "geometry": {"type": "Polygon", "coordinates": [[[0.1877695, 43.5734207], [0.1878821, 43.5736311], [0.187797, 43.5736593], [0.1874628, 43.5737822], [0.1872983, 43.5735804], [0.1877695, 43.5734207]]]}, "properties": {"kind": "bati", "section": "B", "numero": "41", "contenance": 997, "source": "cadastre.data.gouv.fr (PCI Vecteur Etalab) + BDTOPO_V3:foret_publique (IGN)"}}, {"type": "Feature", "geometry": {"type": "Polygon", "coordinates": [[[0.1904688, 43.5728472], [0.1902696, 43.5729062], [0.1902708, 43.5728596], [0.1904467, 43.572806], [0.1904688, 43.5728472]]]}, "properties": {"kind": "prive_autorisation", "section": "B", "numero": "444", "contenance": 59, "source": "cadastre.data.gouv.fr (PCI Vecteur Etalab) + BDTOPO_V3:foret_publique (IGN)"}}, {"type": "Feature", "geometry": {"type": "Polygon", "coordinates": [[[0.1901565, 43.5729397], [0.1901431, 43.5729145], [0.1901733, 43.5729055], [0.1901867, 43.5729307], [0.1901565, 43.5729397]]]}, "properties": {"kind": "prive_autorisation", "section": "B", "numero": "58", "contenance": 9, "source": "cadastre.data.gouv.fr (PCI Vecteur Etalab) + BDTOPO_V3:foret_publique (IGN)"}}, {"type": "Feature", "geometry": {"type": "Polygon", "coordinates": [[[0.2009936, 43.5684607], [0.2005152, 43.5684258], [0.2002601, 43.5683792], [0.1999413, 43.5683271], [0.1995763, 43.5682722], [0.198979, 43.5680739], [0.1988884, 43.5680865], [0.1987591, 43.5681244], [0.1981355, 43.5683069], [0.1975229, 43.5684766], [0.1970961, 43.5685921], [0.1967095, 43.5686844], [0.1962364, 43.5688029], [0.196062, 43.5688657], [0.1960123, 43.5689463], [0.1960518, 43.5690693], [0.1962073, 43.5693516], [0.196316, 43.5695144], [0.1963801, 43.5696133], [0.1964069, 43.5696549], [0.1963339, 43.5697864], [0.1963219, 43.5698027], [0.19632, 43.5702888], [0.1962806, 43.5707398], [0.1964528, 43.5710989], [0.1964052, 43.5711307], [0.1962323, 43.5709939], [0.1961205, 43.571008], [0.1960291, 43.5708752], [0.1960128, 43.5707929], [0.1960263, 43.5707058], [0.1960349, 43.5706184], [0.196038, 43.5705308], [0.1960379, 43.5704924], [0.196016, 43.5703244], [0.1960299, 43.5702094], [0.1960193, 43.5699751], [0.1959855, 43.5698848], [0.1959007, 43.5697513], [0.195778, 43.5695265], [0.195624, 43.5693136], [0.1954365, 43.5691199], [0.1953507, 43.5688242], [0.1953288, 43.5686109], [0.1953016, 43.5683979], [0.1952615, 43.5681396], [0.195319, 43.5679939], [0.1953855, 43.567768], [0.1958707, 43.5677996], [0.1960127, 43.5678135], [0.1962153, 43.5678473], [0.1965569, 43.5678058], [0.1967953, 43.5677402], [0.1969885, 43.5676827], [0.1970594, 43.5676794], [0.1971653, 43.5676776], [0.1972712, 43.5676799], [0.1975106, 43.5675822], [0.1975498, 43.5675536], [0.1975958, 43.5675253], [0.1976449, 43.5674999], [0.1977337, 43.5674785], [0.1977914, 43.5674726], [0.1978622, 43.5674618], [0.1979317, 43.5674473], [0.1980503, 43.5673403], [0.1980529, 43.5672978], [0.198102, 43.5672676], [0.1981729, 43.5672197], [0.1982403, 43.567169], [0.198282, 43.5671228], [0.1984885, 43.5670948], [0.1985915, 43.5670442], [0.1988169, 43.5669864], [0.1989212, 43.5669342], [0.1989522, 43.5669298], [0.1992117, 43.5669737], [0.1992567, 43.5669966], [0.1993246, 43.5671462], [0.1993616, 43.56719], [0.1994338, 43.5672699], [0.1995101, 43.5673475], [0.199666, 43.5675749], [0.2002187, 43.5678243], [0.2005222, 43.5679152], [0.2008483, 43.5679286], [0.2009411, 43.5679577], [0.2011742, 43.5680597], [0.2012844, 43.5680859], [0.2013457, 43.5680846], [0.2015407, 43.5680776], [0.2017354, 43.5680669], [0.2024186, 43.5681255], [0.20274, 43.5681477], [0.2027463, 43.5683531], [0.202776, 43.5683998], [0.2025446, 43.5684064], [0.2024132, 43.5684111], [0.2015463, 43.5684377], [0.2009936, 43.5684607]]]}, "properties": {"kind": "prive_autorisation", "section": "B", "numero": "431", "contenance": 59503, "source": "cadastre.data.gouv.fr (PCI Vecteur Etalab) + BDTOPO_V3:foret_publique (IGN)"}}, {"type": "Feature", "geometry": {"type": "Polygon", "coordinates": [[[0.195215, 43.5696242], [0.1952013, 43.569613], [0.1948613, 43.5691987], [0.1948512, 43.569189], [0.1949918, 43.5687832], [0.1952307, 43.568139], [0.1953258, 43.5688278], [0.1953828, 43.5690381], [0.1954261, 43.5691407], [0.1956239, 43.5693557], [0.1957454, 43.5695167], [0.1958153, 43.569647], [0.19589, 43.5697759], [0.195959, 43.5698869], [0.1959947, 43.5699929], [0.1960077, 43.5701614], [0.1960067, 43.5702229], [0.1960004, 43.5702843], [0.1959895, 43.5703421], [0.1960174, 43.5705319], [0.1959947, 43.5707618], [0.1957573, 43.5709604], [0.1957418, 43.5709964], [0.1956635, 43.5711263], [0.1956642, 43.5711347], [0.1956358, 43.5711318], [0.195492, 43.5711176], [0.1954828, 43.5709452], [0.1954763, 43.5709059], [0.1954706, 43.5708711], [0.1954645, 43.5708333], [0.1957145, 43.5705729], [0.1956971, 43.5704123], [0.1955996, 43.5701369], [0.1955711, 43.5700211], [0.1954589, 43.5698288], [0.1953463, 43.5697311], [0.195215, 43.5696242]]]}, "properties": {"kind": "prive_autorisation", "section": "B", "numero": "432", "contenance": 10544, "source": "cadastre.data.gouv.fr (PCI Vecteur Etalab) + BDTOPO_V3:foret_publique (IGN)"}}, {"type": "Feature", "geometry": {"type": "Polygon", "coordinates": [[[0.2051093, 43.5689199], [0.2052584, 43.5692997], [0.2057674, 43.5695428], [0.2057243, 43.5695904], [0.2056327, 43.5696294], [0.2056032, 43.5696616], [0.2055811, 43.569767], [0.2064882, 43.5702664], [0.2063433, 43.5704564], [0.2069229, 43.5706969], [0.2070974, 43.5708115], [0.206966, 43.5709518], [0.207115, 43.5710322], [0.2071051, 43.5712589], [0.2066205, 43.571125], [0.2065678, 43.5711631], [0.2063581, 43.5708794], [0.2059963, 43.5706236], [0.2058793, 43.5705483], [0.205517, 43.5703375], [0.2051687, 43.570145], [0.2047727, 43.5697767], [0.204759, 43.5687273], [0.2047748, 43.5687419], [0.2048158, 43.5687751], [0.2048605, 43.5688054], [0.2051093, 43.5689199]]]}, "properties": {"kind": "prive_autorisation", "section": "B", "numero": "266", "contenance": 15583, "source": "cadastre.data.gouv.fr (PCI Vecteur Etalab) + BDTOPO_V3:foret_publique (IGN)"}}, {"type": "Feature", "geometry": {"type": "Polygon", "coordinates": [[[0.2094663, 43.5738547], [0.2090682, 43.5739068], [0.2088333, 43.5737738], [0.2085367, 43.5737856], [0.2083163, 43.5738505], [0.2081441, 43.5738147], [0.2078285, 43.5737086], [0.2083082, 43.5725409], [0.2087756, 43.5726106], [0.2088155, 43.5724493], [0.208942, 43.571835], [0.2090286, 43.5718496], [0.209035, 43.5718399], [0.2089617, 43.5718201], [0.2089471, 43.5716134], [0.2088564, 43.5713649], [0.2090657, 43.5712823], [0.2089451, 43.5708824], [0.209667, 43.5711446], [0.2098435, 43.5718247], [0.2098753, 43.571947], [0.2115076, 43.572698], [0.2112107, 43.5730996], [0.2110679, 43.5732644], [0.21098, 43.5733338], [0.2108882, 43.5734006], [0.2107928, 43.5734648], [0.2106938, 43.5735259], [0.2106456, 43.573554], [0.2104728, 43.5734618], [0.2102456, 43.5733409], [0.2100694, 43.5733916], [0.2101631, 43.5736709], [0.2099469, 43.5737234], [0.2097326, 43.5737794], [0.2095202, 43.5738389], [0.2094663, 43.5738547]]]}, "properties": {"kind": "bati", "section": "B", "numero": "344", "contenance": 47975, "source": "cadastre.data.gouv.fr (PCI Vecteur Etalab) + BDTOPO_V3:foret_publique (IGN)"}}, {"type": "Feature", "geometry": {"type": "Polygon", "coordinates": [[[0.2025446, 43.5684064], [0.2027426, 43.5686494], [0.202922, 43.5689226], [0.2027516, 43.5689465], [0.2030553, 43.5696623], [0.2031469, 43.5698885], [0.20327, 43.5702874], [0.2029557, 43.5704565], [0.2027633, 43.5705595], [0.202183, 43.5708709], [0.2021558, 43.5707583], [0.2021021, 43.5706744], [0.2019987, 43.5705201], [0.2018903, 43.5703674], [0.201889, 43.570155], [0.2019287, 43.5691844], [0.2022588, 43.5691556], [0.2024132, 43.5684111], [0.2025446, 43.5684064]]]}, "properties": {"kind": "bati", "section": "B", "numero": "385", "contenance": 18285, "source": "cadastre.data.gouv.fr (PCI Vecteur Etalab) + BDTOPO_V3:foret_publique (IGN)"}}, {"type": "Feature", "geometry": {"type": "Polygon", "coordinates": [[[0.205517, 43.5703375], [0.2058793, 43.5705483], [0.2059963, 43.5706236], [0.2063581, 43.5708794], [0.2059883, 43.5711631], [0.2058096, 43.5713392], [0.2051292, 43.5720091], [0.2042287, 43.5716257], [0.204359, 43.5715583], [0.2046477, 43.5713139], [0.2041703, 43.5708856], [0.2033759, 43.570234], [0.2034628, 43.5696169], [0.2035503, 43.5694678], [0.203383, 43.568986], [0.2039146, 43.5689338], [0.2044325, 43.5689821], [0.2045321, 43.5690155], [0.2046725, 43.5694221], [0.2047742, 43.5698659], [0.2047746, 43.5699745], [0.2053823, 43.5703072], [0.205517, 43.5703375]]]}, "properties": {"kind": "prive_autorisation", "section": "B", "numero": "482", "contenance": 39332, "source": "cadastre.data.gouv.fr (PCI Vecteur Etalab) + BDTOPO_V3:foret_publique (IGN)"}}, {"type": "Feature", "geometry": {"type": "Polygon", "coordinates": [[[0.1988602, 43.5696342], [0.1988782, 43.5700072], [0.1986925, 43.5703509], [0.1982541, 43.570142], [0.1980246, 43.5699095], [0.1977534, 43.5694155], [0.1974934, 43.5691167], [0.1975875, 43.5686947], [0.197594, 43.5686361], [0.1975618, 43.568564], [0.1981799, 43.5684076], [0.1988602, 43.5696342]]]}, "properties": {"kind": "prive_autorisation", "section": "B", "numero": "306", "contenance": 13891, "source": "cadastre.data.gouv.fr (PCI Vecteur Etalab) + BDTOPO_V3:foret_publique (IGN)"}}, {"type": "Feature", "geometry": {"type": "Polygon", "coordinates": [[[0.2009936, 43.5684607], [0.200897, 43.5687294], [0.2009065, 43.5688496], [0.2009206, 43.5690222], [0.2002201, 43.5688291], [0.1989825, 43.5688034], [0.1988809, 43.5686597], [0.1987067, 43.5684644], [0.1987591, 43.5681244], [0.1988884, 43.5680865], [0.198979, 43.5680739], [0.1995763, 43.5682722], [0.1999413, 43.5683271], [0.2002601, 43.5683792], [0.2005152, 43.5684258], [0.2009936, 43.5684607]]]}, "properties": {"kind": "prive_autorisation", "section": "B", "numero": "379", "contenance": 10841, "source": "cadastre.data.gouv.fr (PCI Vecteur Etalab) + BDTOPO_V3:foret_publique (IGN)"}}, {"type": "Feature", "geometry": {"type": "Polygon", "coordinates": [[[0.1987591, 43.5681244], [0.1987067, 43.5684644], [0.1988809, 43.5686597], [0.1989825, 43.5688034], [0.1989972, 43.5689301], [0.1988888, 43.5692719], [0.1988972, 43.5694327], [0.1989598, 43.5696111], [0.1988602, 43.5696342], [0.1981799, 43.5684076], [0.1981355, 43.5683069], [0.1987591, 43.5681244]]]}, "properties": {"kind": "prive_autorisation", "section": "B", "numero": "381", "contenance": 5225, "source": "cadastre.data.gouv.fr (PCI Vecteur Etalab) + BDTOPO_V3:foret_publique (IGN)"}}, {"type": "Feature", "geometry": {"type": "Polygon", "coordinates": [[[0.1988602, 43.5696342], [0.1989598, 43.5696111], [0.1988972, 43.5694327], [0.1988888, 43.5692719], [0.1989972, 43.5689301], [0.1989825, 43.5688034], [0.2002201, 43.5688291], [0.2002604, 43.5690565], [0.2003287, 43.5694954], [0.2003307, 43.5695081], [0.2004418, 43.5698017], [0.2005481, 43.5700962], [0.200599, 43.5702432], [0.200469, 43.5703909], [0.20063, 43.5704268], [0.2005028, 43.5706325], [0.2001182, 43.570554], [0.1999187, 43.5705134], [0.1999187, 43.570517], [0.1992598, 43.5703829], [0.1991041, 43.5705454], [0.1986925, 43.5703509], [0.1988782, 43.5700072], [0.1988602, 43.5696342]]]}, "properties": {"kind": "bati", "section": "B", "numero": "480", "contenance": 23379, "source": "cadastre.data.gouv.fr (PCI Vecteur Etalab) + BDTOPO_V3:foret_publique (IGN)"}}, {"type": "Feature", "geometry": {"type": "Polygon", "coordinates": [[[0.196316, 43.5695144], [0.1964131, 43.5694746], [0.1974934, 43.5691167], [0.1977534, 43.5694155], [0.1980246, 43.5699095], [0.1982541, 43.570142], [0.1986925, 43.5703509], [0.1991041, 43.5705454], [0.1991112, 43.5705488], [0.1987173, 43.5709917], [0.1983594, 43.5709025], [0.1980446, 43.5707865], [0.1974712, 43.5704931], [0.1974647, 43.5702957], [0.1963507, 43.5700293], [0.1963339, 43.5697864], [0.1964069, 43.5696549], [0.1963801, 43.5696133], [0.196316, 43.5695144]]]}, "properties": {"kind": "prive_autorisation", "section": "B", "numero": "367", "contenance": 19998, "source": "cadastre.data.gouv.fr (PCI Vecteur Etalab) + BDTOPO_V3:foret_publique (IGN)"}}, {"type": "Feature", "geometry": {"type": "Polygon", "coordinates": [[[0.2027463, 43.5683531], [0.2027886, 43.5682929], [0.2030967, 43.56824], [0.2033022, 43.5682542], [0.2035331, 43.568248], [0.2036186, 43.5682458], [0.2037783, 43.5682545], [0.204066, 43.5683402], [0.2043278, 43.5684411], [0.2044988, 43.5685089], [0.204759, 43.5687273], [0.2047727, 43.5697767], [0.2047742, 43.5698659], [0.2046725, 43.5694221], [0.2045321, 43.5690155], [0.2044325, 43.5689821], [0.2039146, 43.5689338], [0.203383, 43.568986], [0.2032086, 43.5690037], [0.202776, 43.5683998], [0.2027463, 43.5683531]]]}, "properties": {"kind": "prive_autorisation", "section": "B", "numero": "264", "contenance": 11151, "source": "cadastre.data.gouv.fr (PCI Vecteur Etalab) + BDTOPO_V3:foret_publique (IGN)"}}, {"type": "Feature", "geometry": {"type": "Polygon", "coordinates": [[[0.2051093, 43.5689199], [0.2057653, 43.569262], [0.2062857, 43.5694936], [0.2067678, 43.5697036], [0.2068095, 43.5697617], [0.2070927, 43.5699217], [0.2073501, 43.570023], [0.2075305, 43.5701107], [0.2077717, 43.5701834], [0.2077233, 43.5703669], [0.2075719, 43.5708785], [0.2075717, 43.5709838], [0.2072908, 43.5710346], [0.207115, 43.5710322], [0.206966, 43.5709518], [0.2070974, 43.5708115], [0.2069229, 43.5706969], [0.2063433, 43.5704564], [0.2064882, 43.5702664], [0.2055811, 43.569767], [0.2056032, 43.5696616], [0.2056327, 43.5696294], [0.2057243, 43.5695904], [0.2057674, 43.5695428], [0.2052584, 43.5692997], [0.2051093, 43.5689199]]]}, "properties": {"kind": "prive_autorisation", "section": "B", "numero": "267", "contenance": 16403, "source": "cadastre.data.gouv.fr (PCI Vecteur Etalab) + BDTOPO_V3:foret_publique (IGN)"}}, {"type": "Feature", "geometry": {"type": "Polygon", "coordinates": [[[0.2051093, 43.5689199], [0.2048605, 43.5688054], [0.2048158, 43.5687751], [0.2047748, 43.5687419], [0.204759, 43.5687273], [0.2044988, 43.5685089], [0.2043278, 43.5684411], [0.204066, 43.5683402], [0.2037783, 43.5682545], [0.2036186, 43.5682458], [0.2035331, 43.568248], [0.2035106, 43.5681245], [0.2035791, 43.5681254], [0.2036268, 43.5681016], [0.2038157, 43.5680998], [0.2038974, 43.5680735], [0.2040242, 43.5680762], [0.2041628, 43.5681218], [0.2042409, 43.5681563], [0.2043275, 43.5682085], [0.2044172, 43.5682677], [0.2045274, 43.5683114], [0.2047542, 43.5684325], [0.2049413, 43.568574], [0.2050806, 43.5686261], [0.2057539, 43.5689952], [0.2058348, 43.5690732], [0.205909, 43.5691383], [0.206076, 43.5692191], [0.2061803, 43.5693017], [0.2063433, 43.5693742], [0.2064722, 43.5694663], [0.2067583, 43.5696903], [0.2067678, 43.5697036], [0.2062857, 43.5694936], [0.2057653, 43.569262], [0.2051093, 43.5689199]]]}, "properties": {"kind": "prive_autorisation", "section": "B", "numero": "295", "contenance": 6124, "source": "cadastre.data.gouv.fr (PCI Vecteur Etalab) + BDTOPO_V3:foret_publique (IGN)"}}, {"type": "Feature", "geometry": {"type": "Polygon", "coordinates": [[[0.2123884, 43.5708964], [0.2120152, 43.5707477], [0.2118174, 43.5710276], [0.2117623, 43.5711761], [0.2115773, 43.571677], [0.210782, 43.5714719], [0.2110795, 43.5712457], [0.2115714, 43.5700221], [0.2121835, 43.5699851], [0.2126013, 43.5700404], [0.2127167, 43.5694869], [0.2127662, 43.5692557], [0.2132771, 43.5692608], [0.2132884, 43.5692699], [0.2134181, 43.5696084], [0.213652, 43.5700718], [0.213665, 43.5701932], [0.2136188, 43.5703133], [0.2135757, 43.5703609], [0.2131984, 43.5706402], [0.2127088, 43.571024], [0.2123884, 43.5708964]]]}, "properties": {"kind": "prive_autorisation", "section": "B", "numero": "288", "contenance": 25290, "source": "cadastre.data.gouv.fr (PCI Vecteur Etalab) + BDTOPO_V3:foret_publique (IGN)"}}, {"type": "Feature", "geometry": {"type": "Polygon", "coordinates": [[[0.1934008, 43.5725827], [0.1940637, 43.5724337], [0.1947215, 43.5721999], [0.194877, 43.5720279], [0.1950663, 43.572768], [0.195022, 43.57305], [0.1950011, 43.5731827], [0.1949402, 43.5732835], [0.194888, 43.5734147], [0.194459, 43.5738108], [0.1941668, 43.5737149], [0.1938737, 43.5731452], [0.1937021, 43.5731451], [0.193295, 43.5729436], [0.1932949, 43.5729132], [0.1933999, 43.5726773], [0.1934008, 43.5725827]]]}, "properties": {"kind": "prive_autorisation", "section": "B", "numero": "218", "contenance": 15644, "source": "cadastre.data.gouv.fr (PCI Vecteur Etalab) + BDTOPO_V3:foret_publique (IGN)"}}, {"type": "Feature", "geometry": {"type": "Polygon", "coordinates": [[[0.1922232, 43.572361], [0.1920809, 43.5723861], [0.1920788, 43.5716547], [0.192243, 43.571619], [0.1930475, 43.571352], [0.1935405, 43.571151], [0.1938235, 43.5709745], [0.1941617, 43.5713003], [0.1940009, 43.5714036], [0.1936298, 43.5715921], [0.1939143, 43.5719931], [0.1934043, 43.5720977], [0.1931722, 43.5721538], [0.1931807, 43.5721601], [0.1928376, 43.5722433], [0.1922232, 43.572361]]]}, "properties": {"kind": "prive_autorisation", "section": "B", "numero": "346", "contenance": 13778, "source": "cadastre.data.gouv.fr (PCI Vecteur Etalab) + BDTOPO_V3:foret_publique (IGN)"}}, {"type": "Feature", "geometry": {"type": "Polygon", "coordinates": [[[0.195022, 43.57305], [0.1950675, 43.573053], [0.1952776, 43.5724721], [0.1954265, 43.5722112], [0.1956452, 43.572262], [0.1957651, 43.5722898], [0.1957495, 43.5725596], [0.1965606, 43.5727122], [0.1965492, 43.5728], [0.1965357, 43.5729068], [0.1965178, 43.5729441], [0.1964147, 43.5730641], [0.1962234, 43.5735023], [0.1960727, 43.5738729], [0.1960415, 43.573995], [0.1959532, 43.5743415], [0.1958696, 43.5743291], [0.1956975, 43.5742908], [0.1954425, 43.5742201], [0.1949472, 43.5740175], [0.1946346, 43.5738781], [0.194459, 43.5738108], [0.194888, 43.5734147], [0.1949402, 43.5732835], [0.1950011, 43.5731827], [0.195022, 43.57305]]]}, "properties": {"kind": "prive_autorisation", "section": "B", "numero": "219", "contenance": 21058, "source": "cadastre.data.gouv.fr (PCI Vecteur Etalab) + BDTOPO_V3:foret_publique (IGN)"}}, {"type": "Feature", "geometry": {"type": "Polygon", "coordinates": [[[0.194877, 43.5720279], [0.1953359, 43.5715223], [0.195496, 43.5713819], [0.1954851, 43.5717869], [0.1954214, 43.572019], [0.1953019, 43.5721817], [0.1954265, 43.5722112], [0.1952776, 43.5724721], [0.1950675, 43.573053], [0.195022, 43.57305], [0.1950663, 43.572768], [0.194877, 43.5720279]]]}, "properties": {"kind": "prive_autorisation", "section": "B", "numero": "220", "contenance": 4131, "source": "cadastre.data.gouv.fr (PCI Vecteur Etalab) + BDTOPO_V3:foret_publique (IGN)"}}, {"type": "Feature", "geometry": {"type": "Polygon", "coordinates": [[[0.1965606, 43.5727122], [0.1966447, 43.5721891], [0.1967253, 43.5721185], [0.1970292, 43.571852], [0.197389, 43.5719211], [0.1975635, 43.5732785], [0.1970914, 43.5730567], [0.1965492, 43.5728], [0.1965606, 43.5727122]]]}, "properties": {"kind": "prive_autorisation", "section": "B", "numero": "226", "contenance": 8476, "source": "cadastre.data.gouv.fr (PCI Vecteur Etalab) + BDTOPO_V3:foret_publique (IGN)"}}, {"type": "Feature", "geometry": {"type": "Polygon", "coordinates": [[[0.197389, 43.5719211], [0.1976294, 43.5718859], [0.1980875, 43.571848], [0.1984671, 43.5718782], [0.1985717, 43.5722931], [0.1985903, 43.572872], [0.1980111, 43.5729459], [0.198182, 43.5737349], [0.1980442, 43.5737683], [0.1977871, 43.5737957], [0.1976328, 43.573795], [0.1975635, 43.5732785], [0.197389, 43.5719211]]]}, "properties": {"kind": "prive_autorisation", "section": "B", "numero": "234", "contenance": 14236, "source": "cadastre.data.gouv.fr (PCI Vecteur Etalab) + BDTOPO_V3:foret_publique (IGN)"}}, {"type": "Feature", "geometry": {"type": "Polygon", "coordinates": [[[0.2018439, 43.5719665], [0.2004814, 43.5717096], [0.2003222, 43.5716715], [0.200087, 43.5716559], [0.1995137, 43.5717689], [0.1993917, 43.5717804], [0.1997351, 43.5711473], [0.1989927, 43.5710447], [0.1991788, 43.5706602], [0.1994511, 43.5707462], [0.1997381, 43.5708322], [0.199913, 43.5708597], [0.2007524, 43.5710223], [0.200821, 43.5710374], [0.2010514, 43.5711014], [0.2012423, 43.5711867], [0.2014693, 43.5713181], [0.2020956, 43.5717422], [0.2018439, 43.5719665]]]}, "properties": {"kind": "prive_autorisation", "section": "B", "numero": "245", "contenance": 16742, "source": "cadastre.data.gouv.fr (PCI Vecteur Etalab) + BDTOPO_V3:foret_publique (IGN)"}}, {"type": "Feature", "geometry": {"type": "Polygon", "coordinates": [[[0.2018439, 43.5719665], [0.2020956, 43.5717422], [0.2025079, 43.5720228], [0.2024013, 43.5719858], [0.2022046, 43.5718634], [0.2016319, 43.5721295], [0.2001824, 43.5728187], [0.200105, 43.5727504], [0.2000113, 43.5726676], [0.1998109, 43.5724874], [0.2004552, 43.5721566], [0.2015704, 43.5720856], [0.2015928, 43.5720841], [0.2018439, 43.5719665]]]}, "properties": {"kind": "prive_autorisation", "section": "B", "numero": "338", "contenance": 5948, "source": "cadastre.data.gouv.fr (PCI Vecteur Etalab) + BDTOPO_V3:foret_publique (IGN)"}}, {"type": "Feature", "geometry": {"type": "Polygon", "coordinates": [[[0.195215, 43.5696242], [0.1953173, 43.5698743], [0.1952949, 43.56993], [0.1952823, 43.5700055], [0.1952918, 43.5701743], [0.1953089, 43.5704527], [0.1943023, 43.5704141], [0.1944925, 43.5701793], [0.1945739, 43.5700118], [0.1947714, 43.5698131], [0.1948172, 43.5695209], [0.1948613, 43.5691987], [0.1952013, 43.569613], [0.195215, 43.5696242]]]}, "properties": {"kind": "prive_autorisation", "section": "B", "numero": "353", "contenance": 5971, "source": "cadastre.data.gouv.fr (PCI Vecteur Etalab) + BDTOPO_V3:foret_publique (IGN)"}}, {"type": "Feature", "geometry": {"type": "Polygon", "coordinates": [[[0.1963339, 43.5697864], [0.1963507, 43.5700293], [0.1974647, 43.5702957], [0.1974712, 43.5704931], [0.1980446, 43.5707865], [0.1983594, 43.5709025], [0.1987173, 43.5709917], [0.1989927, 43.5710447], [0.1997351, 43.5711473], [0.1993917, 43.5717804], [0.1991666, 43.5717996], [0.1983245, 43.571768], [0.1979286, 43.5717437], [0.1971269, 43.5715497], [0.1969483, 43.5715345], [0.1968763, 43.5715038], [0.1964052, 43.5711307], [0.1964528, 43.5710989], [0.1962806, 43.5707398], [0.19632, 43.5702888], [0.1963219, 43.5698027], [0.1963339, 43.5697864]]]}, "properties": {"kind": "prive_autorisation", "section": "B", "numero": "369", "contenance": 29373, "source": "cadastre.data.gouv.fr (PCI Vecteur Etalab) + BDTOPO_V3:foret_publique (IGN)"}}, {"type": "Feature", "geometry": {"type": "Polygon", "coordinates": [[[0.20327, 43.5702874], [0.2033759, 43.570234], [0.2041703, 43.5708856], [0.2046477, 43.5713139], [0.204359, 43.5715583], [0.2038088, 43.5710213], [0.2035348, 43.5711223], [0.2029557, 43.5704565], [0.20327, 43.5702874]]]}, "properties": {"kind": "prive_autorisation", "section": "B", "numero": "259", "contenance": 6528, "source": "cadastre.data.gouv.fr (PCI Vecteur Etalab) + BDTOPO_V3:foret_publique (IGN)"}}, {"type": "Feature", "geometry": {"type": "Polygon", "coordinates": [[[0.202922, 43.5689226], [0.2029899, 43.5690282], [0.2032086, 43.5690037], [0.2032813, 43.5691056], [0.2034628, 43.5696169], [0.2033759, 43.570234], [0.20327, 43.5702874], [0.2031469, 43.5698885], [0.2030553, 43.5696623], [0.2027516, 43.5689465], [0.202922, 43.5689226]]]}, "properties": {"kind": "prive_autorisation", "section": "B", "numero": "262", "contenance": 4054, "source": "cadastre.data.gouv.fr (PCI Vecteur Etalab) + BDTOPO_V3:foret_publique (IGN)"}}, {"type": "Feature", "geometry": {"type": "Polygon", "coordinates": [[[0.2058096, 43.5713392], [0.2062358, 43.5716286], [0.2063269, 43.5716877], [0.2063159, 43.5718404], [0.2068404, 43.5720318], [0.2068307, 43.5720585], [0.2066888, 43.5723395], [0.2063581, 43.5721763], [0.2060683, 43.5724401], [0.2059018, 43.572672], [0.2053891, 43.5723842], [0.2051777, 43.5722791], [0.2051142, 43.5722517], [0.2050481, 43.5722275], [0.2049797, 43.5722066], [0.2049411, 43.5721967], [0.2051292, 43.5720091], [0.2058096, 43.5713392]]]}, "properties": {"kind": "bati", "section": "B", "numero": "275", "contenance": 10773, "source": "cadastre.data.gouv.fr (PCI Vecteur Etalab) + BDTOPO_V3:foret_publique (IGN)"}}, {"type": "Feature", "geometry": {"type": "Polygon", "coordinates": [[[0.2083082, 43.5725409], [0.2076878, 43.5724405], [0.2076346, 43.5724318], [0.2079696, 43.5715111], [0.2075967, 43.5714467], [0.2074567, 43.5714234], [0.2075715, 43.5711885], [0.2075717, 43.5710285], [0.2078441, 43.5710421], [0.2080883, 43.5710983], [0.2083593, 43.5711873], [0.2088453, 43.571368], [0.2089277, 43.571604], [0.2089345, 43.5716591], [0.2089408, 43.571747], [0.208942, 43.571835], [0.2088155, 43.5724493], [0.2087756, 43.5726106], [0.2083082, 43.5725409]]]}, "properties": {"kind": "prive_autorisation", "section": "B", "numero": "269", "contenance": 14391, "source": "cadastre.data.gouv.fr (PCI Vecteur Etalab) + BDTOPO_V3:foret_publique (IGN)"}}, {"type": "Feature", "geometry": {"type": "Polygon", "coordinates": [[[0.2078285, 43.5737086], [0.2076499, 43.5736495], [0.2072435, 43.5734172], [0.2076878, 43.5724405], [0.2083082, 43.5725409], [0.2078285, 43.5737086]]]}, "properties": {"kind": "prive_autorisation", "section": "B", "numero": "280", "contenance": 6745, "source": "cadastre.data.gouv.fr (PCI Vecteur Etalab) + BDTOPO_V3:foret_publique (IGN)"}}, {"type": "Feature", "geometry": {"type": "Polygon", "coordinates": [[[0.209667, 43.5711446], [0.2103223, 43.5712239], [0.210782, 43.5714719], [0.2115773, 43.571677], [0.2120562, 43.5718003], [0.2118742, 43.5721382], [0.2116776, 43.5724589], [0.2098435, 43.5718247], [0.209667, 43.5711446]]]}, "properties": {"kind": "prive_autorisation", "section": "B", "numero": "284", "contenance": 13632, "source": "cadastre.data.gouv.fr (PCI Vecteur Etalab) + BDTOPO_V3:foret_publique (IGN)"}}, {"type": "Feature", "geometry": {"type": "Polygon", "coordinates": [[[0.2110795, 43.5712457], [0.2105246, 43.5710223], [0.210073, 43.5708395], [0.2106635, 43.5705208], [0.211222, 43.570209], [0.2115515, 43.5700232], [0.2115714, 43.5700221], [0.2110795, 43.5712457]]]}, "properties": {"kind": "prive_autorisation", "section": "B", "numero": "289", "contenance": 6469, "source": "cadastre.data.gouv.fr (PCI Vecteur Etalab) + BDTOPO_V3:foret_publique (IGN)"}}, {"type": "Feature", "geometry": {"type": "Polygon", "coordinates": [[[0.1941668, 43.5737149], [0.1939109, 43.573641], [0.1933389, 43.5734904], [0.1921859, 43.5731986], [0.1919988, 43.5731309], [0.1918293, 43.5730545], [0.1919694, 43.5729035], [0.1915444, 43.5726279], [0.1916412, 43.572441], [0.1920809, 43.5723861], [0.1922232, 43.572361], [0.1922935, 43.5725149], [0.1923877, 43.5725817], [0.1923658, 43.5726128], [0.1932056, 43.5730302], [0.193258, 43.5729795], [0.193295, 43.5729436], [0.1937021, 43.5731451], [0.1938737, 43.5731452], [0.1941668, 43.5737149]]]}, "properties": {"kind": "bati", "section": "B", "numero": "200", "contenance": 11857, "source": "cadastre.data.gouv.fr (PCI Vecteur Etalab) + BDTOPO_V3:foret_publique (IGN)"}}, {"type": "Feature", "geometry": {"type": "Polygon", "coordinates": [[[0.2018439, 43.5719665], [0.2015928, 43.5720841], [0.2015704, 43.5720856], [0.2000322, 43.5718643], [0.1993694, 43.5719888], [0.1993349, 43.5719278], [0.1993179, 43.5719063], [0.199322, 43.5718762], [0.1992401, 43.5718219], [0.1991666, 43.5717996], [0.1993917, 43.5717804], [0.1995137, 43.5717689], [0.200087, 43.5716559], [0.2003222, 43.5716715], [0.2004814, 43.5717096], [0.2018439, 43.5719665]]]}, "properties": {"kind": "prive_autorisation", "section": "B", "numero": "244", "contenance": 4258, "source": "cadastre.data.gouv.fr (PCI Vecteur Etalab) + BDTOPO_V3:foret_publique (IGN)"}}, {"type": "Feature", "geometry": {"type": "Polygon", "coordinates": [[[0.1975229, 43.5684766], [0.1975618, 43.568564], [0.197594, 43.5686361], [0.1975875, 43.5686947], [0.1974934, 43.5691167], [0.1964131, 43.5694746], [0.196316, 43.5695144], [0.1962073, 43.5693516], [0.1960518, 43.5690693], [0.1960123, 43.5689463], [0.196062, 43.5688657], [0.1962364, 43.5688029], [0.1967095, 43.5686844], [0.1970961, 43.5685921], [0.1975229, 43.5684766]]]}, "properties": {"kind": "prive_autorisation", "section": "B", "numero": "377", "contenance": 8775, "source": "cadastre.data.gouv.fr (PCI Vecteur Etalab) + BDTOPO_V3:foret_publique (IGN)"}}, {"type": "Feature", "geometry": {"type": "Polygon", "coordinates": [[[0.1981355, 43.5683069], [0.1981799, 43.5684076], [0.1975618, 43.568564], [0.1975229, 43.5684766], [0.1981355, 43.5683069]]]}, "properties": {"kind": "prive_autorisation", "section": "B", "numero": "375", "contenance": 570, "source": "cadastre.data.gouv.fr (PCI Vecteur Etalab) + BDTOPO_V3:foret_publique (IGN)"}}, {"type": "Feature", "geometry": {"type": "Polygon", "coordinates": [[[0.201889, 43.570155], [0.2011736, 43.5703166], [0.2010144, 43.570357], [0.2009704, 43.5696874], [0.2015527, 43.5697291], [0.201606, 43.5692081], [0.2019287, 43.5691844], [0.201889, 43.570155]]]}, "properties": {"kind": "prive_autorisation", "section": "B", "numero": "253", "contenance": 6126, "source": "cadastre.data.gouv.fr (PCI Vecteur Etalab) + BDTOPO_V3:foret_publique (IGN)"}}, {"type": "Feature", "geometry": {"type": "Polygon", "coordinates": [[[0.2009206, 43.5690222], [0.2009065, 43.5688496], [0.2016217, 43.569036], [0.201606, 43.5692081], [0.2015527, 43.5697291], [0.2009704, 43.5696874], [0.2009607, 43.5695409], [0.2009355, 43.5692347], [0.2009206, 43.5690222]]]}, "properties": {"kind": "prive_autorisation", "section": "B", "numero": "254", "contenance": 4595, "source": "cadastre.data.gouv.fr (PCI Vecteur Etalab) + BDTOPO_V3:foret_publique (IGN)"}}, {"type": "Feature", "geometry": {"type": "Polygon", "coordinates": [[[0.20274, 43.5681477], [0.2031622, 43.5681624], [0.2032603, 43.5681495], [0.2033421, 43.568143], [0.2034242, 43.5681404], [0.2035106, 43.5681245], [0.2035331, 43.568248], [0.2033022, 43.5682542], [0.2030967, 43.56824], [0.2027886, 43.5682929], [0.2027463, 43.5683531], [0.20274, 43.5681477]]]}, "properties": {"kind": "prive_autorisation", "section": "B", "numero": "296", "contenance": 833, "source": "cadastre.data.gouv.fr (PCI Vecteur Etalab) + BDTOPO_V3:foret_publique (IGN)"}}, {"type": "Feature", "geometry": {"type": "Polygon", "coordinates": [[[0.2002201, 43.5688291], [0.2009206, 43.5690222], [0.2009355, 43.5692347], [0.2002604, 43.5690565], [0.2002201, 43.5688291]]]}, "properties": {"kind": "prive_autorisation", "section": "B", "numero": "302", "contenance": 1335, "source": "cadastre.data.gouv.fr (PCI Vecteur Etalab) + BDTOPO_V3:foret_publique (IGN)"}}, {"type": "Feature", "geometry": {"type": "Polygon", "coordinates": [[[0.2002604, 43.5690565], [0.2009355, 43.5692347], [0.2009607, 43.5695409], [0.2003287, 43.5694954], [0.2002604, 43.5690565]]]}, "properties": {"kind": "prive_autorisation", "section": "B", "numero": "303", "contenance": 2138, "source": "cadastre.data.gouv.fr (PCI Vecteur Etalab) + BDTOPO_V3:foret_publique (IGN)"}}, {"type": "Feature", "geometry": {"type": "Polygon", "coordinates": [[[0.2003287, 43.5694954], [0.2009607, 43.5695409], [0.2009704, 43.5696874], [0.2010144, 43.570357], [0.2008842, 43.5704008], [0.2007346, 43.570424], [0.20063, 43.5704268], [0.200469, 43.5703909], [0.200599, 43.5702432], [0.2005481, 43.5700962], [0.2004418, 43.5698017], [0.2003307, 43.5695081], [0.2003287, 43.5694954]]]}, "properties": {"kind": "prive_autorisation", "section": "B", "numero": "304", "contenance": 4030, "source": "cadastre.data.gouv.fr (PCI Vecteur Etalab) + BDTOPO_V3:foret_publique (IGN)"}}, {"type": "Feature", "geometry": {"type": "Polygon", "coordinates": [[[0.2009936, 43.5684607], [0.2015463, 43.5684377], [0.2024132, 43.5684111], [0.2022588, 43.5691556], [0.2019287, 43.5691844], [0.201606, 43.5692081], [0.2016217, 43.569036], [0.2009065, 43.5688496], [0.200897, 43.5687294], [0.2009936, 43.5684607]]]}, "properties": {"kind": "prive_autorisation", "section": "B", "numero": "383", "contenance": 8117, "source": "cadastre.data.gouv.fr (PCI Vecteur Etalab) + BDTOPO_V3:foret_publique (IGN)"}}, {"type": "Feature", "geometry": {"type": "Polygon", "coordinates": [[[0.202776, 43.5683998], [0.2032086, 43.5690037], [0.2029899, 43.5690282], [0.202922, 43.5689226], [0.2027426, 43.5686494], [0.2025446, 43.5684064], [0.202776, 43.5683998]]]}, "properties": {"kind": "prive_autorisation", "section": "B", "numero": "387", "contenance": 1263, "source": "cadastre.data.gouv.fr (PCI Vecteur Etalab) + BDTOPO_V3:foret_publique (IGN)"}}, {"type": "Feature", "geometry": {"type": "Polygon", "coordinates": [[[0.202183, 43.5708709], [0.2023647, 43.5711224], [0.2021432, 43.5712939], [0.2019199, 43.5711451], [0.2021197, 43.571006], [0.2018589, 43.5708079], [0.2016659, 43.5709422], [0.2014707, 43.5707692], [0.2014255, 43.5707294], [0.2014172, 43.5707217], [0.2010144, 43.570357], [0.2011736, 43.5703166], [0.201889, 43.570155], [0.2018903, 43.5703674], [0.2019987, 43.5705201], [0.2021021, 43.5706744], [0.2021558, 43.5707583], [0.202183, 43.5708709]]]}, "properties": {"kind": "bati", "section": "B", "numero": "499", "contenance": 5106, "source": "cadastre.data.gouv.fr (PCI Vecteur Etalab) + BDTOPO_V3:foret_publique (IGN)"}}, {"type": "Feature", "geometry": {"type": "Polygon", "coordinates": [[[0.2034628, 43.5696169], [0.2032813, 43.5691056], [0.2032086, 43.5690037], [0.203383, 43.568986], [0.2035503, 43.5694678], [0.2034628, 43.5696169]]]}, "properties": {"kind": "prive_autorisation", "section": "B", "numero": "263", "contenance": 717, "source": "cadastre.data.gouv.fr (PCI Vecteur Etalab) + BDTOPO_V3:foret_publique (IGN)"}}, {"type": "Feature", "geometry": {"type": "Polygon", "coordinates": [[[0.2047727, 43.5697767], [0.2051687, 43.570145], [0.205517, 43.5703375], [0.2053823, 43.5703072], [0.2047746, 43.5699745], [0.2047742, 43.5698659], [0.2047727, 43.5697767]]]}, "properties": {"kind": "prive_autorisation", "section": "B", "numero": "265", "contenance": 564, "source": "cadastre.data.gouv.fr (PCI Vecteur Etalab) + BDTOPO_V3:foret_publique (IGN)"}}, {"type": "Feature", "geometry": {"type": "Polygon", "coordinates": [[[0.195492, 43.5711176], [0.1954242, 43.5711862], [0.1953521, 43.5713046], [0.1953211, 43.5713199], [0.194505, 43.5710509], [0.1944436, 43.5713129], [0.1948097, 43.5715715], [0.1945706, 43.5716927], [0.1941617, 43.5713003], [0.1938235, 43.5709745], [0.1939582, 43.5708335], [0.1944389, 43.5709066], [0.1954828, 43.5709452], [0.195492, 43.5711176]]]}, "properties": {"kind": "prive_autorisation", "section": "B", "numero": "407", "contenance": 5268, "source": "cadastre.data.gouv.fr (PCI Vecteur Etalab) + BDTOPO_V3:foret_publique (IGN)"}}, {"type": "Feature", "geometry": {"type": "Polygon", "coordinates": [[[0.1941617, 43.5713003], [0.1945706, 43.5716927], [0.1942238, 43.5718159], [0.1940741, 43.5719354], [0.1939143, 43.5719931], [0.1936298, 43.5715921], [0.1940009, 43.5714036], [0.1941617, 43.5713003]]]}, "properties": {"kind": "prive_autorisation", "section": "B", "numero": "204", "contenance": 2890, "source": "cadastre.data.gouv.fr (PCI Vecteur Etalab) + BDTOPO_V3:foret_publique (IGN)"}}, {"type": "Feature", "geometry": {"type": "Polygon", "coordinates": [[[0.1948097, 43.5715715], [0.1944436, 43.5713129], [0.194505, 43.5710509], [0.1953211, 43.5713199], [0.1948097, 43.5715715]]]}, "properties": {"kind": "prive_autorisation", "section": "B", "numero": "205", "contenance": 2050, "source": "cadastre.data.gouv.fr (PCI Vecteur Etalab) + BDTOPO_V3:foret_publique (IGN)"}}, {"type": "Feature", "geometry": {"type": "Polygon", "coordinates": [[[0.1940637, 43.5724337], [0.1941973, 43.5721143], [0.1944088, 43.5719649], [0.1949208, 43.5716937], [0.1953359, 43.5715223], [0.194877, 43.5720279], [0.1947215, 43.5721999], [0.1940637, 43.5724337]]]}, "properties": {"kind": "prive_autorisation", "section": "B", "numero": "217", "contenance": 3040, "source": "cadastre.data.gouv.fr (PCI Vecteur Etalab) + BDTOPO_V3:foret_publique (IGN)"}}, {"type": "Feature", "geometry": {"type": "Polygon", "coordinates": [[[0.1967253, 43.5721185], [0.196007, 43.5718701], [0.1960103, 43.571789], [0.1964678, 43.5714335], [0.1970232, 43.5718508], [0.1970292, 43.571852], [0.1967253, 43.5721185]]]}, "properties": {"kind": "prive_autorisation", "section": "B", "numero": "224", "contenance": 3247, "source": "cadastre.data.gouv.fr (PCI Vecteur Etalab) + BDTOPO_V3:foret_publique (IGN)"}}, {"type": "Feature", "geometry": {"type": "Polygon", "coordinates": [[[0.1954706, 43.5708711], [0.1944669, 43.5708162], [0.1944512, 43.5708662], [0.1944389, 43.5709066], [0.1939582, 43.5708335], [0.1943023, 43.5704141], [0.1953089, 43.5704527], [0.1952918, 43.5701743], [0.1955996, 43.5701369], [0.1956971, 43.5704123], [0.1957145, 43.5705729], [0.1954645, 43.5708333], [0.1954706, 43.5708711]]]}, "properties": {"kind": "prive_autorisation", "section": "B", "numero": "357", "contenance": 6705, "source": "cadastre.data.gouv.fr (PCI Vecteur Etalab) + BDTOPO_V3:foret_publique (IGN)"}}, {"type": "Feature", "geometry": {"type": "Polygon", "coordinates": [[[0.1970292, 43.571852], [0.1970232, 43.5718508], [0.1964678, 43.5714335], [0.196485, 43.5714173], [0.1962762, 43.5712036], [0.1963897, 43.5711382], [0.1968639, 43.5715132], [0.1969472, 43.5715502], [0.1971398, 43.5715669], [0.1975625, 43.5716689], [0.197948, 43.5717654], [0.1984413, 43.5717853], [0.1984671, 43.5718782], [0.1980875, 43.571848], [0.1976294, 43.5718859], [0.197389, 43.5719211], [0.1970292, 43.571852]]]}, "properties": {"kind": "prive_autorisation", "section": "B", "numero": "371", "contenance": 3815, "source": "cadastre.data.gouv.fr (PCI Vecteur Etalab) + BDTOPO_V3:foret_publique (IGN)"}}, {"type": "Feature", "geometry": {"type": "Polygon", "coordinates": [[[0.1962762, 43.5712036], [0.1961535, 43.5711138], [0.1960347, 43.5710213], [0.1959822, 43.5709786], [0.1959074, 43.5709782], [0.1956834, 43.5711458], [0.1956809, 43.5711266], [0.195781, 43.5709545], [0.1959886, 43.5707957], [0.1960054, 43.5708715], [0.1961081, 43.5710298], [0.1961184, 43.5710284], [0.1962762, 43.5712036]]]}, "properties": {"kind": "prive_autorisation", "section": "B", "numero": "372", "contenance": 419, "source": "cadastre.data.gouv.fr (PCI Vecteur Etalab) + BDTOPO_V3:foret_publique (IGN)"}}, {"type": "Feature", "geometry": {"type": "Polygon", "coordinates": [[[0.195496, 43.5713819], [0.1955902, 43.5712993], [0.1956887, 43.5711868], [0.1956834, 43.5711458], [0.1959074, 43.5709782], [0.1959822, 43.5709786], [0.1960347, 43.5710213], [0.1961535, 43.5711138], [0.1962762, 43.5712036], [0.196485, 43.5714173], [0.1964678, 43.5714335], [0.1960103, 43.571789], [0.196007, 43.5718701], [0.1960047, 43.5719265], [0.1958916, 43.5718963], [0.1954851, 43.5717869], [0.195496, 43.5713819]]]}, "properties": {"kind": "prive_autorisation", "section": "B", "numero": "373", "contenance": 5131, "source": "cadastre.data.gouv.fr (PCI Vecteur Etalab) + BDTOPO_V3:foret_publique (IGN)"}}, {"type": "Feature", "geometry": {"type": "Polygon", "coordinates": [[[0.1954828, 43.5709452], [0.1944389, 43.5709066], [0.1944512, 43.5708662], [0.1954763, 43.5709059], [0.1954828, 43.5709452]]]}, "properties": {"kind": "prive_autorisation", "section": "B", "numero": "409", "contenance": 436, "source": "cadastre.data.gouv.fr (PCI Vecteur Etalab) + BDTOPO_V3:foret_publique (IGN)"}}, {"type": "Feature", "geometry": {"type": "Polygon", "coordinates": [[[0.1954763, 43.5709059], [0.1944512, 43.5708662], [0.1944669, 43.5708162], [0.1954706, 43.5708711], [0.1954763, 43.5709059]]]}, "properties": {"kind": "prive_autorisation", "section": "B", "numero": "411", "contenance": 430, "source": "cadastre.data.gouv.fr (PCI Vecteur Etalab) + BDTOPO_V3:foret_publique (IGN)"}}, {"type": "Feature", "geometry": {"type": "Polygon", "coordinates": [[[0.195215, 43.5696242], [0.1953463, 43.5697311], [0.1954589, 43.5698288], [0.1955711, 43.5700211], [0.1955996, 43.5701369], [0.1952918, 43.5701743], [0.1952823, 43.5700055], [0.1952949, 43.56993], [0.1953173, 43.5698743], [0.195215, 43.5696242]]]}, "properties": {"kind": "prive_autorisation", "section": "B", "numero": "413", "contenance": 820, "source": "cadastre.data.gouv.fr (PCI Vecteur Etalab) + BDTOPO_V3:foret_publique (IGN)"}}, {"type": "Feature", "geometry": {"type": "Polygon", "coordinates": [[[0.1956358, 43.5711318], [0.1956686, 43.5711882], [0.1955702, 43.5712983], [0.1953312, 43.5715129], [0.1952077, 43.5715582], [0.1950869, 43.5716068], [0.1949685, 43.5716588], [0.1949207, 43.5716811], [0.1943658, 43.5719753], [0.1941973, 43.5721143], [0.1940741, 43.5719354], [0.1942238, 43.5718159], [0.1945706, 43.5716927], [0.1948097, 43.5715715], [0.1953211, 43.5713199], [0.1953521, 43.5713046], [0.1954242, 43.5711862], [0.195492, 43.5711176], [0.1956358, 43.5711318]]]}, "properties": {"kind": "prive_autorisation", "section": "B", "numero": "417", "contenance": 2578, "source": "cadastre.data.gouv.fr (PCI Vecteur Etalab) + BDTOPO_V3:foret_publique (IGN)"}}, {"type": "Feature", "geometry": {"type": "Polygon", "coordinates": [[[0.1991112, 43.5705488], [0.1992088, 43.570595], [0.1991788, 43.5706602], [0.1989927, 43.5710447], [0.1987173, 43.5709917], [0.1991112, 43.5705488]]]}, "properties": {"kind": "prive_autorisation", "section": "B", "numero": "312", "contenance": 901, "source": "cadastre.data.gouv.fr (PCI Vecteur Etalab) + BDTOPO_V3:foret_publique (IGN)"}}, {"type": "Feature", "geometry": {"type": "Polygon", "coordinates": [[[0.1963897, 43.5711382], [0.1962762, 43.5712036], [0.1961184, 43.5710284], [0.1962321, 43.5710141], [0.1963897, 43.5711382]]]}, "properties": {"kind": "prive_autorisation", "section": "B", "numero": "370", "contenance": 190, "source": "cadastre.data.gouv.fr (PCI Vecteur Etalab) + BDTOPO_V3:foret_publique (IGN)"}}, {"type": "Feature", "geometry": {"type": "Polygon", "coordinates": [[[0.2016319, 43.5721295], [0.2019572, 43.5723886], [0.2019624, 43.5723861], [0.2021768, 43.5725212], [0.201783, 43.5727292], [0.2013919, 43.5729402], [0.2011729, 43.5730606], [0.2005346, 43.5733259], [0.2004524, 43.5731476], [0.2003715, 43.5729845], [0.2003283, 43.5729469], [0.2001824, 43.5728187], [0.2016319, 43.5721295]]]}, "properties": {"kind": "bati", "section": "B", "numero": "418", "contenance": 9211, "source": "cadastre.data.gouv.fr (PCI Vecteur Etalab) + BDTOPO_V3:foret_publique (IGN)"}}, {"type": "Feature", "geometry": {"type": "Polygon", "coordinates": [[[0.1999187, 43.570517], [0.1999212, 43.5708127], [0.1996866, 43.570767], [0.1993113, 43.5706435], [0.1992088, 43.570595], [0.1991112, 43.5705488], [0.1991041, 43.5705454], [0.1992598, 43.5703829], [0.1999187, 43.570517]]]}, "properties": {"kind": "bati", "section": "B", "numero": "479", "contenance": 1790, "source": "cadastre.data.gouv.fr (PCI Vecteur Etalab) + BDTOPO_V3:foret_publique (IGN)"}}, {"type": "Feature", "geometry": {"type": "Polygon", "coordinates": [[[0.2029557, 43.5704565], [0.2035348, 43.5711223], [0.2033252, 43.5712004], [0.2027633, 43.5705595], [0.2029557, 43.5704565]]]}, "properties": {"kind": "prive_autorisation", "section": "B", "numero": "258", "contenance": 1753, "source": "cadastre.data.gouv.fr (PCI Vecteur Etalab) + BDTOPO_V3:foret_publique (IGN)"}}, {"type": "Feature", "geometry": {"type": "Polygon", "coordinates": [[[0.2014172, 43.5707217], [0.2014255, 43.5707294], [0.2013383, 43.5708631], [0.2011031, 43.5710299], [0.200571, 43.5709322], [0.2007625, 43.5706202], [0.2012625, 43.5706977], [0.2014172, 43.5707217]]]}, "properties": {"kind": "bati", "section": "B", "numero": "470", "contenance": 2015, "source": "cadastre.data.gouv.fr (PCI Vecteur Etalab) + BDTOPO_V3:foret_publique (IGN)"}}, {"type": "Feature", "geometry": {"type": "Polygon", "coordinates": [[[0.20063, 43.5704268], [0.2007346, 43.570424], [0.2008842, 43.5704008], [0.2010144, 43.570357], [0.2014172, 43.5707217], [0.2012625, 43.5706977], [0.2007625, 43.5706202], [0.200571, 43.5709322], [0.2003435, 43.5708904], [0.2005028, 43.5706325], [0.20063, 43.5704268]]]}, "properties": {"kind": "bati", "section": "B", "numero": "471", "contenance": 2144, "source": "cadastre.data.gouv.fr (PCI Vecteur Etalab) + BDTOPO_V3:foret_publique (IGN)"}}, {"type": "Feature", "geometry": {"type": "Polygon", "coordinates": [[[0.2013383, 43.5708631], [0.2011963, 43.5710806], [0.2011031, 43.5710299], [0.2013383, 43.5708631]]]}, "properties": {"kind": "prive_autorisation", "section": "B", "numero": "473", "contenance": 115, "source": "cadastre.data.gouv.fr (PCI Vecteur Etalab) + BDTOPO_V3:foret_publique (IGN)"}}, {"type": "Feature", "geometry": {"type": "Polygon", "coordinates": [[[0.2001182, 43.570554], [0.1999618, 43.5708191], [0.1999212, 43.5708127], [0.1999187, 43.570517], [0.1999187, 43.5705134], [0.2001182, 43.570554]]]}, "properties": {"kind": "prive_autorisation", "section": "B", "numero": "477", "contenance": 345, "source": "cadastre.data.gouv.fr (PCI Vecteur Etalab) + BDTOPO_V3:foret_publique (IGN)"}}, {"type": "Feature", "geometry": {"type": "Polygon", "coordinates": [[[0.2005028, 43.5706325], [0.2003435, 43.5708904], [0.1999618, 43.5708191], [0.2001182, 43.570554], [0.2005028, 43.5706325]]]}, "properties": {"kind": "prive_autorisation", "section": "B", "numero": "478", "contenance": 1005, "source": "cadastre.data.gouv.fr (PCI Vecteur Etalab) + BDTOPO_V3:foret_publique (IGN)"}}, {"type": "Feature", "geometry": {"type": "Polygon", "coordinates": [[[0.2027526, 43.5716373], [0.2027642, 43.571618], [0.2027991, 43.5715657], [0.2028385, 43.5715154], [0.2028543, 43.5714961], [0.2029792, 43.5714698], [0.2032569, 43.5716283], [0.2032204, 43.5716662], [0.2036552, 43.5719239], [0.2038488, 43.5720304], [0.2037174, 43.5720404], [0.2035901, 43.5720538], [0.203459, 43.5720679], [0.2034179, 43.5720429], [0.2029646, 43.5717679], [0.2028023, 43.5716736], [0.2028027, 43.5716697], [0.2027526, 43.5716373]]]}, "properties": {"kind": "bati", "section": "B", "numero": "488", "contenance": 2108, "source": "cadastre.data.gouv.fr (PCI Vecteur Etalab) + BDTOPO_V3:foret_publique (IGN)"}}, {"type": "Feature", "geometry": {"type": "Polygon", "coordinates": [[[0.202183, 43.5708709], [0.2027633, 43.5705595], [0.2033252, 43.5712004], [0.2031044, 43.5712801], [0.2030106, 43.5711887], [0.2028176, 43.5710967], [0.2027374, 43.5710961], [0.2028385, 43.5713782], [0.2027789, 43.5713993], [0.2026922, 43.5713414], [0.2024864, 43.5712038], [0.2024563, 43.5711835], [0.2023647, 43.5711224], [0.202183, 43.5708709]]]}, "properties": {"kind": "bati", "section": "B", "numero": "487", "contenance": 4100, "source": "cadastre.data.gouv.fr (PCI Vecteur Etalab) + BDTOPO_V3:foret_publique (IGN)"}}, {"type": "Feature", "geometry": {"type": "Polygon", "coordinates": [[[0.2042287, 43.5716257], [0.2036552, 43.5719239], [0.2032204, 43.5716662], [0.2032569, 43.5716283], [0.2029792, 43.5714698], [0.2028543, 43.5714961], [0.2028691, 43.571466], [0.2028385, 43.5713782], [0.2031044, 43.5712801], [0.2031317, 43.571306], [0.2031664, 43.5713178], [0.2031978, 43.5713192], [0.2032819, 43.5713081], [0.2034056, 43.5713046], [0.2036028, 43.5713653], [0.2042287, 43.5716257]]]}, "properties": {"kind": "prive_autorisation", "section": "B", "numero": "483", "contenance": 3832, "source": "cadastre.data.gouv.fr (PCI Vecteur Etalab) + BDTOPO_V3:foret_publique (IGN)"}}, {"type": "Feature", "geometry": {"type": "Polygon", "coordinates": [[[0.204359, 43.5715583], [0.2042287, 43.5716257], [0.2036028, 43.5713653], [0.2034056, 43.5713046], [0.2032819, 43.5713081], [0.2031978, 43.5713192], [0.2031664, 43.5713178], [0.2031317, 43.571306], [0.2031044, 43.5712801], [0.2033252, 43.5712004], [0.2035348, 43.5711223], [0.2038088, 43.5710213], [0.204359, 43.5715583]]]}, "properties": {"kind": "prive_autorisation", "section": "B", "numero": "484", "contenance": 2520, "source": "cadastre.data.gouv.fr (PCI Vecteur Etalab) + BDTOPO_V3:foret_publique (IGN)"}}, {"type": "Feature", "geometry": {"type": "Polygon", "coordinates": [[[0.2051292, 43.5720091], [0.2049411, 43.5721967], [0.2045691, 43.5721037], [0.2044219, 43.5720761], [0.2040597, 43.5720398], [0.2038488, 43.5720304], [0.2036552, 43.5719239], [0.2042287, 43.5716257], [0.2051292, 43.5720091]]]}, "properties": {"kind": "prive_autorisation", "section": "B", "numero": "481", "contenance": 3520, "source": "cadastre.data.gouv.fr (PCI Vecteur Etalab) + BDTOPO_V3:foret_publique (IGN)"}}, {"type": "Feature", "geometry": {"type": "Polygon", "coordinates": [[[0.2014255, 43.5707294], [0.2014707, 43.5707692], [0.2013383, 43.5708631], [0.2014255, 43.5707294]]]}, "properties": {"kind": "prive_autorisation", "section": "B", "numero": "472", "contenance": 41, "source": "cadastre.data.gouv.fr (PCI Vecteur Etalab) + BDTOPO_V3:foret_publique (IGN)"}}, {"type": "Feature", "geometry": {"type": "Polygon", "coordinates": [[[0.2014707, 43.5707692], [0.2016659, 43.5709422], [0.2013943, 43.5711313], [0.2016552, 43.5713294], [0.2019199, 43.5711451], [0.2021432, 43.5712939], [0.2023647, 43.5711224], [0.2024563, 43.5711835], [0.2024864, 43.5712038], [0.2026922, 43.5713414], [0.2027789, 43.5713993], [0.2028543, 43.5714961], [0.2028385, 43.5715154], [0.2027391, 43.5716286], [0.2026731, 43.5717345], [0.202611, 43.5718053], [0.2025442, 43.5718739], [0.2024699, 43.5719433], [0.2015196, 43.5712576], [0.2011963, 43.5710806], [0.2013383, 43.5708631], [0.2014707, 43.5707692]]]}, "properties": {"kind": "bati", "section": "B", "numero": "501", "contenance": 5505, "source": "cadastre.data.gouv.fr (PCI Vecteur Etalab) + BDTOPO_V3:foret_publique (IGN)"}}, {"type": "Feature", "geometry": {"type": "Polygon", "coordinates": [[[0.2016659, 43.5709422], [0.2018181, 43.5710771], [0.2019199, 43.5711451], [0.2016552, 43.5713294], [0.2013943, 43.5711313], [0.2016659, 43.5709422]]]}, "properties": {"kind": "prive_autorisation", "section": "B", "numero": "500", "contenance": 909, "source": "cadastre.data.gouv.fr (PCI Vecteur Etalab) + BDTOPO_V3:foret_publique (IGN)"}}, {"type": "Feature", "geometry": {"type": "Polygon", "coordinates": [[[0.2016659, 43.5709422], [0.2018589, 43.5708079], [0.2021197, 43.571006], [0.2019199, 43.5711451], [0.2018181, 43.5710771], [0.2016659, 43.5709422]]]}, "properties": {"kind": "prive_autorisation", "section": "B", "numero": "498", "contenance": 677, "source": "cadastre.data.gouv.fr (PCI Vecteur Etalab) + BDTOPO_V3:foret_publique (IGN)"}}, {"type": "Feature", "geometry": {"type": "Polygon", "coordinates": [[[0.2065678, 43.5711631], [0.2066205, 43.571125], [0.2071051, 43.5712589], [0.2070736, 43.571361], [0.2070523, 43.5714308], [0.2069868, 43.571632], [0.2069162, 43.5718324], [0.2068404, 43.5720318], [0.2063159, 43.5718404], [0.2063269, 43.5716877], [0.2062358, 43.5716286], [0.2063277, 43.5715229], [0.2065678, 43.5711631]]]}, "properties": {"kind": "prive_autorisation", "section": "B", "numero": "273", "contenance": 4392, "source": "cadastre.data.gouv.fr (PCI Vecteur Etalab) + BDTOPO_V3:foret_publique (IGN)"}}, {"type": "Feature", "geometry": {"type": "Polygon", "coordinates": [[[0.2063581, 43.5708794], [0.2065678, 43.5711631], [0.2063277, 43.5715229], [0.2062358, 43.5716286], [0.2058096, 43.5713392], [0.2059883, 43.5711631], [0.2063581, 43.5708794]]]}, "properties": {"kind": "prive_autorisation", "section": "B", "numero": "274", "contenance": 2538, "source": "cadastre.data.gouv.fr (PCI Vecteur Etalab) + BDTOPO_V3:foret_publique (IGN)"}}, {"type": "Feature", "geometry": {"type": "Polygon", "coordinates": [[[0.2031044, 43.5712801], [0.2028385, 43.5713782], [0.2027374, 43.5710961], [0.2028176, 43.5710967], [0.2030106, 43.5711887], [0.2031044, 43.5712801]]]}, "properties": {"kind": "prive_autorisation", "section": "B", "numero": "486", "contenance": 501, "source": "cadastre.data.gouv.fr (PCI Vecteur Etalab) + BDTOPO_V3:foret_publique (IGN)"}}, {"type": "Feature", "geometry": {"type": "Polygon", "coordinates": [[[0.2075717, 43.5709838], [0.2075719, 43.5708785], [0.2077233, 43.5703669], [0.2081808, 43.5704839], [0.2086411, 43.5707919], [0.2088453, 43.571368], [0.2083593, 43.5711873], [0.2080883, 43.5710983], [0.2078441, 43.5710421], [0.2075717, 43.5710285], [0.2075717, 43.5709838]]]}, "properties": {"kind": "prive_autorisation", "section": "B", "numero": "268", "contenance": 6272, "source": "cadastre.data.gouv.fr (PCI Vecteur Etalab) + BDTOPO_V3:foret_publique (IGN)"}}, {"type": "Feature", "geometry": {"type": "Polygon", "coordinates": [[[0.2075967, 43.5714467], [0.2079696, 43.5715111], [0.2076346, 43.5724318], [0.2073994, 43.5723923], [0.2074979, 43.5722246], [0.2073247, 43.5722034], [0.207495, 43.5718784], [0.2075967, 43.5714467]]]}, "properties": {"kind": "prive_autorisation", "section": "B", "numero": "270", "contenance": 2792, "source": "cadastre.data.gouv.fr (PCI Vecteur Etalab) + BDTOPO_V3:foret_publique (IGN)"}}, {"type": "Feature", "geometry": {"type": "Polygon", "coordinates": [[[0.2068404, 43.5720318], [0.2069162, 43.5718324], [0.2069868, 43.571632], [0.2070523, 43.5714308], [0.2070736, 43.571361], [0.2074567, 43.5714234], [0.2075967, 43.5714467], [0.207495, 43.5718784], [0.2073247, 43.5722034], [0.2068307, 43.5720585], [0.2068404, 43.5720318]]]}, "properties": {"kind": "prive_autorisation", "section": "B", "numero": "271", "contenance": 3768, "source": "cadastre.data.gouv.fr (PCI Vecteur Etalab) + BDTOPO_V3:foret_publique (IGN)"}}, {"type": "Feature", "geometry": {"type": "Polygon", "coordinates": [[[0.2071051, 43.5712589], [0.207115, 43.5710322], [0.2072908, 43.5710346], [0.2075717, 43.5709838], [0.2075717, 43.5710285], [0.2075715, 43.5711885], [0.2074567, 43.5714234], [0.2070736, 43.571361], [0.2071051, 43.5712589]]]}, "properties": {"kind": "prive_autorisation", "section": "B", "numero": "272", "contenance": 1642, "source": "cadastre.data.gouv.fr (PCI Vecteur Etalab) + BDTOPO_V3:foret_publique (IGN)"}}, {"type": "Feature", "geometry": {"type": "Polygon", "coordinates": [[[0.2098435, 43.5718247], [0.2116776, 43.5724589], [0.2115076, 43.572698], [0.2098753, 43.571947], [0.2098435, 43.5718247]]]}, "properties": {"kind": "prive_autorisation", "section": "B", "numero": "283", "contenance": 3142, "source": "cadastre.data.gouv.fr (PCI Vecteur Etalab) + BDTOPO_V3:foret_publique (IGN)"}}, {"type": "Feature", "geometry": {"type": "Polygon", "coordinates": [[[0.2103223, 43.5712239], [0.2100101, 43.5711254], [0.2096477, 43.5710151], [0.2092834, 43.5709084], [0.2092935, 43.570818], [0.2086509, 43.5706409], [0.2084024, 43.5706142], [0.2084545, 43.5703759], [0.2085474, 43.5704037], [0.2090902, 43.5705405], [0.2094979, 43.5706442], [0.210073, 43.5708395], [0.2105246, 43.5710223], [0.2103223, 43.5712239]]]}, "properties": {"kind": "prive_autorisation", "section": "B", "numero": "291", "contenance": 4779, "source": "cadastre.data.gouv.fr (PCI Vecteur Etalab) + BDTOPO_V3:foret_publique (IGN)"}}, {"type": "Feature", "geometry": {"type": "Polygon", "coordinates": [[[0.2088564, 43.5713649], [0.2086599, 43.5707864], [0.2084024, 43.5706142], [0.2086509, 43.5706409], [0.2092935, 43.570818], [0.2092834, 43.5709084], [0.2096477, 43.5710151], [0.2100101, 43.5711254], [0.2103223, 43.5712239], [0.209667, 43.5711446], [0.2089451, 43.5708824], [0.2090657, 43.5712823], [0.2088564, 43.5713649]]]}, "properties": {"kind": "prive_autorisation", "section": "B", "numero": "292", "contenance": 3100, "source": "cadastre.data.gouv.fr (PCI Vecteur Etalab) + BDTOPO_V3:foret_publique (IGN)"}}, {"type": "Feature", "geometry": {"type": "Polygon", "coordinates": [[[0.2084545, 43.5703759], [0.2084024, 43.5706142], [0.2082163, 43.5704831], [0.2078185, 43.5701908], [0.2077744, 43.5701662], [0.2078097, 43.5701036], [0.2080544, 43.5702218], [0.2082531, 43.5703093], [0.2084545, 43.5703759]]]}, "properties": {"kind": "prive_autorisation", "section": "B", "numero": "293", "contenance": 917, "source": "cadastre.data.gouv.fr (PCI Vecteur Etalab) + BDTOPO_V3:foret_publique (IGN)"}}, {"type": "Feature", "geometry": {"type": "Polygon", "coordinates": [[[0.2077233, 43.5703669], [0.2077717, 43.5701834], [0.2078837, 43.5702595], [0.2081808, 43.5704839], [0.2077233, 43.5703669]]]}, "properties": {"kind": "prive_autorisation", "section": "B", "numero": "294", "contenance": 384, "source": "cadastre.data.gouv.fr (PCI Vecteur Etalab) + BDTOPO_V3:foret_publique (IGN)"}}, {"type": "Feature", "geometry": {"type": "Polygon", "coordinates": [[[0.2117623, 43.5711761], [0.2117843, 43.5711848], [0.2118749, 43.5712213], [0.2122423, 43.5713686], [0.2121293, 43.571573], [0.2121806, 43.5715916], [0.2120562, 43.5718003], [0.2115773, 43.571677], [0.2117623, 43.5711761]]]}, "properties": {"kind": "bati", "section": "B", "numero": "285", "contenance": 2314, "source": "cadastre.data.gouv.fr (PCI Vecteur Etalab) + BDTOPO_V3:foret_publique (IGN)"}}, {"type": "Feature", "geometry": {"type": "Polygon", "coordinates": [[[0.2123884, 43.5708964], [0.2122268, 43.5710885], [0.2124885, 43.5712135], [0.2123612, 43.5713508], [0.2122759, 43.5714453], [0.2121806, 43.5715916], [0.2121293, 43.571573], [0.2122423, 43.5713686], [0.2118749, 43.5712213], [0.2117843, 43.5711848], [0.2117623, 43.5711761], [0.2118174, 43.5710276], [0.2120152, 43.5707477], [0.2123884, 43.5708964]]]}, "properties": {"kind": "bati", "section": "B", "numero": "286", "contenance": 1829, "source": "cadastre.data.gouv.fr (PCI Vecteur Etalab) + BDTOPO_V3:foret_publique (IGN)"}}, {"type": "Feature", "geometry": {"type": "Polygon", "coordinates": [[[0.2123884, 43.5708964], [0.2127088, 43.571024], [0.2124885, 43.5712135], [0.2122268, 43.5710885], [0.2123884, 43.5708964]]]}, "properties": {"kind": "prive_autorisation", "section": "B", "numero": "287", "contenance": 726, "source": "cadastre.data.gouv.fr (PCI Vecteur Etalab) + BDTOPO_V3:foret_publique (IGN)"}}, {"type": "Feature", "geometry": {"type": "Polygon", "coordinates": [[[0.210782, 43.5714719], [0.2103223, 43.5712239], [0.2105246, 43.5710223], [0.2110795, 43.5712457], [0.210782, 43.5714719]]]}, "properties": {"kind": "prive_autorisation", "section": "B", "numero": "290", "contenance": 1452, "source": "cadastre.data.gouv.fr (PCI Vecteur Etalab) + BDTOPO_V3:foret_publique (IGN)"}}, {"type": "Feature", "geometry": {"type": "Polygon", "coordinates": [[[0.1915444, 43.5726279], [0.1914602, 43.5727882], [0.1914209, 43.5728574], [0.191285, 43.5727978], [0.1911456, 43.5727441], [0.1909605, 43.57271], [0.1911722, 43.5723083], [0.1916412, 43.572441], [0.1915444, 43.5726279]]]}, "properties": {"kind": "prive_autorisation", "section": "B", "numero": "198", "contenance": 1930, "source": "cadastre.data.gouv.fr (PCI Vecteur Etalab) + BDTOPO_V3:foret_publique (IGN)"}}, {"type": "Feature", "geometry": {"type": "Polygon", "coordinates": [[[0.1918293, 43.5730545], [0.1914209, 43.5728574], [0.1914602, 43.5727882], [0.1915444, 43.5726279], [0.1919694, 43.5729035], [0.1918293, 43.5730545]]]}, "properties": {"kind": "prive_autorisation", "section": "B", "numero": "199", "contenance": 987, "source": "cadastre.data.gouv.fr (PCI Vecteur Etalab) + BDTOPO_V3:foret_publique (IGN)"}}, {"type": "Feature", "geometry": {"type": "Polygon", "coordinates": [[[0.1923877, 43.5725817], [0.1924061, 43.5725557], [0.193258, 43.5729795], [0.1932056, 43.5730302], [0.1923658, 43.5726128], [0.1923877, 43.5725817]]]}, "properties": {"kind": "prive_autorisation", "section": "B", "numero": "201", "contenance": 581, "source": "cadastre.data.gouv.fr (PCI Vecteur Etalab) + BDTOPO_V3:foret_publique (IGN)"}}, {"type": "Feature", "geometry": {"type": "Polygon", "coordinates": [[[0.1934008, 43.5725827], [0.1933999, 43.5726773], [0.1932949, 43.5729132], [0.193295, 43.5729436], [0.193258, 43.5729795], [0.1924061, 43.5725557], [0.1923877, 43.5725817], [0.1922935, 43.5725149], [0.1922232, 43.572361], [0.1928376, 43.5722433], [0.1931807, 43.5721601], [0.1934251, 43.572337], [0.1934805, 43.5723213], [0.1934023, 43.572555], [0.1934008, 43.5725827]]]}, "properties": {"kind": "prive_autorisation", "section": "B", "numero": "202", "contenance": 4940, "source": "cadastre.data.gouv.fr (PCI Vecteur Etalab) + BDTOPO_V3:foret_publique (IGN)"}}, {"type": "Feature", "geometry": {"type": "Polygon", "coordinates": [[[0.1939143, 43.5719931], [0.1940741, 43.5719354], [0.1941973, 43.5721143], [0.1941198, 43.5721415], [0.1934805, 43.5723213], [0.1934251, 43.572337], [0.1931807, 43.5721601], [0.1931722, 43.5721538], [0.1934043, 43.5720977], [0.1939143, 43.5719931]]]}, "properties": {"kind": "prive_autorisation", "section": "B", "numero": "215", "contenance": 1720, "source": "cadastre.data.gouv.fr (PCI Vecteur Etalab) + BDTOPO_V3:foret_publique (IGN)"}}, {"type": "Feature", "geometry": {"type": "Polygon", "coordinates": [[[0.1920809, 43.5723861], [0.1916412, 43.572441], [0.1911722, 43.5723083], [0.1914453, 43.5717835], [0.191716, 43.5717257], [0.1919882, 43.5716717], [0.1920788, 43.5716547], [0.1920809, 43.5723861]]]}, "properties": {"kind": "prive_autorisation", "section": "B", "numero": "348", "contenance": 4652, "source": "cadastre.data.gouv.fr (PCI Vecteur Etalab) + BDTOPO_V3:foret_publique (IGN)"}}, {"type": "Feature", "geometry": {"type": "Polygon", "coordinates": [[[0.1934008, 43.5725827], [0.1934023, 43.572555], [0.1934805, 43.5723213], [0.1941198, 43.5721415], [0.1941973, 43.5721143], [0.1940637, 43.5724337], [0.1934008, 43.5725827]]]}, "properties": {"kind": "prive_autorisation", "section": "B", "numero": "216", "contenance": 1636, "source": "cadastre.data.gouv.fr (PCI Vecteur Etalab) + BDTOPO_V3:foret_publique (IGN)"}}, {"type": "Feature", "geometry": {"type": "Polygon", "coordinates": [[[0.1954265, 43.5722112], [0.1953019, 43.5721817], [0.1954214, 43.572019], [0.1954851, 43.5717869], [0.1958916, 43.5718963], [0.1956452, 43.572262], [0.1954265, 43.5722112]]]}, "properties": {"kind": "prive_autorisation", "section": "B", "numero": "221", "contenance": 1141, "source": "cadastre.data.gouv.fr (PCI Vecteur Etalab) + BDTOPO_V3:foret_publique (IGN)"}}, {"type": "Feature", "geometry": {"type": "Polygon", "coordinates": [[[0.1956452, 43.572262], [0.1958916, 43.5718963], [0.1960047, 43.5719265], [0.196007, 43.5718701], [0.1967253, 43.5721185], [0.1966447, 43.5721891], [0.1965606, 43.5727122], [0.1957495, 43.5725596], [0.1957651, 43.5722898], [0.1956452, 43.572262]]]}, "properties": {"kind": "prive_autorisation", "section": "B", "numero": "225", "contenance": 5142, "source": "cadastre.data.gouv.fr (PCI Vecteur Etalab) + BDTOPO_V3:foret_publique (IGN)"}}, {"type": "Feature", "geometry": {"type": "Polygon", "coordinates": [[[0.1964147, 43.5730641], [0.1970914, 43.5733459], [0.1970949, 43.5737287], [0.1965538, 43.5735546], [0.1965362, 43.5735843], [0.1970025, 43.573942], [0.1971988, 43.5741541], [0.1960415, 43.573995], [0.1960727, 43.5738729], [0.1962234, 43.5735023], [0.1964147, 43.5730641]]]}, "properties": {"kind": "prive_autorisation", "section": "B", "numero": "228", "contenance": 6257, "source": "cadastre.data.gouv.fr (PCI Vecteur Etalab) + BDTOPO_V3:foret_publique (IGN)"}}, {"type": "Feature", "geometry": {"type": "Polygon", "coordinates": [[[0.1965492, 43.5728], [0.1970914, 43.5730567], [0.1970914, 43.5733459], [0.1964147, 43.5730641], [0.1965178, 43.5729441], [0.1965357, 43.5729068], [0.1965492, 43.5728]]]}, "properties": {"kind": "prive_autorisation", "section": "B", "numero": "227", "contenance": 1652, "source": "cadastre.data.gouv.fr (PCI Vecteur Etalab) + BDTOPO_V3:foret_publique (IGN)"}}, {"type": "Feature", "geometry": {"type": "Polygon", "coordinates": [[[0.198182, 43.5737349], [0.1986092, 43.5736287], [0.1985008, 43.5741635], [0.1984762, 43.5741739], [0.1983774, 43.5742026], [0.1980598, 43.5742849], [0.1977422, 43.5743526], [0.1975681, 43.5743838], [0.1972463, 43.5744265], [0.1971988, 43.5741541], [0.1976762, 43.5741251], [0.1976328, 43.573795], [0.1977871, 43.5737957], [0.1980442, 43.5737683], [0.198182, 43.5737349]]]}, "properties": {"kind": "prive_autorisation", "section": "B", "numero": "230", "contenance": 5355, "source": "cadastre.data.gouv.fr (PCI Vecteur Etalab) + BDTOPO_V3:foret_publique (IGN)"}}, {"type": "Feature", "geometry": {"type": "Polygon", "coordinates": [[[0.1975635, 43.5732785], [0.1976328, 43.573795], [0.1974878, 43.5737954], [0.1970949, 43.5737287], [0.1970914, 43.5733459], [0.1970914, 43.5730567], [0.1975635, 43.5732785]]]}, "properties": {"kind": "prive_autorisation", "section": "B", "numero": "232", "contenance": 2673, "source": "cadastre.data.gouv.fr (PCI Vecteur Etalab) + BDTOPO_V3:foret_publique (IGN)"}}, {"type": "Feature", "geometry": {"type": "Polygon", "coordinates": [[[0.198182, 43.5737349], [0.1980111, 43.5729459], [0.1985903, 43.572872], [0.1986069, 43.5735022], [0.1986359, 43.5734921], [0.1986092, 43.5736287], [0.198182, 43.5737349]]]}, "properties": {"kind": "prive_autorisation", "section": "B", "numero": "233", "contenance": 3604, "source": "cadastre.data.gouv.fr (PCI Vecteur Etalab) + BDTOPO_V3:foret_publique (IGN)"}}, {"type": "Feature", "geometry": {"type": "Polygon", "coordinates": [[[0.1984671, 43.5718782], [0.1984413, 43.5717853], [0.1991638, 43.5718099], [0.1992313, 43.5718353], [0.1992983, 43.5718798], [0.1992973, 43.5719084], [0.1993186, 43.5719338], [0.1993349, 43.5719278], [0.1993694, 43.5719888], [0.1991342, 43.5719895], [0.1988773, 43.5719551], [0.1987298, 43.571924], [0.1985807, 43.5718965], [0.1984671, 43.5718782]]]}, "properties": {"kind": "prive_autorisation", "section": "B", "numero": "235", "contenance": 1121, "source": "cadastre.data.gouv.fr (PCI Vecteur Etalab) + BDTOPO_V3:foret_publique (IGN)"}}, {"type": "Feature", "geometry": {"type": "Polygon", "coordinates": [[[0.1984671, 43.5718782], [0.1985807, 43.5718965], [0.1987298, 43.571924], [0.1988773, 43.5719551], [0.1991342, 43.5719895], [0.1993694, 43.5719888], [0.1995933, 43.5722446], [0.1985717, 43.5722931], [0.1984671, 43.5718782]]]}, "properties": {"kind": "prive_autorisation", "section": "B", "numero": "236", "contenance": 2683, "source": "cadastre.data.gouv.fr (PCI Vecteur Etalab) + BDTOPO_V3:foret_publique (IGN)"}}, {"type": "Feature", "geometry": {"type": "Polygon", "coordinates": [[[0.1985717, 43.5722931], [0.1995933, 43.5722446], [0.1998109, 43.5724874], [0.2000113, 43.5726676], [0.1985903, 43.572872], [0.1985717, 43.5722931]]]}, "properties": {"kind": "prive_autorisation", "section": "B", "numero": "237", "contenance": 5740, "source": "cadastre.data.gouv.fr (PCI Vecteur Etalab) + BDTOPO_V3:foret_publique (IGN)"}}, {"type": "Feature", "geometry": {"type": "Polygon", "coordinates": [[[0.1985903, 43.572872], [0.2000113, 43.5726676], [0.200105, 43.5727504], [0.1996511, 43.5729245], [0.1997686, 43.5731582], [0.1991999, 43.5732957], [0.1991318, 43.5733194], [0.1986359, 43.5734921], [0.1986069, 43.5735022], [0.1985903, 43.572872]]]}, "properties": {"kind": "prive_autorisation", "section": "B", "numero": "238", "contenance": 5780, "source": "cadastre.data.gouv.fr (PCI Vecteur Etalab) + BDTOPO_V3:foret_publique (IGN)"}}, {"type": "Feature", "geometry": {"type": "Polygon", "coordinates": [[[0.1985008, 43.5741635], [0.1986092, 43.5736287], [0.1986359, 43.5734921], [0.1991318, 43.5733194], [0.1991826, 43.573659], [0.1998831, 43.5733446], [0.2000079, 43.5735463], [0.1985008, 43.5741635]]]}, "properties": {"kind": "prive_autorisation", "section": "B", "numero": "239", "contenance": 4930, "source": "cadastre.data.gouv.fr (PCI Vecteur Etalab) + BDTOPO_V3:foret_publique (IGN)"}}, {"type": "Feature", "geometry": {"type": "Polygon", "coordinates": [[[0.2003283, 43.5729469], [0.2003715, 43.5729845], [0.2004524, 43.5731476], [0.2005346, 43.5733259], [0.2000079, 43.5735463], [0.1998831, 43.5733446], [0.1991826, 43.573659], [0.1991318, 43.5733194], [0.1991999, 43.5732957], [0.1997686, 43.5731582], [0.2003283, 43.5729469]]]}, "properties": {"kind": "prive_autorisation", "section": "B", "numero": "240", "contenance": 4115, "source": "cadastre.data.gouv.fr (PCI Vecteur Etalab) + BDTOPO_V3:foret_publique (IGN)"}}, {"type": "Feature", "geometry": {"type": "Polygon", "coordinates": [[[0.1998109, 43.5724874], [0.1995933, 43.5722446], [0.1993694, 43.5719888], [0.2000322, 43.5718643], [0.2015704, 43.5720856], [0.2004552, 43.5721566], [0.1998109, 43.5724874]]]}, "properties": {"kind": "prive_autorisation", "section": "B", "numero": "243", "contenance": 4846, "source": "cadastre.data.gouv.fr (PCI Vecteur Etalab) + BDTOPO_V3:foret_publique (IGN)"}}, {"type": "Feature", "geometry": {"type": "Polygon", "coordinates": [[[0.1956642, 43.5711347], [0.1956686, 43.5711882], [0.1956358, 43.5711318], [0.1956642, 43.5711347]]]}, "properties": {"kind": "prive_autorisation", "section": "B", "numero": "414", "contenance": 10, "source": "cadastre.data.gouv.fr (PCI Vecteur Etalab) + BDTOPO_V3:foret_publique (IGN)"}}, {"type": "Feature", "geometry": {"type": "Polygon", "coordinates": [[[0.2001824, 43.5728187], [0.2003283, 43.5729469], [0.1997686, 43.5731582], [0.1996511, 43.5729245], [0.200105, 43.5727504], [0.2001824, 43.5728187]]]}, "properties": {"kind": "prive_autorisation", "section": "B", "numero": "241", "contenance": 1240, "source": "cadastre.data.gouv.fr (PCI Vecteur Etalab) + BDTOPO_V3:foret_publique (IGN)"}}, {"type": "Feature", "geometry": {"type": "Polygon", "coordinates": [[[0.2019624, 43.5723861], [0.2025909, 43.5720828], [0.2027828, 43.5722218], [0.2026329, 43.5722886], [0.2024857, 43.5723587], [0.2023412, 43.572432], [0.2021768, 43.5725212], [0.2019624, 43.5723861]]]}, "properties": {"kind": "prive_autorisation", "section": "B", "numero": "246", "contenance": 1294, "source": "cadastre.data.gouv.fr (PCI Vecteur Etalab) + BDTOPO_V3:foret_publique (IGN)"}}, {"type": "Feature", "geometry": {"type": "Polygon", "coordinates": [[[0.2028023, 43.5716736], [0.2029646, 43.5717679], [0.2034179, 43.5720429], [0.203459, 43.5720679], [0.2031754, 43.5721114], [0.2030509, 43.5721434], [0.2029703, 43.5721644], [0.2028916, 43.572189], [0.202864, 43.5721987], [0.2028127, 43.5721864], [0.2025659, 43.5719785], [0.2026641, 43.5718592], [0.2028023, 43.5716736]]]}, "properties": {"kind": "bati", "section": "B", "numero": "247", "contenance": 2131, "source": "cadastre.data.gouv.fr (PCI Vecteur Etalab) + BDTOPO_V3:foret_publique (IGN)"}}, {"type": "Feature", "geometry": {"type": "Polygon", "coordinates": [[[0.2025079, 43.5720228], [0.2025909, 43.5720828], [0.2019624, 43.5723861], [0.2019572, 43.5723886], [0.2016319, 43.5721295], [0.2022046, 43.5718634], [0.2024013, 43.5719858], [0.2025079, 43.5720228]]]}, "properties": {"kind": "prive_autorisation", "section": "B", "numero": "419", "contenance": 2164, "source": "cadastre.data.gouv.fr (PCI Vecteur Etalab) + BDTOPO_V3:foret_publique (IGN)"}}, {"type": "Feature", "geometry": {"type": "Polygon", "coordinates": [[[0.2066888, 43.5723395], [0.2062906, 43.5728939], [0.2059018, 43.572672], [0.2060683, 43.5724401], [0.2063581, 43.5721763], [0.2066888, 43.5723395]]]}, "properties": {"kind": "prive_autorisation", "section": "B", "numero": "276", "contenance": 2553, "source": "cadastre.data.gouv.fr (PCI Vecteur Etalab) + BDTOPO_V3:foret_publique (IGN)"}}, {"type": "Feature", "geometry": {"type": "Polygon", "coordinates": [[[0.2066888, 43.5723395], [0.2071105, 43.5725124], [0.2071034, 43.5725207], [0.2066319, 43.5730789], [0.2062906, 43.5728939], [0.2066888, 43.5723395]]]}, "properties": {"kind": "prive_autorisation", "section": "B", "numero": "277", "contenance": 2699, "source": "cadastre.data.gouv.fr (PCI Vecteur Etalab) + BDTOPO_V3:foret_publique (IGN)"}}, {"type": "Feature", "geometry": {"type": "Polygon", "coordinates": [[[0.2028543, 43.5714961], [0.2027789, 43.5713993], [0.2028385, 43.5713782], [0.2028691, 43.571466], [0.2028543, 43.5714961]]]}, "properties": {"kind": "prive_autorisation", "section": "B", "numero": "485", "contenance": 51, "source": "cadastre.data.gouv.fr (PCI Vecteur Etalab) + BDTOPO_V3:foret_publique (IGN)"}}, {"type": "Feature", "geometry": {"type": "Polygon", "coordinates": [[[0.2027526, 43.5716373], [0.2027391, 43.5716286], [0.2028385, 43.5715154], [0.2027991, 43.5715657], [0.2027642, 43.571618], [0.2027526, 43.5716373]]]}, "properties": {"kind": "prive_autorisation", "section": "B", "numero": "489", "contenance": 20, "source": "cadastre.data.gouv.fr (PCI Vecteur Etalab) + BDTOPO_V3:foret_publique (IGN)"}}, {"type": "Feature", "geometry": {"type": "Polygon", "coordinates": [[[0.2068307, 43.5720585], [0.2073247, 43.5722034], [0.2074979, 43.5722246], [0.2073994, 43.5723923], [0.2073169, 43.5725332], [0.2071034, 43.5725207], [0.2071105, 43.5725124], [0.2066888, 43.5723395], [0.2068307, 43.5720585]]]}, "properties": {"kind": "prive_autorisation", "section": "B", "numero": "278", "contenance": 2050, "source": "cadastre.data.gouv.fr (PCI Vecteur Etalab) + BDTOPO_V3:foret_publique (IGN)"}}, {"type": "Feature", "geometry": {"type": "Polygon", "coordinates": [[[0.2076346, 43.5724318], [0.2076878, 43.5724405], [0.2072435, 43.5734172], [0.2070483, 43.5733042], [0.2068496, 43.5731942], [0.2066319, 43.5730789], [0.2071034, 43.5725207], [0.2073169, 43.5725332], [0.2073994, 43.5723923], [0.2076346, 43.5724318]]]}, "properties": {"kind": "bati", "section": "B", "numero": "279", "contenance": 4965, "source": "cadastre.data.gouv.fr (PCI Vecteur Etalab) + BDTOPO_V3:foret_publique (IGN)"}}, {"type": "Feature", "geometry": {"type": "Polygon", "coordinates": [[[0.2106456, 43.573554], [0.2104256, 43.5736099], [0.2102169, 43.5736584], [0.2101631, 43.5736709], [0.2100694, 43.5733916], [0.2102456, 43.5733409], [0.2104728, 43.5734618], [0.2106456, 43.573554]]]}, "properties": {"kind": "bati", "section": "B", "numero": "282", "contenance": 907, "source": "cadastre.data.gouv.fr (PCI Vecteur Etalab) + BDTOPO_V3:foret_publique (IGN)"}}, {"type": "Feature", "geometry": {"type": "Polygon", "coordinates": [[[0.1960415, 43.573995], [0.1971988, 43.5741541], [0.1972463, 43.5744265], [0.1970199, 43.5744359], [0.196538, 43.5744164], [0.1961275, 43.574367], [0.1959532, 43.5743415], [0.1960415, 43.573995]]]}, "properties": {"kind": "prive_autorisation", "section": "B", "numero": "229", "contenance": 3871, "source": "cadastre.data.gouv.fr (PCI Vecteur Etalab) + BDTOPO_V3:foret_publique (IGN)"}}, {"type": "Feature", "geometry": {"type": "Polygon", "coordinates": [[[0.1976328, 43.573795], [0.1976762, 43.5741251], [0.1971988, 43.5741541], [0.1970025, 43.573942], [0.1965362, 43.5735843], [0.1965538, 43.5735546], [0.1970949, 43.5737287], [0.1974878, 43.5737954], [0.1976328, 43.573795]]]}, "properties": {"kind": "prive_autorisation", "section": "B", "numero": "231", "contenance": 2607, "source": "cadastre.data.gouv.fr (PCI Vecteur Etalab) + BDTOPO_V3:foret_publique (IGN)"}}, {"type": "Feature", "geometry": {"type": "Polygon", "coordinates": [[[0.2094663, 43.5738547], [0.2091807, 43.5739345], [0.2090156, 43.5739547], [0.2088246, 43.5739434], [0.2086472, 43.5739298], [0.208335, 43.5738688], [0.2081441, 43.5738147], [0.2083163, 43.5738505], [0.2085367, 43.5737856], [0.2088333, 43.5737738], [0.2090682, 43.5739068], [0.2094663, 43.5738547]]]}, "properties": {"kind": "prive_autorisation", "section": "B", "numero": "343", "contenance": 826, "source": "cadastre.data.gouv.fr (PCI Vecteur Etalab) + BDTOPO_V3:foret_publique (IGN)"}}, {"type": "Feature", "geometry": {"type": "Polygon", "coordinates": [[[0.1821353, 43.5601551], [0.1820712, 43.5601224], [0.1815341, 43.559842], [0.1823876, 43.5588259], [0.1828782, 43.5582206], [0.1834157, 43.5575393], [0.183452, 43.5575508], [0.1839513, 43.5577129], [0.1848065, 43.5581334], [0.1848103, 43.5581419], [0.1828898, 43.5595801], [0.1825122, 43.5598717], [0.1821924, 43.5600708], [0.1821353, 43.5601551]]]}, "properties": {"kind": "prive_autorisation", "section": "B", "numero": "329", "contenance": 28691, "source": "cadastre.data.gouv.fr (PCI Vecteur Etalab) + BDTOPO_V3:foret_publique (IGN)"}}, {"type": "Feature", "geometry": {"type": "Polygon", "coordinates": [[[0.1834157, 43.5575393], [0.1828782, 43.5582206], [0.1823876, 43.5588259], [0.1815341, 43.559842], [0.1812504, 43.5596939], [0.1809076, 43.55968], [0.1809702, 43.5595658], [0.181359, 43.5589557], [0.1814648, 43.558743], [0.1818311, 43.5580919], [0.18188, 43.5577796], [0.1815305, 43.5569422], [0.1819546, 43.5570079], [0.1819213, 43.5570481], [0.1822957, 43.5571847], [0.1834157, 43.5575393]]]}, "properties": {"kind": "prive_autorisation", "section": "B", "numero": "443", "contenance": 25187, "source": "cadastre.data.gouv.fr (PCI Vecteur Etalab) + BDTOPO_V3:foret_publique (IGN)"}}, {"type": "Feature", "geometry": {"type": "Polygon", "coordinates": [[[0.1848103, 43.5581419], [0.1848065, 43.5581334], [0.1839513, 43.5577129], [0.183452, 43.5575508], [0.1836746, 43.557068], [0.1836794, 43.5570574], [0.1838417, 43.557115], [0.1838361, 43.5571253], [0.1840471, 43.5572002], [0.1844243, 43.5573256], [0.184546, 43.5573642], [0.1847561, 43.5574094], [0.1847944, 43.5574272], [0.184879, 43.5574948], [0.1849605, 43.5575377], [0.1850479, 43.5575742], [0.1851029, 43.557593], [0.1851997, 43.557641], [0.1852902, 43.5576952], [0.1853341, 43.5577252], [0.1853637, 43.5578006], [0.1853456, 43.5578972], [0.1853376, 43.5579944], [0.1853412, 43.5581008], [0.1852873, 43.5584571], [0.1854174, 43.5589116], [0.1854479, 43.559124], [0.185468, 43.5593372], [0.1854775, 43.5595506], [0.1854782, 43.5596778], [0.1855214, 43.5598003], [0.1852886, 43.559888], [0.1849976, 43.5591278], [0.1851177, 43.5588508], [0.1848103, 43.5581419]]]}, "properties": {"kind": "prive_autorisation", "section": "B", "numero": "323", "contenance": 14686, "source": "cadastre.data.gouv.fr (PCI Vecteur Etalab) + BDTOPO_V3:foret_publique (IGN)"}}, {"type": "Feature", "geometry": {"type": "Polygon", "coordinates": [[[0.1841981, 43.5623875], [0.1839602, 43.5619366], [0.1838233, 43.561622], [0.1833575, 43.5609662], [0.182924, 43.560482], [0.1832577, 43.5603679], [0.1836027, 43.5602919], [0.1844541, 43.5601252], [0.1851165, 43.5599823], [0.1854094, 43.5599033], [0.1855486, 43.559848], [0.1859632, 43.5602915], [0.1863789, 43.560686], [0.1866323, 43.5611208], [0.1867335, 43.5612442], [0.1867751, 43.5613159], [0.1867724, 43.5614074], [0.1868187, 43.5614613], [0.1868613, 43.561557], [0.1868472, 43.561619], [0.1867768, 43.5617431], [0.1866662, 43.5617872], [0.1862006, 43.5618756], [0.1856736, 43.5619746], [0.1853274, 43.5620388], [0.1851557, 43.5620708], [0.1848454, 43.5621274], [0.1846975, 43.562167], [0.1844019, 43.5622967], [0.1841981, 43.5623875]]]}, "properties": {"kind": "prive_autorisation", "section": "B", "numero": "441", "contenance": 53031, "source": "cadastre.data.gouv.fr (PCI Vecteur Etalab) + BDTOPO_V3:foret_publique (IGN)"}}, {"type": "Feature", "geometry": {"type": "Polygon", "coordinates": [[[0.1825122, 43.5598717], [0.1828898, 43.5595801], [0.1848103, 43.5581419], [0.1851177, 43.5588508], [0.1849976, 43.5591278], [0.1852886, 43.559888], [0.1852247, 43.5599093], [0.1837777, 43.5601948], [0.1833318, 43.5602883], [0.1829706, 43.5603936], [0.1829151, 43.560327], [0.1827048, 43.560088], [0.1825122, 43.5598717]]]}, "properties": {"kind": "prive_autorisation", "section": "B", "numero": "322", "contenance": 28450, "source": "cadastre.data.gouv.fr (PCI Vecteur Etalab) + BDTOPO_V3:foret_publique (IGN)"}}, {"type": "Feature", "geometry": {"type": "Polygon", "coordinates": [[[0.183452, 43.5575508], [0.1834157, 43.5575393], [0.1822957, 43.5571847], [0.1819213, 43.5570481], [0.1819546, 43.5570079], [0.1815305, 43.5569422], [0.1814721, 43.5568007], [0.1823332, 43.5560704], [0.1824135, 43.5558188], [0.1824175, 43.5558058], [0.1824419, 43.5558555], [0.1824544, 43.5559289], [0.1825346, 43.5560443], [0.1825755, 43.5560839], [0.1827932, 43.5562274], [0.1828464, 43.5563761], [0.1828798, 43.5564337], [0.1831102, 43.5567035], [0.1832719, 43.5568654], [0.1833716, 43.5569307], [0.1835495, 43.5570112], [0.1836794, 43.5570574], [0.1836746, 43.557068], [0.183452, 43.5575508]]]}, "properties": {"kind": "prive_autorisation", "section": "B", "numero": "421", "contenance": 14665, "source": "cadastre.data.gouv.fr (PCI Vecteur Etalab) + BDTOPO_V3:foret_publique (IGN)"}}, {"type": "Feature", "geometry": {"type": "Polygon", "coordinates": [[[0.1814721, 43.5568007], [0.1814344, 43.5566405], [0.181397, 43.5562678], [0.1813073, 43.5559938], [0.1812138, 43.5557385], [0.1811244, 43.5555272], [0.1809797, 43.5552995], [0.1807823, 43.5548296], [0.1807953, 43.5547966], [0.1812118, 43.5545111], [0.1812586, 43.5544521], [0.1812679, 43.5544417], [0.1813044, 43.554451], [0.181349, 43.5545305], [0.1814023, 43.5546072], [0.1814629, 43.5546635], [0.1815941, 43.5547692], [0.1816745, 43.5548085], [0.1817313, 43.5548417], [0.1818125, 43.5549159], [0.1818331, 43.5549448], [0.1818646, 43.5549888], [0.181968, 43.5550813], [0.1821714, 43.5552194], [0.1823499, 43.555387], [0.1823981, 43.5554408], [0.1824166, 43.555478], [0.1823865, 43.5556698], [0.182386, 43.5557413], [0.1824175, 43.5558058], [0.1824135, 43.5558188], [0.1823332, 43.5560704], [0.1814721, 43.5568007]]]}, "properties": {"kind": "prive_autorisation", "section": "B", "numero": "325", "contenance": 17330, "source": "cadastre.data.gouv.fr (PCI Vecteur Etalab) + BDTOPO_V3:foret_publique (IGN)"}}, {"type": "Feature", "geometry": {"type": "Polygon", "coordinates": [[[0.1841981, 43.5623875], [0.1837865, 43.5625687], [0.1834626, 43.5627119], [0.1833386, 43.5626833], [0.1828571, 43.5625375], [0.1825004, 43.5623964], [0.1823802, 43.5623229], [0.1816963, 43.5618707], [0.1816387, 43.5618231], [0.1816255, 43.5617328], [0.1816649, 43.5615004], [0.1817548, 43.5611461], [0.1818291, 43.5610399], [0.1820349, 43.5609073], [0.182924, 43.560482], [0.1833575, 43.5609662], [0.1838233, 43.561622], [0.1839602, 43.5619366], [0.1841981, 43.5623875]]]}, "properties": {"kind": "prive_autorisation", "section": "B", "numero": "422", "contenance": 31240, "source": "cadastre.data.gouv.fr (PCI Vecteur Etalab) + BDTOPO_V3:foret_publique (IGN)"}}, {"type": "Feature", "geometry": {"type": "Polygon", "coordinates": [[[0.1821353, 43.5601551], [0.1821924, 43.5600708], [0.1825122, 43.5598717], [0.1827048, 43.560088], [0.1824167, 43.5602342], [0.1823366, 43.5602748], [0.1821353, 43.5601551]]]}, "properties": {"kind": "prive_autorisation", "section": "B", "numero": "330", "contenance": 1054, "source": "cadastre.data.gouv.fr (PCI Vecteur Etalab) + BDTOPO_V3:foret_publique (IGN)"}}, {"type": "Feature", "geometry": {"type": "Polygon", "coordinates": [[[0.1821353, 43.5601551], [0.1823366, 43.5602748], [0.1825352, 43.5605153], [0.1829151, 43.560327], [0.1829706, 43.5603936], [0.1829025, 43.5604192], [0.1825585, 43.5605966], [0.1819638, 43.5608745], [0.1817023, 43.5610256], [0.1812124, 43.5608236], [0.1812062, 43.5608114], [0.1815092, 43.560478], [0.1815441, 43.5604396], [0.1816568, 43.5603154], [0.1818202, 43.5603233], [0.1818562, 43.5603251], [0.1819538, 43.5602556], [0.1820883, 43.5601601], [0.1820712, 43.5601224], [0.1821353, 43.5601551]]]}, "properties": {"kind": "bati", "section": "B", "numero": "332", "contenance": 6075, "source": "cadastre.data.gouv.fr (PCI Vecteur Etalab) + BDTOPO_V3:foret_publique (IGN)"}}, {"type": "Feature", "geometry": {"type": "Polygon", "coordinates": [[[0.1815341, 43.559842], [0.1820712, 43.5601224], [0.1820883, 43.5601601], [0.1819538, 43.5602556], [0.1818562, 43.5603251], [0.1818202, 43.5603233], [0.1816568, 43.5603154], [0.1815441, 43.5604396], [0.1815092, 43.560478], [0.1812062, 43.5608114], [0.1805603, 43.5605895], [0.1807578, 43.5601406], [0.1808873, 43.5599284], [0.1809076, 43.55968], [0.1812504, 43.5596939], [0.1815341, 43.559842]]]}, "properties": {"kind": "bati", "section": "B", "numero": "442", "contenance": 8496, "source": "cadastre.data.gouv.fr (PCI Vecteur Etalab) + BDTOPO_V3:foret_publique (IGN)"}}, {"type": "Feature", "geometry": {"type": "Polygon", "coordinates": [[[0.1827048, 43.560088], [0.1829151, 43.560327], [0.1825352, 43.5605153], [0.1823366, 43.5602748], [0.1824167, 43.5602342], [0.1827048, 43.560088]]]}, "properties": {"kind": "prive_autorisation", "section": "B", "numero": "331", "contenance": 1152, "source": "cadastre.data.gouv.fr (PCI Vecteur Etalab) + BDTOPO_V3:foret_publique (IGN)"}}, {"type": "Feature", "geometry": {"type": "Polygon", "coordinates": [[[0.1753178, 43.566689], [0.1751095, 43.5666697], [0.1740095, 43.568621], [0.1732777, 43.56861], [0.1725982, 43.5684846], [0.1725909, 43.568483], [0.1729051, 43.5680542], [0.1725899, 43.5679946], [0.1730376, 43.5665698], [0.1733136, 43.5665908], [0.1734498, 43.5659969], [0.1734822, 43.5658489], [0.1739395, 43.56584], [0.1743699, 43.5658335], [0.1749339, 43.5658341], [0.1754044, 43.565874], [0.175682, 43.5659023], [0.175587, 43.5663363], [0.1754845, 43.5665962], [0.1754376, 43.5666996], [0.1753178, 43.566689]]]}, "properties": {"kind": "prive_autorisation", "section": "C", "numero": "112", "contenance": 47183, "source": "cadastre.data.gouv.fr (PCI Vecteur Etalab) + BDTOPO_V3:foret_publique (IGN)"}}, {"type": "Feature", "geometry": {"type": "Polygon", "coordinates": [[[0.1737786, 43.5726296], [0.1742648, 43.5728681], [0.1742844, 43.5728482], [0.1742857, 43.5728295], [0.1740689, 43.5725175], [0.17405, 43.5724471], [0.1741517, 43.571889], [0.1742289, 43.571766], [0.1742876, 43.5717345], [0.1745057, 43.5717034], [0.176917, 43.572318], [0.177127, 43.5724337], [0.1771088, 43.5724535], [0.1766228, 43.5726677], [0.1762446, 43.572869], [0.1762243, 43.572889], [0.1762083, 43.5729109], [0.1762043, 43.5729184], [0.1762137, 43.5729991], [0.1764439, 43.5732871], [0.176722, 43.5736253], [0.1763319, 43.5737772], [0.1759727, 43.5739551], [0.1753168, 43.5743289], [0.1747605, 43.5745687], [0.1744236, 43.5746888], [0.1738233, 43.5748789], [0.1734871, 43.5749782], [0.1728372, 43.5751559], [0.1726652, 43.5751849], [0.1719336, 43.575265], [0.1721455, 43.5747787], [0.1728325, 43.5743378], [0.1732353, 43.5741682], [0.1733706, 43.57408], [0.1734558, 43.573987], [0.1735484, 43.5735156], [0.1736836, 43.5728326], [0.1737583, 43.5727302], [0.1737786, 43.5726296]]]}, "properties": {"kind": "prive_autorisation", "section": "C", "numero": "33", "contenance": 72440, "source": "cadastre.data.gouv.fr (PCI Vecteur Etalab) + BDTOPO_V3:foret_publique (IGN)"}}, {"type": "Feature", "geometry": {"type": "Polygon", "coordinates": [[[0.1730376, 43.5665698], [0.1725899, 43.5679946], [0.1721717, 43.5679138], [0.1719423, 43.5678751], [0.1720009, 43.5677637], [0.1721191, 43.5674428], [0.1722408, 43.5670965], [0.1724374, 43.5664603], [0.1728519, 43.5665526], [0.1728834, 43.5665606], [0.1729069, 43.5665631], [0.1729231, 43.5665638], [0.1730376, 43.5665698]]]}, "properties": {"kind": "prive_autorisation", "section": "C", "numero": "113", "contenance": 8102, "source": "cadastre.data.gouv.fr (PCI Vecteur Etalab) + BDTOPO_V3:foret_publique (IGN)"}}, {"type": "Feature", "geometry": {"type": "Polygon", "coordinates": [[[0.1753178, 43.566689], [0.1749339, 43.5678845], [0.1749276, 43.5678911], [0.1748313, 43.5679845], [0.1745956, 43.5682704], [0.1744603, 43.5685885], [0.1740095, 43.568621], [0.1751095, 43.5666697], [0.1753178, 43.566689]]]}, "properties": {"kind": "prive_autorisation", "section": "C", "numero": "104", "contenance": 6581, "source": "cadastre.data.gouv.fr (PCI Vecteur Etalab) + BDTOPO_V3:foret_publique (IGN)"}}, {"type": "Feature", "geometry": {"type": "Polygon", "coordinates": [[[0.1753178, 43.566689], [0.1754376, 43.5666996], [0.1754845, 43.5665962], [0.175587, 43.5663363], [0.175682, 43.5659023], [0.1757738, 43.5659116], [0.1757496, 43.5662918], [0.1757663, 43.5663834], [0.1757557, 43.5664172], [0.1756459, 43.5666886], [0.1754295, 43.5670856], [0.1752364, 43.5674289], [0.1751299, 43.5676609], [0.1750359, 43.5678113], [0.1749605, 43.5678566], [0.1749339, 43.5678845], [0.1753178, 43.566689]]]}, "properties": {"kind": "prive_autorisation", "section": "C", "numero": "103", "contenance": 3197, "source": "cadastre.data.gouv.fr (PCI Vecteur Etalab) + BDTOPO_V3:foret_publique (IGN)"}}, {"type": "Feature", "geometry": {"type": "Polygon", "coordinates": [[[0.1758528, 43.5677704], [0.1760103, 43.5683943], [0.1759553, 43.5683874], [0.1759425, 43.568379], [0.175923, 43.568373], [0.1754941, 43.5682755], [0.1754314, 43.5682195], [0.1750548, 43.56782], [0.1751561, 43.5676579], [0.1752752, 43.5674012], [0.1756618, 43.5667111], [0.1757353, 43.5665273], [0.1757658, 43.5664723], [0.1754114, 43.5676598], [0.1758056, 43.5677542], [0.1758528, 43.5677704]]]}, "properties": {"kind": "prive_autorisation", "section": "C", "numero": "102", "contenance": 5200, "source": "cadastre.data.gouv.fr (PCI Vecteur Etalab) + BDTOPO_V3:foret_publique (IGN)"}}, {"type": "Feature", "geometry": {"type": "Polygon", "coordinates": [[[0.1758528, 43.5677704], [0.1758056, 43.5677542], [0.1754114, 43.5676598], [0.1757658, 43.5664723], [0.1757976, 43.5664663], [0.1766128, 43.5666184], [0.1766639, 43.5667576], [0.1766662, 43.5668988], [0.1766686, 43.567046], [0.1765654, 43.5670475], [0.1761918, 43.567887], [0.1758528, 43.5677704]]]}, "properties": {"kind": "prive_autorisation", "section": "C", "numero": "101", "contenance": 10240, "source": "cadastre.data.gouv.fr (PCI Vecteur Etalab) + BDTOPO_V3:foret_publique (IGN)"}}, {"type": "Feature", "geometry": {"type": "Polygon", "coordinates": [[[0.1766662, 43.5668988], [0.1766639, 43.5667576], [0.1766128, 43.5666184], [0.1766458, 43.5665725], [0.1772224, 43.5666305], [0.1772207, 43.5666523], [0.1779383, 43.5667097], [0.1784628, 43.5668316], [0.1785488, 43.5668268], [0.1790126, 43.5667742], [0.180002, 43.5666658], [0.1801073, 43.5670697], [0.1794152, 43.5671507], [0.1792859, 43.5671585], [0.177539, 43.5674364], [0.177606, 43.5672497], [0.1776782, 43.5670479], [0.177756, 43.566913], [0.1766662, 43.5668988]]]}, "properties": {"kind": "prive_autorisation", "section": "C", "numero": "92", "contenance": 12946, "source": "cadastre.data.gouv.fr (PCI Vecteur Etalab) + BDTOPO_V3:foret_publique (IGN)"}}, {"type": "Feature", "geometry": {"type": "Polygon", "coordinates": [[[0.1801073, 43.5670697], [0.1804644, 43.567026], [0.1804819, 43.5672851], [0.1804759, 43.5674539], [0.180389, 43.567744], [0.1802237, 43.568228], [0.1801862, 43.5684258], [0.1789804, 43.5685036], [0.1785825, 43.5685315], [0.1784233, 43.568179], [0.1785125, 43.5680996], [0.1784952, 43.5680438], [0.17857, 43.567668], [0.1780001, 43.5677446], [0.1773999, 43.5678261], [0.177539, 43.5674364], [0.1792859, 43.5671585], [0.1794152, 43.5671507], [0.1801073, 43.5670697]]]}, "properties": {"kind": "prive_autorisation", "section": "C", "numero": "90", "contenance": 25513, "source": "cadastre.data.gouv.fr (PCI Vecteur Etalab) + BDTOPO_V3:foret_publique (IGN)"}}, {"type": "Feature", "geometry": {"type": "Polygon", "coordinates": [[[0.1762876, 43.5693002], [0.1758277, 43.5693432], [0.1758443, 43.5695177], [0.1762842, 43.5696801], [0.1763707, 43.5697184], [0.1758201, 43.5699032], [0.1753708, 43.5697358], [0.1750282, 43.5696236], [0.1747876, 43.5694684], [0.1750102, 43.5689406], [0.1749277, 43.5688476], [0.1748411, 43.5687567], [0.1747713, 43.5686883], [0.1746536, 43.5686505], [0.1746854, 43.568478], [0.1748056, 43.5682395], [0.1748398, 43.5681772], [0.1748566, 43.5681034], [0.174902, 43.5681034], [0.1749119, 43.568098], [0.174918, 43.5680901], [0.174919, 43.568081], [0.1749007, 43.5680077], [0.174952, 43.5678802], [0.1750363, 43.5678288], [0.1754799, 43.5682862], [0.1756708, 43.5683309], [0.1758632, 43.568372], [0.1759098, 43.5683814], [0.1759385, 43.5684026], [0.1759604, 43.5685272], [0.176313, 43.5689678], [0.1763619, 43.5690397], [0.1762507, 43.5691961], [0.1762876, 43.5693002]]]}, "properties": {"kind": "prive_autorisation", "section": "C", "numero": "85", "contenance": 18260, "source": "cadastre.data.gouv.fr (PCI Vecteur Etalab) + BDTOPO_V3:foret_publique (IGN)"}}, {"type": "Feature", "geometry": {"type": "Polygon", "coordinates": [[[0.177127, 43.5724337], [0.176917, 43.572318], [0.1745057, 43.5717034], [0.1742299, 43.5716333], [0.1744393, 43.5713525], [0.1751813, 43.5713316], [0.1754727, 43.5713233], [0.1755189, 43.5709298], [0.1756754, 43.5709107], [0.1760189, 43.5718616], [0.1768208, 43.572043], [0.1768482, 43.5721083], [0.1769172, 43.5721982], [0.1771252, 43.5724036], [0.177127, 43.5724337]]]}, "properties": {"kind": "prive_autorisation", "section": "C", "numero": "354", "contenance": 10760, "source": "cadastre.data.gouv.fr (PCI Vecteur Etalab) + BDTOPO_V3:foret_publique (IGN)"}}, {"type": "Feature", "geometry": {"type": "Polygon", "coordinates": [[[0.1735566, 43.5695472], [0.1735787, 43.5695733], [0.1735681, 43.5698638], [0.1736502, 43.5699953], [0.173623, 43.5702634], [0.1727159, 43.5701595], [0.172286, 43.5701434], [0.1717121, 43.5701739], [0.1716995, 43.5698487], [0.1721103, 43.5689773], [0.1725249, 43.5690233], [0.1733124, 43.5691116], [0.1732122, 43.5695175], [0.1735566, 43.5695472]]]}, "properties": {"kind": "prive_autorisation", "section": "C", "numero": "122", "contenance": 16387, "source": "cadastre.data.gouv.fr (PCI Vecteur Etalab) + BDTOPO_V3:foret_publique (IGN)"}}, {"type": "Feature", "geometry": {"type": "Polygon", "coordinates": [[[0.1721927, 43.5720159], [0.1722079, 43.5716245], [0.17228, 43.5716501], [0.172483, 43.5714007], [0.1726266, 43.5712815], [0.1730174, 43.5710621], [0.1733906, 43.5709475], [0.1734031, 43.5710762], [0.1733874, 43.5711823], [0.1734032, 43.571423], [0.173392, 43.5716511], [0.1735218, 43.5725746], [0.1733896, 43.5726106], [0.1731983, 43.5726612], [0.1727011, 43.5727925], [0.1720437, 43.5732196], [0.1716152, 43.5730776], [0.1716322, 43.5729454], [0.1719767, 43.5727074], [0.1723624, 43.5724364], [0.1721561, 43.572178], [0.1721927, 43.5720159]]]}, "properties": {"kind": "prive_autorisation", "section": "C", "numero": "21", "contenance": 19200, "source": "cadastre.data.gouv.fr (PCI Vecteur Etalab) + BDTOPO_V3:foret_publique (IGN)"}}, {"type": "Feature", "geometry": {"type": "Polygon", "coordinates": [[[0.1717121, 43.5701739], [0.172286, 43.5701434], [0.1727159, 43.5701595], [0.173623, 43.5702634], [0.1736936, 43.5702713], [0.1738395, 43.5702878], [0.1737403, 43.5704016], [0.1735878, 43.5705839], [0.1734465, 43.5707606], [0.1734038, 43.5709033], [0.1729714, 43.570817], [0.1728811, 43.5709395], [0.1724387, 43.5709328], [0.1719019, 43.5709241], [0.1718144, 43.5709222], [0.1716162, 43.5711131], [0.1712451, 43.5710598], [0.1712724, 43.5709329], [0.171002, 43.5709804], [0.1712069, 43.570593], [0.1711503, 43.5705943], [0.1711399, 43.5702032], [0.1713467, 43.5701892], [0.1715538, 43.5701792], [0.1717121, 43.5701739]]]}, "properties": {"kind": "prive_autorisation", "section": "C", "numero": "18", "contenance": 16780, "source": "cadastre.data.gouv.fr (PCI Vecteur Etalab) + BDTOPO_V3:foret_publique (IGN)"}}, {"type": "Feature", "geometry": {"type": "Polygon", "coordinates": [[[0.1712451, 43.5710598], [0.1711961, 43.5712739], [0.17116, 43.5713182], [0.1711136, 43.5716], [0.1706032, 43.5715778], [0.170612, 43.5715052], [0.1706683, 43.5712107], [0.1707193, 43.5709157], [0.1707497, 43.5707241], [0.170783, 43.5704885], [0.1708104, 43.5702535], [0.1711399, 43.5702032], [0.1711503, 43.5705943], [0.1712069, 43.570593], [0.171002, 43.5709804], [0.1712724, 43.5709329], [0.1712451, 43.5710598]]]}, "properties": {"kind": "prive_autorisation", "section": "C", "numero": "17", "contenance": 5340, "source": "cadastre.data.gouv.fr (PCI Vecteur Etalab) + BDTOPO_V3:foret_publique (IGN)"}}, {"type": "Feature", "geometry": {"type": "Polygon", "coordinates": [[[0.176722, 43.5736253], [0.1764439, 43.5732871], [0.1762137, 43.5729991], [0.1762043, 43.5729184], [0.1762083, 43.5729109], [0.1762243, 43.572889], [0.1762446, 43.572869], [0.1766228, 43.5726677], [0.1771088, 43.5724535], [0.177127, 43.5724337], [0.1771252, 43.5724036], [0.1769172, 43.5721982], [0.1768482, 43.5721083], [0.1768208, 43.572043], [0.1767927, 43.5719766], [0.1766867, 43.5717176], [0.1765858, 43.5714575], [0.1766099, 43.5714573], [0.1766537, 43.571457], [0.1766952, 43.5715633], [0.1768877, 43.5720594], [0.1769889, 43.5721751], [0.177176, 43.5723564], [0.1772052, 43.572412], [0.1772065, 43.5724302], [0.1772033, 43.5724516], [0.1771951, 43.5724723], [0.1768629, 43.5726118], [0.1763165, 43.5728901], [0.1762784, 43.5729384], [0.1762735, 43.5729577], [0.176274, 43.5729774], [0.1762794, 43.5729967], [0.1762881, 43.5730122], [0.1764041, 43.573162], [0.1766817, 43.5735034], [0.1767671, 43.5736078], [0.176722, 43.5736253]]]}, "properties": {"kind": "prive_autorisation", "section": "C", "numero": "69", "contenance": 1664, "source": "cadastre.data.gouv.fr (PCI Vecteur Etalab) + BDTOPO_V3:foret_publique (IGN)"}}, {"type": "Feature", "geometry": {"type": "Polygon", "coordinates": [[[0.1781285, 43.5718645], [0.1773293, 43.5719556], [0.1771674, 43.5714894], [0.1769824, 43.5709761], [0.1767142, 43.5702536], [0.1767002, 43.570216], [0.1767121, 43.5702148], [0.1764846, 43.5698837], [0.1767677, 43.5697811], [0.1768777, 43.5696962], [0.1769106, 43.5697431], [0.1772166, 43.5698519], [0.1774459, 43.5700963], [0.1773999, 43.5701078], [0.1776648, 43.5705263], [0.1778648, 43.5706282], [0.1781019, 43.5712139], [0.1781285, 43.5718645]]]}, "properties": {"kind": "prive_autorisation", "section": "C", "numero": "66", "contenance": 17486, "source": "cadastre.data.gouv.fr (PCI Vecteur Etalab) + BDTOPO_V3:foret_publique (IGN)"}}, {"type": "Feature", "geometry": {"type": "Polygon", "coordinates": [[[0.1789804, 43.5704758], [0.1797171, 43.5703989], [0.1802856, 43.5703397], [0.1803397, 43.5708086], [0.180041, 43.5708011], [0.1785768, 43.570764], [0.1780467, 43.5705726], [0.1781588, 43.5705609], [0.1789804, 43.5704758]]]}, "properties": {"kind": "prive_autorisation", "section": "C", "numero": "49", "contenance": 6390, "source": "cadastre.data.gouv.fr (PCI Vecteur Etalab) + BDTOPO_V3:foret_publique (IGN)"}}, {"type": "Feature", "geometry": {"type": "Polygon", "coordinates": [[[0.178396, 43.5711593], [0.1783512, 43.5708935], [0.1790429, 43.5710335], [0.1793659, 43.5711908], [0.1794073, 43.5717223], [0.1792532, 43.5721599], [0.178914, 43.571694], [0.1787444, 43.5715224], [0.1785756, 43.5712871], [0.178396, 43.5711593]]]}, "properties": {"kind": "prive_autorisation", "section": "C", "numero": "45", "contenance": 5760, "source": "cadastre.data.gouv.fr (PCI Vecteur Etalab) + BDTOPO_V3:foret_publique (IGN)"}}, {"type": "Feature", "geometry": {"type": "Polygon", "coordinates": [[[0.1792532, 43.5721599], [0.1794073, 43.5717223], [0.1793659, 43.5711908], [0.179826, 43.5713351], [0.1802674, 43.571411], [0.1802115, 43.5717481], [0.1801725, 43.5721003], [0.1801112, 43.5724448], [0.1792677, 43.5725203], [0.1792532, 43.5721599]]]}, "properties": {"kind": "prive_autorisation", "section": "C", "numero": "42", "contenance": 9060, "source": "cadastre.data.gouv.fr (PCI Vecteur Etalab) + BDTOPO_V3:foret_publique (IGN)"}}, {"type": "Feature", "geometry": {"type": "Polygon", "coordinates": [[[0.1781285, 43.5718645], [0.1781019, 43.5712139], [0.1782469, 43.5711494], [0.1782883, 43.5711455], [0.178396, 43.5711593], [0.1785756, 43.5712871], [0.1787444, 43.5715224], [0.178914, 43.571694], [0.1792532, 43.5721599], [0.1792677, 43.5725203], [0.1792804, 43.572833], [0.1793237, 43.573043], [0.1792492, 43.573531], [0.1791715, 43.57349], [0.1789416, 43.5733719], [0.1787088, 43.573257], [0.1788013, 43.5725575], [0.178294, 43.5725706], [0.1781285, 43.5718645]]]}, "properties": {"kind": "prive_autorisation", "section": "C", "numero": "40", "contenance": 14510, "source": "cadastre.data.gouv.fr (PCI Vecteur Etalab) + BDTOPO_V3:foret_publique (IGN)"}}, {"type": "Feature", "geometry": {"type": "Polygon", "coordinates": [[[0.1737786, 43.5726296], [0.1737542, 43.5725274], [0.173687, 43.5722475], [0.1737174, 43.5721884], [0.1736523, 43.5719311], [0.173629, 43.5716247], [0.1735778, 43.5714685], [0.1742299, 43.5716333], [0.1745057, 43.5717034], [0.1742876, 43.5717345], [0.1742289, 43.571766], [0.1741517, 43.571889], [0.17405, 43.5724471], [0.1740689, 43.5725175], [0.1742857, 43.5728295], [0.1742844, 43.5728482], [0.1742648, 43.5728681], [0.1737786, 43.5726296]]]}, "properties": {"kind": "prive_autorisation", "section": "C", "numero": "32", "contenance": 4975, "source": "cadastre.data.gouv.fr (PCI Vecteur Etalab) + BDTOPO_V3:foret_publique (IGN)"}}, {"type": "Feature", "geometry": {"type": "Polygon", "coordinates": [[[0.1735484, 43.5735156], [0.1734558, 43.573987], [0.1733706, 43.57408], [0.1732353, 43.5741682], [0.1728325, 43.5743378], [0.1721455, 43.5747787], [0.1719653, 43.5748235], [0.1717654, 43.5748382], [0.1718346, 43.5745905], [0.1718474, 43.5745447], [0.1721321, 43.5746074], [0.1727329, 43.5742661], [0.1730867, 43.5740472], [0.1731192, 43.5740198], [0.1731677, 43.5739744], [0.1732119, 43.5739267], [0.1732713, 43.5738312], [0.1733727, 43.5735999], [0.1735484, 43.5735156]]]}, "properties": {"kind": "prive_autorisation", "section": "C", "numero": "29", "contenance": 3304, "source": "cadastre.data.gouv.fr (PCI Vecteur Etalab) + BDTOPO_V3:foret_publique (IGN)"}}, {"type": "Feature", "geometry": {"type": "Polygon", "coordinates": [[[0.1716152, 43.5730776], [0.1720437, 43.5732196], [0.1727011, 43.5727925], [0.1731983, 43.5726612], [0.1732773, 43.573207], [0.1732584, 43.5734021], [0.173248, 43.5735656], [0.1730867, 43.5740472], [0.1727329, 43.5742661], [0.1721321, 43.5746074], [0.1718474, 43.5745447], [0.1719105, 43.5743289], [0.1720023, 43.5740088], [0.1718145, 43.5739584], [0.1715954, 43.5741777], [0.1714863, 43.5742683], [0.1707817, 43.5741811], [0.1709985, 43.5736296], [0.1710759, 43.5735113], [0.1712388, 43.5733428], [0.1714057, 43.5731765], [0.1714537, 43.5731301], [0.1715037, 43.5731074], [0.1716152, 43.5730776]]]}, "properties": {"kind": "prive_autorisation", "section": "C", "numero": "23", "contenance": 24875, "source": "cadastre.data.gouv.fr (PCI Vecteur Etalab) + BDTOPO_V3:foret_publique (IGN)"}}, {"type": "Feature", "geometry": {"type": "Polygon", "coordinates": [[[0.1719767, 43.5727074], [0.1716322, 43.5729454], [0.1716152, 43.5730776], [0.1715037, 43.5731074], [0.1714537, 43.5731301], [0.1714057, 43.5731765], [0.1712388, 43.5733428], [0.1710759, 43.5735113], [0.1709985, 43.5736296], [0.1707817, 43.5741811], [0.1707155, 43.5741729], [0.1706439, 43.5741423], [0.1708294, 43.573587], [0.1710288, 43.5729531], [0.1713366, 43.5725657], [0.1713747, 43.5725692], [0.1718373, 43.5726151], [0.1719767, 43.5727074]]]}, "properties": {"kind": "prive_autorisation", "section": "C", "numero": "7", "contenance": 5317, "source": "cadastre.data.gouv.fr (PCI Vecteur Etalab) + BDTOPO_V3:foret_publique (IGN)"}}, {"type": "Feature", "geometry": {"type": "Polygon", "coordinates": [[[0.1689491, 43.5749621], [0.168829, 43.5748217], [0.1690185, 43.5747113], [0.1691281, 43.5746423], [0.1695851, 43.574268], [0.1697199, 43.5741574], [0.1697528, 43.5741305], [0.1698838, 43.5742477], [0.1700184, 43.5743625], [0.1701366, 43.5744584], [0.1702438, 43.5745256], [0.1703454, 43.5745602], [0.1706057, 43.574612], [0.1707969, 43.5746507], [0.1713344, 43.5746705], [0.1713879, 43.5747421], [0.171072, 43.5750044], [0.1709373, 43.5751601], [0.1705937, 43.5750584], [0.1701055, 43.574931], [0.1699191, 43.5748962], [0.1697753, 43.5748828], [0.1695226, 43.5748794], [0.1693576, 43.5748905], [0.1691164, 43.5749271], [0.1689491, 43.5749621]]]}, "properties": {"kind": "prive_autorisation", "section": "C", "numero": "2", "contenance": 9628, "source": "cadastre.data.gouv.fr (PCI Vecteur Etalab) + BDTOPO_V3:foret_publique (IGN)"}}, {"type": "Feature", "geometry": {"type": "Polygon", "coordinates": [[[0.1792677, 43.5725203], [0.1801112, 43.5724448], [0.1800842, 43.5725227], [0.1800108, 43.5727241], [0.1799321, 43.5729244], [0.1795231, 43.5736725], [0.1792492, 43.573531], [0.1793237, 43.573043], [0.1792804, 43.572833], [0.1792677, 43.5725203]]]}, "properties": {"kind": "prive_autorisation", "section": "C", "numero": "41", "contenance": 5797, "source": "cadastre.data.gouv.fr (PCI Vecteur Etalab) + BDTOPO_V3:foret_publique (IGN)"}}, {"type": "Feature", "geometry": {"type": "Polygon", "coordinates": [[[0.1737786, 43.5726296], [0.1737583, 43.5727302], [0.1736836, 43.5728326], [0.1735484, 43.5735156], [0.1733727, 43.5735999], [0.1732713, 43.5738312], [0.1732119, 43.5739267], [0.1731677, 43.5739744], [0.1731192, 43.5740198], [0.1730867, 43.5740472], [0.173248, 43.5735656], [0.1732736, 43.5734402], [0.1733152, 43.57301], [0.1734061, 43.5727949], [0.17341, 43.5726152], [0.173542, 43.57258], [0.1737542, 43.5725274], [0.1737786, 43.5726296]]]}, "properties": {"kind": "prive_autorisation", "section": "C", "numero": "30", "contenance": 3465, "source": "cadastre.data.gouv.fr (PCI Vecteur Etalab) + BDTOPO_V3:foret_publique (IGN)"}}, {"type": "Feature", "geometry": {"type": "Polygon", "coordinates": [[[0.1761918, 43.567887], [0.1765654, 43.5670475], [0.1766686, 43.567046], [0.1770785, 43.5670404], [0.1770183, 43.567208], [0.1766899, 43.5681181], [0.1761918, 43.567887]]]}, "properties": {"kind": "prive_autorisation", "section": "C", "numero": "100", "contenance": 4690, "source": "cadastre.data.gouv.fr (PCI Vecteur Etalab) + BDTOPO_V3:foret_publique (IGN)"}}, {"type": "Feature", "geometry": {"type": "Polygon", "coordinates": [[[0.1766686, 43.567046], [0.1766662, 43.5668988], [0.177756, 43.566913], [0.1776782, 43.5670479], [0.1770785, 43.5670404], [0.1766686, 43.567046]]]}, "properties": {"kind": "prive_autorisation", "section": "C", "numero": "93", "contenance": 1334, "source": "cadastre.data.gouv.fr (PCI Vecteur Etalab) + BDTOPO_V3:foret_publique (IGN)"}}, {"type": "Feature", "geometry": {"type": "Polygon", "coordinates": [[[0.177539, 43.5674364], [0.1773999, 43.5678261], [0.1772746, 43.5681831], [0.1768077, 43.5681287], [0.1766899, 43.5681181], [0.1770183, 43.567208], [0.177606, 43.5672497], [0.177539, 43.5674364]]]}, "properties": {"kind": "prive_autorisation", "section": "C", "numero": "95", "contenance": 4990, "source": "cadastre.data.gouv.fr (PCI Vecteur Etalab) + BDTOPO_V3:foret_publique (IGN)"}}, {"type": "Feature", "geometry": {"type": "Polygon", "coordinates": [[[0.180002, 43.5666658], [0.1800658, 43.566659], [0.1804052, 43.5666205], [0.1804033, 43.5666914], [0.1804588, 43.5669437], [0.1804644, 43.567026], [0.1801073, 43.5670697], [0.180002, 43.5666658]]]}, "properties": {"kind": "prive_autorisation", "section": "C", "numero": "91", "contenance": 1429, "source": "cadastre.data.gouv.fr (PCI Vecteur Etalab) + BDTOPO_V3:foret_publique (IGN)"}}, {"type": "Feature", "geometry": {"type": "Polygon", "coordinates": [[[0.1721103, 43.5689773], [0.1716995, 43.5698487], [0.171202, 43.5697412], [0.1713019, 43.5697093], [0.1714028, 43.5696482], [0.1714362, 43.5696064], [0.171486, 43.5695157], [0.1715627, 43.5693761], [0.1718065, 43.5691699], [0.1719787, 43.5689626], [0.1721103, 43.5689773]]]}, "properties": {"kind": "bati", "section": "C", "numero": "121", "contenance": 2478, "source": "cadastre.data.gouv.fr (PCI Vecteur Etalab) + BDTOPO_V3:foret_publique (IGN)"}}, {"type": "Feature", "geometry": {"type": "Polygon", "coordinates": [[[0.1719787, 43.5689626], [0.1718065, 43.5691699], [0.1715627, 43.5693761], [0.171486, 43.5695157], [0.1714362, 43.5696064], [0.1714028, 43.5696482], [0.1713019, 43.5697093], [0.171202, 43.5697412], [0.1708925, 43.569674], [0.1710064, 43.5694541], [0.1711878, 43.5691486], [0.1712455, 43.5691637], [0.1714744, 43.5692242], [0.1715217, 43.5692367], [0.171586, 43.5691639], [0.1716697, 43.569069], [0.1717917, 43.5691015], [0.1718667, 43.5690043], [0.1719054, 43.5689544], [0.1719787, 43.5689626]]]}, "properties": {"kind": "bati", "section": "C", "numero": "120", "contenance": 2798, "source": "cadastre.data.gouv.fr (PCI Vecteur Etalab) + BDTOPO_V3:foret_publique (IGN)"}}, {"type": "Feature", "geometry": {"type": "Polygon", "coordinates": [[[0.1718667, 43.5690043], [0.1717917, 43.5691015], [0.1716697, 43.569069], [0.1713432, 43.5689817], [0.1713679, 43.5689455], [0.1715286, 43.5687639], [0.171736, 43.5688422], [0.1717261, 43.5688694], [0.1717357, 43.5688712], [0.1717021, 43.5689527], [0.1718667, 43.5690043]]]}, "properties": {"kind": "bati", "section": "C", "numero": "118", "contenance": 753, "source": "cadastre.data.gouv.fr (PCI Vecteur Etalab) + BDTOPO_V3:foret_publique (IGN)"}}, {"type": "Feature", "geometry": {"type": "Polygon", "coordinates": [[[0.1721103, 43.5689773], [0.1719787, 43.5689626], [0.1719054, 43.5689544], [0.1718667, 43.5690043], [0.1717021, 43.5689527], [0.1717357, 43.5688712], [0.1717261, 43.5688694], [0.171736, 43.5688422], [0.1715286, 43.5687639], [0.1714346, 43.5687324], [0.1714961, 43.5686277], [0.1715278, 43.5685737], [0.1715844, 43.5685858], [0.1722145, 43.5687197], [0.1722076, 43.568791], [0.1721103, 43.5689773]]]}, "properties": {"kind": "bati", "section": "C", "numero": "116", "contenance": 1758, "source": "cadastre.data.gouv.fr (PCI Vecteur Etalab) + BDTOPO_V3:foret_publique (IGN)"}}, {"type": "Feature", "geometry": {"type": "Polygon", "coordinates": [[[0.1725909, 43.568483], [0.1725982, 43.5684846], [0.1725249, 43.5690233], [0.1721103, 43.5689773], [0.1722076, 43.568791], [0.1722145, 43.5687197], [0.1715844, 43.5685858], [0.1715278, 43.5685737], [0.1715723, 43.5684983], [0.1719423, 43.5678751], [0.1721717, 43.5679138], [0.1720612, 43.5683409], [0.1725909, 43.568483]]]}, "properties": {"kind": "prive_autorisation", "section": "C", "numero": "115", "contenance": 4796, "source": "cadastre.data.gouv.fr (PCI Vecteur Etalab) + BDTOPO_V3:foret_publique (IGN)"}}, {"type": "Feature", "geometry": {"type": "Polygon", "coordinates": [[[0.1725899, 43.5679946], [0.1729051, 43.5680542], [0.1725909, 43.568483], [0.1720612, 43.5683409], [0.1721717, 43.5679138], [0.1725899, 43.5679946]]]}, "properties": {"kind": "prive_autorisation", "section": "C", "numero": "114", "contenance": 2698, "source": "cadastre.data.gouv.fr (PCI Vecteur Etalab) + BDTOPO_V3:foret_publique (IGN)"}}, {"type": "Feature", "geometry": {"type": "Polygon", "coordinates": [[[0.1725982, 43.5684846], [0.1732777, 43.56861], [0.1740095, 43.568621], [0.1738357, 43.5690564], [0.1736259, 43.5690146], [0.1733124, 43.5691116], [0.1725249, 43.5690233], [0.1725982, 43.5684846]]]}, "properties": {"kind": "prive_autorisation", "section": "C", "numero": "111", "contenance": 5843, "source": "cadastre.data.gouv.fr (PCI Vecteur Etalab) + BDTOPO_V3:foret_publique (IGN)"}}, {"type": "Feature", "geometry": {"type": "Polygon", "coordinates": [[[0.1735566, 43.5695472], [0.1732122, 43.5695175], [0.1733124, 43.5691116], [0.1736259, 43.5690146], [0.1738357, 43.5690564], [0.1739715, 43.5690695], [0.1740974, 43.5692471], [0.17408, 43.5692488], [0.1740536, 43.5695741], [0.173562, 43.5695316], [0.1735566, 43.5695472]]]}, "properties": {"kind": "prive_autorisation", "section": "C", "numero": "110", "contenance": 3512, "source": "cadastre.data.gouv.fr (PCI Vecteur Etalab) + BDTOPO_V3:foret_publique (IGN)"}}, {"type": "Feature", "geometry": {"type": "Polygon", "coordinates": [[[0.1738395, 43.5702878], [0.1736936, 43.5702713], [0.1739717, 43.5699093], [0.1739578, 43.56969], [0.1740536, 43.5695741], [0.17408, 43.5692488], [0.1740974, 43.5692471], [0.1742145, 43.5692381], [0.1743996, 43.5692239], [0.1742431, 43.569616], [0.1741216, 43.5699355], [0.1739514, 43.5701596], [0.1738395, 43.5702878]]]}, "properties": {"kind": "prive_autorisation", "section": "C", "numero": "108", "contenance": 1920, "source": "cadastre.data.gouv.fr (PCI Vecteur Etalab) + BDTOPO_V3:foret_publique (IGN)"}}, {"type": "Feature", "geometry": {"type": "Polygon", "coordinates": [[[0.1740095, 43.568621], [0.1744603, 43.5685885], [0.1743925, 43.5688368], [0.1742145, 43.5692381], [0.1740974, 43.5692471], [0.1739715, 43.5690695], [0.1738357, 43.5690564], [0.1740095, 43.568621]]]}, "properties": {"kind": "prive_autorisation", "section": "C", "numero": "107", "contenance": 2250, "source": "cadastre.data.gouv.fr (PCI Vecteur Etalab) + BDTOPO_V3:foret_publique (IGN)"}}, {"type": "Feature", "geometry": {"type": "Polygon", "coordinates": [[[0.1744603, 43.5685885], [0.1746393, 43.5686451], [0.1743996, 43.5692239], [0.1742145, 43.5692381], [0.1743925, 43.5688368], [0.1744603, 43.5685885]]]}, "properties": {"kind": "prive_autorisation", "section": "C", "numero": "106", "contenance": 1000, "source": "cadastre.data.gouv.fr (PCI Vecteur Etalab) + BDTOPO_V3:foret_publique (IGN)"}}, {"type": "Feature", "geometry": {"type": "Polygon", "coordinates": [[[0.1749276, 43.5678911], [0.1748832, 43.5679961], [0.1749031, 43.5680798], [0.1749002, 43.5680855], [0.1748934, 43.5680891], [0.174885, 43.5680891], [0.174854, 43.5680788], [0.1748368, 43.5680935], [0.1748238, 43.5681594], [0.1748029, 43.5682034], [0.1746794, 43.5684491], [0.1746393, 43.5686451], [0.1744603, 43.5685885], [0.1745956, 43.5682704], [0.1748313, 43.5679845], [0.1749276, 43.5678911]]]}, "properties": {"kind": "prive_autorisation", "section": "C", "numero": "105", "contenance": 919, "source": "cadastre.data.gouv.fr (PCI Vecteur Etalab) + BDTOPO_V3:foret_publique (IGN)"}}, {"type": "Feature", "geometry": {"type": "Polygon", "coordinates": [[[0.1758528, 43.5677704], [0.1761918, 43.567887], [0.1766899, 43.5681181], [0.1768077, 43.5681287], [0.1768503, 43.568526], [0.1759703, 43.5684739], [0.1759553, 43.5683874], [0.1760103, 43.5683943], [0.1758528, 43.5677704]]]}, "properties": {"kind": "prive_autorisation", "section": "C", "numero": "99", "contenance": 4240, "source": "cadastre.data.gouv.fr (PCI Vecteur Etalab) + BDTOPO_V3:foret_publique (IGN)"}}, {"type": "Feature", "geometry": {"type": "Polygon", "coordinates": [[[0.1785825, 43.5685315], [0.1779986, 43.5685622], [0.1775367, 43.5685773], [0.1768503, 43.568526], [0.1768077, 43.5681287], [0.1772746, 43.5681831], [0.1772673, 43.5682802], [0.1778715, 43.5682278], [0.1784233, 43.568179], [0.1785825, 43.5685315]]]}, "properties": {"kind": "prive_autorisation", "section": "C", "numero": "98", "contenance": 5350, "source": "cadastre.data.gouv.fr (PCI Vecteur Etalab) + BDTOPO_V3:foret_publique (IGN)"}}, {"type": "Feature", "geometry": {"type": "Polygon", "coordinates": [[[0.1768503, 43.568526], [0.1775367, 43.5685773], [0.1776248, 43.5690346], [0.1778007, 43.5690219], [0.1778325, 43.5691017], [0.1773952, 43.569118], [0.1770369, 43.5691272], [0.1765058, 43.5691395], [0.1763636, 43.5690189], [0.1763167, 43.5689537], [0.1759805, 43.568533], [0.1759703, 43.5684739], [0.1768503, 43.568526]]]}, "properties": {"kind": "prive_autorisation", "section": "C", "numero": "86", "contenance": 7585, "source": "cadastre.data.gouv.fr (PCI Vecteur Etalab) + BDTOPO_V3:foret_publique (IGN)"}}, {"type": "Feature", "geometry": {"type": "Polygon", "coordinates": [[[0.1746536, 43.5686505], [0.1747713, 43.5686883], [0.1748411, 43.5687567], [0.1749277, 43.5688476], [0.1750102, 43.5689406], [0.1747876, 43.5694684], [0.1744166, 43.5692298], [0.1746536, 43.5686505]]]}, "properties": {"kind": "prive_autorisation", "section": "C", "numero": "84", "contenance": 2600, "source": "cadastre.data.gouv.fr (PCI Vecteur Etalab) + BDTOPO_V3:foret_publique (IGN)"}}, {"type": "Feature", "geometry": {"type": "Polygon", "coordinates": [[[0.1747876, 43.5694684], [0.1750282, 43.5696236], [0.1753708, 43.5697358], [0.1758201, 43.5699032], [0.1759967, 43.5701398], [0.1750145, 43.5703823], [0.1750107, 43.5703841], [0.1746265, 43.5702839], [0.1746251, 43.5702392], [0.1741347, 43.5699435], [0.1744166, 43.5692298], [0.1747876, 43.5694684]]]}, "properties": {"kind": "prive_autorisation", "section": "C", "numero": "83", "contenance": 10020, "source": "cadastre.data.gouv.fr (PCI Vecteur Etalab) + BDTOPO_V3:foret_publique (IGN)"}}, {"type": "Feature", "geometry": {"type": "Polygon", "coordinates": [[[0.1778648, 43.5706282], [0.1776648, 43.5705263], [0.1773999, 43.5701078], [0.1774459, 43.5700963], [0.1772166, 43.5698519], [0.1769106, 43.5697431], [0.1768777, 43.5696962], [0.1769707, 43.5696249], [0.1770039, 43.5696604], [0.1770285, 43.5696682], [0.1770547, 43.5696725], [0.1770815, 43.5696729], [0.1772236, 43.5696592], [0.1772889, 43.5697671], [0.1776999, 43.5699681], [0.178035, 43.5705738], [0.1780467, 43.5705726], [0.1785768, 43.570764], [0.1783237, 43.5707553], [0.178324, 43.5707476], [0.1778648, 43.5706282]]]}, "properties": {"kind": "prive_autorisation", "section": "C", "numero": "47", "contenance": 3290, "source": "cadastre.data.gouv.fr (PCI Vecteur Etalab) + BDTOPO_V3:foret_publique (IGN)"}}, {"type": "Feature", "geometry": {"type": "Polygon", "coordinates": [[[0.1784233, 43.568179], [0.1778715, 43.5682278], [0.1780001, 43.5677446], [0.17857, 43.567668], [0.1784952, 43.5680438], [0.1785125, 43.5680996], [0.1784233, 43.568179]]]}, "properties": {"kind": "prive_autorisation", "section": "C", "numero": "97", "contenance": 2480, "source": "cadastre.data.gouv.fr (PCI Vecteur Etalab) + BDTOPO_V3:foret_publique (IGN)"}}, {"type": "Feature", "geometry": {"type": "Polygon", "coordinates": [[[0.1780001, 43.5677446], [0.1778715, 43.5682278], [0.1772673, 43.5682802], [0.1772746, 43.5681831], [0.1773999, 43.5678261], [0.1780001, 43.5677446]]]}, "properties": {"kind": "prive_autorisation", "section": "C", "numero": "96", "contenance": 2450, "source": "cadastre.data.gouv.fr (PCI Vecteur Etalab) + BDTOPO_V3:foret_publique (IGN)"}}, {"type": "Feature", "geometry": {"type": "Polygon", "coordinates": [[[0.1776782, 43.5670479], [0.177606, 43.5672497], [0.1770183, 43.567208], [0.1770785, 43.5670404], [0.1776782, 43.5670479]]]}, "properties": {"kind": "prive_autorisation", "section": "C", "numero": "94", "contenance": 1010, "source": "cadastre.data.gouv.fr (PCI Vecteur Etalab) + BDTOPO_V3:foret_publique (IGN)"}}, {"type": "Feature", "geometry": {"type": "Polygon", "coordinates": [[[0.1801862, 43.5684258], [0.1801044, 43.5689349], [0.1790663, 43.5689595], [0.1789804, 43.5685036], [0.1801862, 43.5684258]]]}, "properties": {"kind": "prive_autorisation", "section": "C", "numero": "89", "contenance": 4835, "source": "cadastre.data.gouv.fr (PCI Vecteur Etalab) + BDTOPO_V3:foret_publique (IGN)"}}, {"type": "Feature", "geometry": {"type": "Polygon", "coordinates": [[[0.1789804, 43.5685036], [0.1790663, 43.5689595], [0.1783883, 43.5689756], [0.1782384, 43.5689854], [0.1781041, 43.5689966], [0.1779986, 43.5685622], [0.1785825, 43.5685315], [0.1789804, 43.5685036]]]}, "properties": {"kind": "prive_autorisation", "section": "C", "numero": "88", "contenance": 3837, "source": "cadastre.data.gouv.fr (PCI Vecteur Etalab) + BDTOPO_V3:foret_publique (IGN)"}}, {"type": "Feature", "geometry": {"type": "Polygon", "coordinates": [[[0.1775367, 43.5685773], [0.1779986, 43.5685622], [0.1781041, 43.5689966], [0.1778007, 43.5690219], [0.1776248, 43.5690346], [0.1775367, 43.5685773]]]}, "properties": {"kind": "prive_autorisation", "section": "C", "numero": "87", "contenance": 1896, "source": "cadastre.data.gouv.fr (PCI Vecteur Etalab) + BDTOPO_V3:foret_publique (IGN)"}}, {"type": "Feature", "geometry": {"type": "Polygon", "coordinates": [[[0.1762876, 43.5693002], [0.1762507, 43.5691961], [0.1763619, 43.5690397], [0.1764579, 43.5691809], [0.1765896, 43.5692995], [0.1767253, 43.5694153], [0.1768435, 43.5695119], [0.176717, 43.5695984], [0.1762876, 43.5693002]]]}, "properties": {"kind": "prive_autorisation", "section": "C", "numero": "60", "contenance": 1050, "source": "cadastre.data.gouv.fr (PCI Vecteur Etalab) + BDTOPO_V3:foret_publique (IGN)"}}, {"type": "Feature", "geometry": {"type": "Polygon", "coordinates": [[[0.1765058, 43.5691395], [0.1768922, 43.5694788], [0.1768541, 43.5695037], [0.176707, 43.569383], [0.1765638, 43.5692599], [0.1764621, 43.5691687], [0.1763636, 43.5690189], [0.1765058, 43.5691395]]]}, "properties": {"kind": "prive_autorisation", "section": "C", "numero": "59", "contenance": 250, "source": "cadastre.data.gouv.fr (PCI Vecteur Etalab) + BDTOPO_V3:foret_publique (IGN)"}}, {"type": "Feature", "geometry": {"type": "Polygon", "coordinates": [[[0.1778325, 43.5691017], [0.1779465, 43.5694113], [0.1770009, 43.5696353], [0.1769522, 43.5695862], [0.1768992, 43.5695394], [0.1768541, 43.5695037], [0.1768922, 43.5694788], [0.1771722, 43.5694074], [0.1770369, 43.5691272], [0.1773952, 43.569118], [0.1778325, 43.5691017]]]}, "properties": {"kind": "prive_autorisation", "section": "C", "numero": "57", "contenance": 3100, "source": "cadastre.data.gouv.fr (PCI Vecteur Etalab) + BDTOPO_V3:foret_publique (IGN)"}}, {"type": "Feature", "geometry": {"type": "Polygon", "coordinates": [[[0.1780467, 43.5705726], [0.178035, 43.5705738], [0.1776999, 43.5699681], [0.1772889, 43.5697671], [0.1772236, 43.5696592], [0.1775774, 43.5695645], [0.1778439, 43.5699616], [0.1779067, 43.570081], [0.1781588, 43.5705609], [0.1780467, 43.5705726]]]}, "properties": {"kind": "prive_autorisation", "section": "C", "numero": "55", "contenance": 1793, "source": "cadastre.data.gouv.fr (PCI Vecteur Etalab) + BDTOPO_V3:foret_publique (IGN)"}}, {"type": "Feature", "geometry": {"type": "Polygon", "coordinates": [[[0.1778007, 43.5690219], [0.1781041, 43.5689966], [0.1782384, 43.5689854], [0.1781734, 43.5694206], [0.1782005, 43.5696273], [0.1781712, 43.5696283], [0.177957, 43.5694904], [0.1779465, 43.5694113], [0.1778325, 43.5691017], [0.1778007, 43.5690219]]]}, "properties": {"kind": "prive_autorisation", "section": "C", "numero": "52", "contenance": 1540, "source": "cadastre.data.gouv.fr (PCI Vecteur Etalab) + BDTOPO_V3:foret_publique (IGN)"}}, {"type": "Feature", "geometry": {"type": "Polygon", "coordinates": [[[0.1790663, 43.5689595], [0.1801044, 43.5689349], [0.1801365, 43.5692894], [0.1802002, 43.5697542], [0.1795347, 43.5697943], [0.1791135, 43.5698197], [0.1790295, 43.5695956], [0.1782005, 43.5696273], [0.1781734, 43.5694206], [0.1782384, 43.5689854], [0.1783883, 43.5689756], [0.1790663, 43.5689595]]]}, "properties": {"kind": "prive_autorisation", "section": "C", "numero": "51", "contenance": 13130, "source": "cadastre.data.gouv.fr (PCI Vecteur Etalab) + BDTOPO_V3:foret_publique (IGN)"}}, {"type": "Feature", "geometry": {"type": "Polygon", "coordinates": [[[0.1716995, 43.5698487], [0.1717121, 43.5701739], [0.1715538, 43.5701792], [0.1713467, 43.5701892], [0.1711399, 43.5702032], [0.1708104, 43.5702535], [0.1708054, 43.5699908], [0.1708287, 43.5698587], [0.1708925, 43.569674], [0.171202, 43.5697412], [0.1716995, 43.5698487]]]}, "properties": {"kind": "prive_autorisation", "section": "C", "numero": "123", "contenance": 3498, "source": "cadastre.data.gouv.fr (PCI Vecteur Etalab) + BDTOPO_V3:foret_publique (IGN)"}}, {"type": "Feature", "geometry": {"type": "Polygon", "coordinates": [[[0.1711878, 43.5691486], [0.1712925, 43.5689676], [0.1713432, 43.5689817], [0.1716697, 43.569069], [0.171586, 43.5691639], [0.1715217, 43.5692367], [0.1714744, 43.5692242], [0.1712455, 43.5691637], [0.1711878, 43.5691486]]]}, "properties": {"kind": "prive_autorisation", "section": "C", "numero": "119", "contenance": 679, "source": "cadastre.data.gouv.fr (PCI Vecteur Etalab) + BDTOPO_V3:foret_publique (IGN)"}}, {"type": "Feature", "geometry": {"type": "Polygon", "coordinates": [[[0.1713679, 43.5689455], [0.1713205, 43.5689272], [0.1714346, 43.5687324], [0.1715286, 43.5687639], [0.1713679, 43.5689455]]]}, "properties": {"kind": "prive_autorisation", "section": "C", "numero": "117", "contenance": 144, "source": "cadastre.data.gouv.fr (PCI Vecteur Etalab) + BDTOPO_V3:foret_publique (IGN)"}}, {"type": "Feature", "geometry": {"type": "Polygon", "coordinates": [[[0.1733906, 43.5709475], [0.1730174, 43.5710621], [0.1726266, 43.5712815], [0.172483, 43.5714007], [0.17228, 43.5716501], [0.1722079, 43.5716245], [0.172154, 43.5716052], [0.172155, 43.5715975], [0.1723833, 43.5712087], [0.1725547, 43.5711099], [0.1727198, 43.5710656], [0.1728469, 43.5709884], [0.1728811, 43.5709395], [0.1729714, 43.570817], [0.1734038, 43.5709033], [0.1733906, 43.5709475]]]}, "properties": {"kind": "prive_autorisation", "section": "C", "numero": "20", "contenance": 2140, "source": "cadastre.data.gouv.fr (PCI Vecteur Etalab) + BDTOPO_V3:foret_publique (IGN)"}}, {"type": "Feature", "geometry": {"type": "Polygon", "coordinates": [[[0.1712451, 43.5710598], [0.1716162, 43.5711131], [0.1718515, 43.5711485], [0.1719019, 43.5709241], [0.1724387, 43.5709328], [0.1727198, 43.5710656], [0.1725547, 43.5711099], [0.1723833, 43.5712087], [0.172155, 43.5715975], [0.1717727, 43.5715798], [0.1711961, 43.5712739], [0.1712451, 43.5710598]]]}, "properties": {"kind": "prive_autorisation", "section": "C", "numero": "15", "contenance": 5130, "source": "cadastre.data.gouv.fr (PCI Vecteur Etalab) + BDTOPO_V3:foret_publique (IGN)"}}, {"type": "Feature", "geometry": {"type": "Polygon", "coordinates": [[[0.1756754, 43.5709107], [0.1755189, 43.5709298], [0.1752108, 43.5709674], [0.174621, 43.5710395], [0.1746628, 43.5708031], [0.1746715, 43.5708], [0.1751933, 43.5705638], [0.1755199, 43.570487], [0.1756754, 43.5709107]]]}, "properties": {"kind": "prive_autorisation", "section": "C", "numero": "356", "contenance": 3093, "source": "cadastre.data.gouv.fr (PCI Vecteur Etalab) + BDTOPO_V3:foret_publique (IGN)"}}, {"type": "Feature", "geometry": {"type": "Polygon", "coordinates": [[[0.1756754, 43.5709107], [0.1755199, 43.570487], [0.1760643, 43.5703599], [0.176128, 43.5703158], [0.1761728, 43.5704196], [0.1763354, 43.5708301], [0.1756754, 43.5709107]]]}, "properties": {"kind": "prive_autorisation", "section": "C", "numero": "355", "contenance": 2708, "source": "cadastre.data.gouv.fr (PCI Vecteur Etalab) + BDTOPO_V3:foret_publique (IGN)"}}, {"type": "Feature", "geometry": {"type": "Polygon", "coordinates": [[[0.1768208, 43.572043], [0.1760189, 43.5718616], [0.1756754, 43.5709107], [0.1763354, 43.5708301], [0.1764136, 43.5710567], [0.1763908, 43.571404], [0.1763873, 43.5714586], [0.1765858, 43.5714575], [0.1766867, 43.5717176], [0.1767927, 43.5719766], [0.1768208, 43.572043]]]}, "properties": {"kind": "prive_autorisation", "section": "C", "numero": "353", "contenance": 6564, "source": "cadastre.data.gouv.fr (PCI Vecteur Etalab) + BDTOPO_V3:foret_publique (IGN)"}}, {"type": "Feature", "geometry": {"type": "Polygon", "coordinates": [[[0.1735566, 43.5695472], [0.173562, 43.5695316], [0.1740536, 43.5695741], [0.1739578, 43.56969], [0.1739717, 43.5699093], [0.1736936, 43.5702713], [0.173623, 43.5702634], [0.1736502, 43.5699953], [0.1735681, 43.5698638], [0.1735787, 43.5695733], [0.1735566, 43.5695472]]]}, "properties": {"kind": "prive_autorisation", "section": "C", "numero": "109", "contenance": 1998, "source": "cadastre.data.gouv.fr (PCI Vecteur Etalab) + BDTOPO_V3:foret_publique (IGN)"}}, {"type": "Feature", "geometry": {"type": "Polygon", "coordinates": [[[0.1741347, 43.5699435], [0.1746251, 43.5702392], [0.1746265, 43.5702839], [0.1750107, 43.5703841], [0.1745584, 43.5705909], [0.1739982, 43.570503], [0.1738281, 43.5704763], [0.1737393, 43.5704294], [0.1740313, 43.5700805], [0.1741347, 43.5699435]]]}, "properties": {"kind": "prive_autorisation", "section": "C", "numero": "82", "contenance": 3640, "source": "cadastre.data.gouv.fr (PCI Vecteur Etalab) + BDTOPO_V3:foret_publique (IGN)"}}, {"type": "Feature", "geometry": {"type": "Polygon", "coordinates": [[[0.1737393, 43.5704294], [0.1738281, 43.5704763], [0.1739982, 43.570503], [0.1739321, 43.5708328], [0.1734514, 43.5708094], [0.1734686, 43.5707561], [0.1737393, 43.5704294]]]}, "properties": {"kind": "prive_autorisation", "section": "C", "numero": "81", "contenance": 1241, "source": "cadastre.data.gouv.fr (PCI Vecteur Etalab) + BDTOPO_V3:foret_publique (IGN)"}}, {"type": "Feature", "geometry": {"type": "Polygon", "coordinates": [[[0.1746715, 43.5708], [0.1746628, 43.5708031], [0.1744927, 43.5708362], [0.174183, 43.5708442], [0.1739321, 43.5708328], [0.1739982, 43.570503], [0.1745584, 43.5705909], [0.1746715, 43.5708]]]}, "properties": {"kind": "prive_autorisation", "section": "C", "numero": "80", "contenance": 1719, "source": "cadastre.data.gouv.fr (PCI Vecteur Etalab) + BDTOPO_V3:foret_publique (IGN)"}}, {"type": "Feature", "geometry": {"type": "Polygon", "coordinates": [[[0.1750107, 43.5703841], [0.1750145, 43.5703823], [0.1751933, 43.5705638], [0.1746715, 43.5708], [0.1745584, 43.5705909], [0.1750107, 43.5703841]]]}, "properties": {"kind": "prive_autorisation", "section": "C", "numero": "79", "contenance": 970, "source": "cadastre.data.gouv.fr (PCI Vecteur Etalab) + BDTOPO_V3:foret_publique (IGN)"}}, {"type": "Feature", "geometry": {"type": "Polygon", "coordinates": [[[0.1759967, 43.5701398], [0.176128, 43.5703158], [0.1760643, 43.5703599], [0.1755199, 43.570487], [0.1751933, 43.5705638], [0.1750145, 43.5703823], [0.1759967, 43.5701398]]]}, "properties": {"kind": "prive_autorisation", "section": "C", "numero": "78", "contenance": 1990, "source": "cadastre.data.gouv.fr (PCI Vecteur Etalab) + BDTOPO_V3:foret_publique (IGN)"}}, {"type": "Feature", "geometry": {"type": "Polygon", "coordinates": [[[0.1767142, 43.5702536], [0.1769824, 43.5709761], [0.1764136, 43.5710567], [0.1763354, 43.5708301], [0.1761728, 43.5704196], [0.1767142, 43.5702536]]]}, "properties": {"kind": "prive_autorisation", "section": "C", "numero": "65", "contenance": 3614, "source": "cadastre.data.gouv.fr (PCI Vecteur Etalab) + BDTOPO_V3:foret_publique (IGN)"}}, {"type": "Feature", "geometry": {"type": "Polygon", "coordinates": [[[0.1758201, 43.5699032], [0.1763707, 43.5697184], [0.1764846, 43.5698837], [0.1767121, 43.5702148], [0.1767002, 43.570216], [0.176128, 43.5703158], [0.1759967, 43.5701398], [0.1758201, 43.5699032]]]}, "properties": {"kind": "prive_autorisation", "section": "C", "numero": "63", "contenance": 2730, "source": "cadastre.data.gouv.fr (PCI Vecteur Etalab) + BDTOPO_V3:foret_publique (IGN)"}}, {"type": "Feature", "geometry": {"type": "Polygon", "coordinates": [[[0.1762876, 43.5693002], [0.176717, 43.5695984], [0.1763707, 43.5697184], [0.1762842, 43.5696801], [0.1758443, 43.5695177], [0.1758277, 43.5693432], [0.1762876, 43.5693002]]]}, "properties": {"kind": "prive_autorisation", "section": "C", "numero": "61", "contenance": 1940, "source": "cadastre.data.gouv.fr (PCI Vecteur Etalab) + BDTOPO_V3:foret_publique (IGN)"}}, {"type": "Feature", "geometry": {"type": "Polygon", "coordinates": [[[0.1737542, 43.5725274], [0.173542, 43.57258], [0.1734758, 43.5721467], [0.1734085, 43.5716526], [0.1734138, 43.5714271], [0.1735778, 43.5714685], [0.173629, 43.5716247], [0.1736523, 43.5719311], [0.1737174, 43.5721884], [0.173687, 43.5722475], [0.1737542, 43.5725274]]]}, "properties": {"kind": "prive_autorisation", "section": "C", "numero": "31", "contenance": 2135, "source": "cadastre.data.gouv.fr (PCI Vecteur Etalab) + BDTOPO_V3:foret_publique (IGN)"}}, {"type": "Feature", "geometry": {"type": "Polygon", "coordinates": [[[0.1766952, 43.5715633], [0.1766537, 43.571457], [0.1766099, 43.5714573], [0.1765858, 43.5714575], [0.1763873, 43.5714586], [0.1763908, 43.571404], [0.1764136, 43.5710567], [0.1769824, 43.5709761], [0.1771674, 43.5714894], [0.1766952, 43.5715633]]]}, "properties": {"kind": "prive_autorisation", "section": "C", "numero": "68", "contenance": 2919, "source": "cadastre.data.gouv.fr (PCI Vecteur Etalab) + BDTOPO_V3:foret_publique (IGN)"}}, {"type": "Feature", "geometry": {"type": "Polygon", "coordinates": [[[0.1767002, 43.570216], [0.1767142, 43.5702536], [0.1761728, 43.5704196], [0.176128, 43.5703158], [0.1767002, 43.570216]]]}, "properties": {"kind": "prive_autorisation", "section": "C", "numero": "64", "contenance": 403, "source": "cadastre.data.gouv.fr (PCI Vecteur Etalab) + BDTOPO_V3:foret_publique (IGN)"}}, {"type": "Feature", "geometry": {"type": "Polygon", "coordinates": [[[0.1763707, 43.5697184], [0.176717, 43.5695984], [0.1768435, 43.5695119], [0.1769399, 43.569591], [0.1769707, 43.5696249], [0.1768777, 43.5696962], [0.1767677, 43.5697811], [0.1764846, 43.5698837], [0.1763707, 43.5697184]]]}, "properties": {"kind": "prive_autorisation", "section": "C", "numero": "62", "contenance": 900, "source": "cadastre.data.gouv.fr (PCI Vecteur Etalab) + BDTOPO_V3:foret_publique (IGN)"}}, {"type": "Feature", "geometry": {"type": "Polygon", "coordinates": [[[0.1770369, 43.5691272], [0.1771722, 43.5694074], [0.1768922, 43.5694788], [0.1765058, 43.5691395], [0.1770369, 43.5691272]]]}, "properties": {"kind": "prive_autorisation", "section": "C", "numero": "58", "contenance": 1227, "source": "cadastre.data.gouv.fr (PCI Vecteur Etalab) + BDTOPO_V3:foret_publique (IGN)"}}, {"type": "Feature", "geometry": {"type": "Polygon", "coordinates": [[[0.1779465, 43.5694113], [0.177957, 43.5694904], [0.1775774, 43.5695645], [0.177185, 43.5696552], [0.1770406, 43.5696592], [0.1770241, 43.569654], [0.1770103, 43.5696456], [0.1770009, 43.5696353], [0.1779465, 43.5694113]]]}, "properties": {"kind": "prive_autorisation", "section": "C", "numero": "56", "contenance": 560, "source": "cadastre.data.gouv.fr (PCI Vecteur Etalab) + BDTOPO_V3:foret_publique (IGN)"}}, {"type": "Feature", "geometry": {"type": "Polygon", "coordinates": [[[0.1779067, 43.570081], [0.1778439, 43.5699616], [0.1775774, 43.5695645], [0.177957, 43.5694904], [0.1781712, 43.5696283], [0.178424, 43.5700048], [0.1779067, 43.570081]]]}, "properties": {"kind": "prive_autorisation", "section": "C", "numero": "54", "contenance": 2525, "source": "cadastre.data.gouv.fr (PCI Vecteur Etalab) + BDTOPO_V3:foret_publique (IGN)"}}, {"type": "Feature", "geometry": {"type": "Polygon", "coordinates": [[[0.1782005, 43.5696273], [0.1790295, 43.5695956], [0.1791135, 43.5698197], [0.1788819, 43.5698323], [0.1788133, 43.5699455], [0.178424, 43.5700048], [0.1781712, 43.5696283], [0.1782005, 43.5696273]]]}, "properties": {"kind": "prive_autorisation", "section": "C", "numero": "53", "contenance": 2340, "source": "cadastre.data.gouv.fr (PCI Vecteur Etalab) + BDTOPO_V3:foret_publique (IGN)"}}, {"type": "Feature", "geometry": {"type": "Polygon", "coordinates": [[[0.1789804, 43.5704758], [0.1788133, 43.5699455], [0.1788819, 43.5698323], [0.1791135, 43.5698197], [0.1795347, 43.5697943], [0.1802002, 43.5697542], [0.180211, 43.5698193], [0.180251, 43.5700792], [0.1802856, 43.5703397], [0.1797171, 43.5703989], [0.1789804, 43.5704758]]]}, "properties": {"kind": "prive_autorisation", "section": "C", "numero": "50", "contenance": 7530, "source": "cadastre.data.gouv.fr (PCI Vecteur Etalab) + BDTOPO_V3:foret_publique (IGN)"}}, {"type": "Feature", "geometry": {"type": "Polygon", "coordinates": [[[0.1789804, 43.5704758], [0.1781588, 43.5705609], [0.1779067, 43.570081], [0.178424, 43.5700048], [0.1788133, 43.5699455], [0.1789804, 43.5704758]]]}, "properties": {"kind": "prive_autorisation", "section": "C", "numero": "48", "contenance": 4067, "source": "cadastre.data.gouv.fr (PCI Vecteur Etalab) + BDTOPO_V3:foret_publique (IGN)"}}, {"type": "Feature", "geometry": {"type": "Polygon", "coordinates": [[[0.1781019, 43.5712139], [0.1778648, 43.5706282], [0.178324, 43.5707476], [0.1783237, 43.5707553], [0.1783512, 43.5708935], [0.178396, 43.5711593], [0.1782883, 43.5711455], [0.1782469, 43.5711494], [0.1781019, 43.5712139]]]}, "properties": {"kind": "prive_autorisation", "section": "C", "numero": "46", "contenance": 1590, "source": "cadastre.data.gouv.fr (PCI Vecteur Etalab) + BDTOPO_V3:foret_publique (IGN)"}}, {"type": "Feature", "geometry": {"type": "Polygon", "coordinates": [[[0.180041, 43.5708011], [0.1799656, 43.5711165], [0.179826, 43.5713351], [0.1793659, 43.5711908], [0.1790429, 43.5710335], [0.1783512, 43.5708935], [0.1783237, 43.5707553], [0.1785768, 43.570764], [0.180041, 43.5708011]]]}, "properties": {"kind": "prive_autorisation", "section": "C", "numero": "44", "contenance": 4810, "source": "cadastre.data.gouv.fr (PCI Vecteur Etalab) + BDTOPO_V3:foret_publique (IGN)"}}, {"type": "Feature", "geometry": {"type": "Polygon", "coordinates": [[[0.1803397, 43.5708086], [0.1802794, 43.5713384], [0.1802674, 43.571411], [0.179826, 43.5713351], [0.1799656, 43.5711165], [0.180041, 43.5708011], [0.1803397, 43.5708086]]]}, "properties": {"kind": "prive_autorisation", "section": "C", "numero": "43", "contenance": 1836, "source": "cadastre.data.gouv.fr (PCI Vecteur Etalab) + BDTOPO_V3:foret_publique (IGN)"}}, {"type": "Feature", "geometry": {"type": "Polygon", "coordinates": [[[0.1724387, 43.5709328], [0.1728811, 43.5709395], [0.1728469, 43.5709884], [0.1727198, 43.5710656], [0.1724387, 43.5709328]]]}, "properties": {"kind": "prive_autorisation", "section": "C", "numero": "19", "contenance": 250, "source": "cadastre.data.gouv.fr (PCI Vecteur Etalab) + BDTOPO_V3:foret_publique (IGN)"}}, {"type": "Feature", "geometry": {"type": "Polygon", "coordinates": [[[0.1716162, 43.5711131], [0.1718144, 43.5709222], [0.1719019, 43.5709241], [0.1718515, 43.5711485], [0.1716162, 43.5711131]]]}, "properties": {"kind": "prive_autorisation", "section": "C", "numero": "16", "contenance": 310, "source": "cadastre.data.gouv.fr (PCI Vecteur Etalab) + BDTOPO_V3:foret_publique (IGN)"}}, {"type": "Feature", "geometry": {"type": "Polygon", "coordinates": [[[0.1721927, 43.5720159], [0.1715794, 43.5719008], [0.1713164, 43.5718507], [0.1710795, 43.5718057], [0.1711136, 43.5716], [0.17116, 43.5713182], [0.1711961, 43.5712739], [0.1717727, 43.5715798], [0.172155, 43.5715975], [0.172154, 43.5716052], [0.1722079, 43.5716245], [0.1721927, 43.5720159]]]}, "properties": {"kind": "prive_autorisation", "section": "C", "numero": "14", "contenance": 4157, "source": "cadastre.data.gouv.fr (PCI Vecteur Etalab) + BDTOPO_V3:foret_publique (IGN)"}}, {"type": "Feature", "geometry": {"type": "Polygon", "coordinates": [[[0.1711136, 43.5716], [0.1710795, 43.5718057], [0.1710601, 43.5719233], [0.1705686, 43.5718614], [0.1706032, 43.5715778], [0.1711136, 43.5716]]]}, "properties": {"kind": "prive_autorisation", "section": "C", "numero": "13", "contenance": 1403, "source": "cadastre.data.gouv.fr (PCI Vecteur Etalab) + BDTOPO_V3:foret_publique (IGN)"}}, {"type": "Feature", "geometry": {"type": "Polygon", "coordinates": [[[0.1710601, 43.5719233], [0.1709867, 43.5722337], [0.1708845, 43.5725237], [0.170878, 43.5725231], [0.1704542, 43.5724833], [0.1705686, 43.5718614], [0.1710601, 43.5719233]]]}, "properties": {"kind": "prive_autorisation", "section": "C", "numero": "12", "contenance": 2633, "source": "cadastre.data.gouv.fr (PCI Vecteur Etalab) + BDTOPO_V3:foret_publique (IGN)"}}, {"type": "Feature", "geometry": {"type": "Polygon", "coordinates": [[[0.1713164, 43.5718507], [0.1713, 43.5719167], [0.1712446, 43.572127], [0.1711841, 43.5723367], [0.1711183, 43.5725454], [0.1708845, 43.5725237], [0.1709867, 43.5722337], [0.1710601, 43.5719233], [0.1710795, 43.5718057], [0.1713164, 43.5718507]]]}, "properties": {"kind": "prive_autorisation", "section": "C", "numero": "11", "contenance": 1423, "source": "cadastre.data.gouv.fr (PCI Vecteur Etalab) + BDTOPO_V3:foret_publique (IGN)"}}, {"type": "Feature", "geometry": {"type": "Polygon", "coordinates": [[[0.1713747, 43.5725692], [0.1713366, 43.5725657], [0.1711183, 43.5725454], [0.1711841, 43.5723367], [0.1712446, 43.572127], [0.1713, 43.5719167], [0.1713164, 43.5718507], [0.1715794, 43.5719008], [0.1713747, 43.5725692]]]}, "properties": {"kind": "prive_autorisation", "section": "C", "numero": "10", "contenance": 1637, "source": "cadastre.data.gouv.fr (PCI Vecteur Etalab) + BDTOPO_V3:foret_publique (IGN)"}}, {"type": "Feature", "geometry": {"type": "Polygon", "coordinates": [[[0.1721927, 43.5720159], [0.1721561, 43.572178], [0.1719462, 43.5724305], [0.1718373, 43.5726151], [0.1713747, 43.5725692], [0.1715794, 43.5719008], [0.1721927, 43.5720159]]]}, "properties": {"kind": "prive_autorisation", "section": "C", "numero": "9", "contenance": 3364, "source": "cadastre.data.gouv.fr (PCI Vecteur Etalab) + BDTOPO_V3:foret_publique (IGN)"}}, {"type": "Feature", "geometry": {"type": "Polygon", "coordinates": [[[0.1721561, 43.572178], [0.1723624, 43.5724364], [0.1719767, 43.5727074], [0.1718373, 43.5726151], [0.1719462, 43.5724305], [0.1721561, 43.572178]]]}, "properties": {"kind": "prive_autorisation", "section": "C", "numero": "8", "contenance": 1148, "source": "cadastre.data.gouv.fr (PCI Vecteur Etalab) + BDTOPO_V3:foret_publique (IGN)"}}, {"type": "Feature", "geometry": {"type": "Polygon", "coordinates": [[[0.1708294, 43.573587], [0.1705439, 43.5735524], [0.170878, 43.5725231], [0.1708845, 43.5725237], [0.1711183, 43.5725454], [0.1713366, 43.5725657], [0.1710288, 43.5729531], [0.1708294, 43.573587]]]}, "properties": {"kind": "prive_autorisation", "section": "C", "numero": "6", "contenance": 2933, "source": "cadastre.data.gouv.fr (PCI Vecteur Etalab) + BDTOPO_V3:foret_publique (IGN)"}}, {"type": "Feature", "geometry": {"type": "Polygon", "coordinates": [[[0.170878, 43.5725231], [0.1705439, 43.5735524], [0.1702073, 43.5735147], [0.1703281, 43.5729989], [0.1704542, 43.5724833], [0.170878, 43.5725231]]]}, "properties": {"kind": "prive_autorisation", "section": "C", "numero": "5", "contenance": 3470, "source": "cadastre.data.gouv.fr (PCI Vecteur Etalab) + BDTOPO_V3:foret_publique (IGN)"}}, {"type": "Feature", "geometry": {"type": "Polygon", "coordinates": [[[0.174621, 43.5710395], [0.1743047, 43.5710781], [0.1742749, 43.5710817], [0.174183, 43.5708442], [0.1744927, 43.5708362], [0.1746628, 43.5708031], [0.174621, 43.5710395]]]}, "properties": {"kind": "prive_autorisation", "section": "C", "numero": "76", "contenance": 858, "source": "cadastre.data.gouv.fr (PCI Vecteur Etalab) + BDTOPO_V3:foret_publique (IGN)"}}, {"type": "Feature", "geometry": {"type": "Polygon", "coordinates": [[[0.1739321, 43.5708328], [0.174183, 43.5708442], [0.1742749, 43.5710817], [0.1739603, 43.5711201], [0.1734054, 43.5711874], [0.1734193, 43.5710612], [0.1734075, 43.5709464], [0.1734514, 43.5708094], [0.1739321, 43.5708328]]]}, "properties": {"kind": "prive_autorisation", "section": "C", "numero": "75", "contenance": 2190, "source": "cadastre.data.gouv.fr (PCI Vecteur Etalab) + BDTOPO_V3:foret_publique (IGN)"}}, {"type": "Feature", "geometry": {"type": "Polygon", "coordinates": [[[0.1744393, 43.5713525], [0.1742299, 43.5716333], [0.1735778, 43.5714685], [0.1734138, 43.5714271], [0.1734155, 43.5713565], [0.1734054, 43.5711874], [0.1739603, 43.5711201], [0.1741034, 43.5713857], [0.1744393, 43.5713525]]]}, "properties": {"kind": "prive_autorisation", "section": "C", "numero": "74", "contenance": 2645, "source": "cadastre.data.gouv.fr (PCI Vecteur Etalab) + BDTOPO_V3:foret_publique (IGN)"}}, {"type": "Feature", "geometry": {"type": "Polygon", "coordinates": [[[0.1744393, 43.5713525], [0.1741034, 43.5713857], [0.1739603, 43.5711201], [0.1742749, 43.5710817], [0.1743047, 43.5710781], [0.1744355, 43.571334], [0.1744393, 43.5713525]]]}, "properties": {"kind": "prive_autorisation", "section": "C", "numero": "73", "contenance": 870, "source": "cadastre.data.gouv.fr (PCI Vecteur Etalab) + BDTOPO_V3:foret_publique (IGN)"}}, {"type": "Feature", "geometry": {"type": "Polygon", "coordinates": [[[0.1751813, 43.5713316], [0.1744393, 43.5713525], [0.1744355, 43.571334], [0.1743047, 43.5710781], [0.174621, 43.5710395], [0.1752108, 43.5709674], [0.1751813, 43.5713316]]]}, "properties": {"kind": "prive_autorisation", "section": "C", "numero": "72", "contenance": 2401, "source": "cadastre.data.gouv.fr (PCI Vecteur Etalab) + BDTOPO_V3:foret_publique (IGN)"}}, {"type": "Feature", "geometry": {"type": "Polygon", "coordinates": [[[0.1755189, 43.5709298], [0.1754727, 43.5713233], [0.1751813, 43.5713316], [0.1752108, 43.5709674], [0.1755189, 43.5709298]]]}, "properties": {"kind": "prive_autorisation", "section": "C", "numero": "71", "contenance": 995, "source": "cadastre.data.gouv.fr (PCI Vecteur Etalab) + BDTOPO_V3:foret_publique (IGN)"}}, {"type": "Feature", "geometry": {"type": "Polygon", "coordinates": [[[0.1766817, 43.5735034], [0.1764041, 43.573162], [0.1770049, 43.5729903], [0.1768629, 43.5726118], [0.1771951, 43.5724723], [0.1774885, 43.5724205], [0.1777986, 43.5730986], [0.1778098, 43.5731945], [0.1766817, 43.5735034]]]}, "properties": {"kind": "prive_autorisation", "section": "C", "numero": "35", "contenance": 7245, "source": "cadastre.data.gouv.fr (PCI Vecteur Etalab) + BDTOPO_V3:foret_publique (IGN)"}}, {"type": "Feature", "geometry": {"type": "Polygon", "coordinates": [[[0.1731983, 43.5726612], [0.1733896, 43.5726106], [0.1733917, 43.5727967], [0.1733346, 43.5729018], [0.1732989, 43.5730045], [0.1732773, 43.573207], [0.1731983, 43.5726612]]]}, "properties": {"kind": "prive_autorisation", "section": "C", "numero": "22", "contenance": 511, "source": "cadastre.data.gouv.fr (PCI Vecteur Etalab) + BDTOPO_V3:foret_publique (IGN)"}}, {"type": "Feature", "geometry": {"type": "Polygon", "coordinates": [[[0.1771951, 43.5724723], [0.1772033, 43.5724516], [0.1772065, 43.5724302], [0.1772052, 43.572412], [0.177176, 43.5723564], [0.1769889, 43.5721751], [0.1768877, 43.5720594], [0.1774054, 43.572178], [0.1774885, 43.5724205], [0.1771951, 43.5724723]]]}, "properties": {"kind": "prive_autorisation", "section": "C", "numero": "352", "contenance": 965, "source": "cadastre.data.gouv.fr (PCI Vecteur Etalab) + BDTOPO_V3:foret_publique (IGN)"}}, {"type": "Feature", "geometry": {"type": "Polygon", "coordinates": [[[0.1766952, 43.5715633], [0.1771674, 43.5714894], [0.1773293, 43.5719556], [0.1774054, 43.572178], [0.1768877, 43.5720594], [0.1766952, 43.5715633]]]}, "properties": {"kind": "prive_autorisation", "section": "C", "numero": "351", "contenance": 2661, "source": "cadastre.data.gouv.fr (PCI Vecteur Etalab) + BDTOPO_V3:foret_publique (IGN)"}}, {"type": "Feature", "geometry": {"type": "Polygon", "coordinates": [[[0.1781285, 43.5718645], [0.178294, 43.5725706], [0.1781234, 43.572575], [0.1774885, 43.5724205], [0.1774054, 43.572178], [0.1773293, 43.5719556], [0.1781285, 43.5718645]]]}, "properties": {"kind": "prive_autorisation", "section": "C", "numero": "39", "contenance": 4372, "source": "cadastre.data.gouv.fr (PCI Vecteur Etalab) + BDTOPO_V3:foret_publique (IGN)"}}, {"type": "Feature", "geometry": {"type": "Polygon", "coordinates": [[[0.178294, 43.5725706], [0.1788013, 43.5725575], [0.1787088, 43.573257], [0.1778154, 43.5732286], [0.1778098, 43.5731945], [0.1777986, 43.5730986], [0.1774885, 43.5724205], [0.1781234, 43.572575], [0.178294, 43.5725706]]]}, "properties": {"kind": "prive_autorisation", "section": "C", "numero": "38", "contenance": 6718, "source": "cadastre.data.gouv.fr (PCI Vecteur Etalab) + BDTOPO_V3:foret_publique (IGN)"}}, {"type": "Feature", "geometry": {"type": "Polygon", "coordinates": [[[0.1764041, 43.573162], [0.1762881, 43.5730122], [0.1762794, 43.5729967], [0.176274, 43.5729774], [0.1762735, 43.5729577], [0.1762784, 43.5729384], [0.1763165, 43.5728901], [0.1768629, 43.5726118], [0.1770049, 43.5729903], [0.1764041, 43.573162]]]}, "properties": {"kind": "prive_autorisation", "section": "C", "numero": "34", "contenance": 2005, "source": "cadastre.data.gouv.fr (PCI Vecteur Etalab) + BDTOPO_V3:foret_publique (IGN)"}}, {"type": "Feature", "geometry": {"type": "Polygon", "coordinates": [[[0.1717654, 43.5748382], [0.1713735, 43.5748072], [0.1710011, 43.5751778], [0.1709373, 43.5751601], [0.171072, 43.5750044], [0.1713879, 43.5747421], [0.1713344, 43.5746705], [0.1713541, 43.5745709], [0.1718346, 43.5745905], [0.1717654, 43.5748382]]]}, "properties": {"kind": "prive_autorisation", "section": "C", "numero": "27", "contenance": 1309, "source": "cadastre.data.gouv.fr (PCI Vecteur Etalab) + BDTOPO_V3:foret_publique (IGN)"}}, {"type": "Feature", "geometry": {"type": "Polygon", "coordinates": [[[0.1707817, 43.5741811], [0.1714863, 43.5742683], [0.1714847, 43.5742719], [0.1714471, 43.5743622], [0.17141, 43.5743577], [0.1713759, 43.5744594], [0.1713541, 43.5745709], [0.1713344, 43.5746705], [0.1707969, 43.5746507], [0.1706057, 43.574612], [0.1706808, 43.574438], [0.1707507, 43.5742627], [0.1707817, 43.5741811]]]}, "properties": {"kind": "bati", "section": "C", "numero": "26", "contenance": 2780, "source": "cadastre.data.gouv.fr (PCI Vecteur Etalab) + BDTOPO_V3:foret_publique (IGN)"}}, {"type": "Feature", "geometry": {"type": "Polygon", "coordinates": [[[0.1718346, 43.5745905], [0.1713541, 43.5745709], [0.1713759, 43.5744594], [0.17141, 43.5743577], [0.1714471, 43.5743622], [0.1714847, 43.5742719], [0.1714863, 43.5742683], [0.1719105, 43.5743289], [0.1718474, 43.5745447], [0.1718346, 43.5745905]]]}, "properties": {"kind": "bati", "section": "C", "numero": "25", "contenance": 1240, "source": "cadastre.data.gouv.fr (PCI Vecteur Etalab) + BDTOPO_V3:foret_publique (IGN)"}}, {"type": "Feature", "geometry": {"type": "Polygon", "coordinates": [[[0.1714863, 43.5742683], [0.1715954, 43.5741777], [0.1718145, 43.5739584], [0.1720023, 43.5740088], [0.1719105, 43.5743289], [0.1714863, 43.5742683]]]}, "properties": {"kind": "prive_autorisation", "section": "C", "numero": "24", "contenance": 967, "source": "cadastre.data.gouv.fr (PCI Vecteur Etalab) + BDTOPO_V3:foret_publique (IGN)"}}, {"type": "Feature", "geometry": {"type": "Polygon", "coordinates": [[[0.1708294, 43.573587], [0.1706439, 43.5741423], [0.1703262, 43.5740053], [0.1700289, 43.5739007], [0.1700937, 43.573836], [0.1701474, 43.573726], [0.1702073, 43.5735147], [0.1705439, 43.5735524], [0.1708294, 43.573587]]]}, "properties": {"kind": "prive_autorisation", "section": "C", "numero": "4", "contenance": 2768, "source": "cadastre.data.gouv.fr (PCI Vecteur Etalab) + BDTOPO_V3:foret_publique (IGN)"}}, {"type": "Feature", "geometry": {"type": "Polygon", "coordinates": [[[0.1707817, 43.5741811], [0.1707507, 43.5742627], [0.1706808, 43.574438], [0.1706057, 43.574612], [0.1703454, 43.5745602], [0.1702438, 43.5745256], [0.1701366, 43.5744584], [0.1700184, 43.5743625], [0.1698838, 43.5742477], [0.1697528, 43.5741305], [0.1700289, 43.5739007], [0.1703262, 43.5740053], [0.1706439, 43.5741423], [0.1707155, 43.5741729], [0.1707817, 43.5741811]]]}, "properties": {"kind": "prive_autorisation", "section": "C", "numero": "3", "contenance": 3686, "source": "cadastre.data.gouv.fr (PCI Vecteur Etalab) + BDTOPO_V3:foret_publique (IGN)"}}, {"type": "Feature", "geometry": {"type": "Polygon", "coordinates": [[[0.1787088, 43.573257], [0.1789416, 43.5733719], [0.1791715, 43.57349], [0.1792492, 43.573531], [0.1795231, 43.5736725], [0.179383, 43.573903], [0.1793354, 43.5739643], [0.1792445, 43.5740485], [0.178809, 43.5738688], [0.178381, 43.5736965], [0.1781139, 43.5736027], [0.1778451, 43.5735309], [0.1777188, 43.5735078], [0.1778154, 43.5732286], [0.1787088, 43.573257]]]}, "properties": {"kind": "prive_autorisation", "section": "C", "numero": "37", "contenance": 6790, "source": "cadastre.data.gouv.fr (PCI Vecteur Etalab) + BDTOPO_V3:foret_publique (IGN)"}}, {"type": "Feature", "geometry": {"type": "Polygon", "coordinates": [[[0.1767671, 43.5736078], [0.1766817, 43.5735034], [0.1778098, 43.5731945], [0.1778154, 43.5732286], [0.1777188, 43.5735078], [0.1774883, 43.5735019], [0.1772455, 43.5735101], [0.1771649, 43.5735204], [0.1770633, 43.5735367], [0.176963, 43.5735568], [0.1768641, 43.5735805], [0.1767671, 43.5736078]]]}, "properties": {"kind": "prive_autorisation", "section": "C", "numero": "36", "contenance": 1795, "source": "cadastre.data.gouv.fr (PCI Vecteur Etalab) + BDTOPO_V3:foret_publique (IGN)"}}, {"type": "Feature", "geometry": {"type": "Polygon", "coordinates": [[[0.1689491, 43.5749621], [0.1683991, 43.575077], [0.1685419, 43.5749889], [0.168829, 43.5748217], [0.1689491, 43.5749621]]]}, "properties": {"kind": "prive_autorisation", "section": "C", "numero": "1", "contenance": 394, "source": "cadastre.data.gouv.fr (PCI Vecteur Etalab) + BDTOPO_V3:foret_publique (IGN)"}}, {"type": "Feature", "geometry": {"type": "Polygon", "coordinates": [[[0.1721455, 43.5747787], [0.1719336, 43.575265], [0.171684, 43.5752833], [0.1714641, 43.5752811], [0.1712188, 43.5752382], [0.1710011, 43.5751778], [0.1713735, 43.5748072], [0.1717654, 43.5748382], [0.1719653, 43.5748235], [0.1721455, 43.5747787]]]}, "properties": {"kind": "prive_autorisation", "section": "C", "numero": "28", "contenance": 3465, "source": "cadastre.data.gouv.fr (PCI Vecteur Etalab) + BDTOPO_V3:foret_publique (IGN)"}}, {"type": "Feature", "geometry": {"type": "Polygon", "coordinates": [[[0.1814057, 43.5617625], [0.1807944, 43.5616643], [0.1796392, 43.5614668], [0.1792247, 43.5613624], [0.1782358, 43.5610759], [0.1780892, 43.5610304], [0.1781157, 43.5609057], [0.178073, 43.5608406], [0.1779974, 43.5607946], [0.1779359, 43.5607252], [0.177906, 43.5607078], [0.1778683, 43.5606653], [0.1778776, 43.5605575], [0.1779732, 43.5603813], [0.1780881, 43.5602462], [0.1781079, 43.5600984], [0.1781934, 43.5600052], [0.1782926, 43.5598148], [0.1784703, 43.5597073], [0.1786145, 43.55954], [0.1786825, 43.5594379], [0.1787514, 43.559298], [0.178951, 43.5590966], [0.1790222, 43.5590332], [0.1791009, 43.5589446], [0.1792405, 43.5588278], [0.1793855, 43.5587507], [0.1796171, 43.5584453], [0.1797408, 43.5582631], [0.1798307, 43.5581509], [0.1802259, 43.5577464], [0.1807591, 43.5572701], [0.1812345, 43.5568285], [0.1813671, 43.5567106], [0.1814418, 43.5569142], [0.1816113, 43.5572935], [0.1817202, 43.5575223], [0.1817982, 43.5577259], [0.181809, 43.5578622], [0.1818043, 43.5579], [0.1817537, 43.5580945], [0.1812471, 43.559041], [0.1812227, 43.5590819], [0.1808465, 43.5596095], [0.1808295, 43.5598624], [0.1808162, 43.5599161], [0.1806773, 43.5601809], [0.1805158, 43.5605031], [0.1804823, 43.5606007], [0.1810781, 43.5608307], [0.1816676, 43.5610672], [0.1814876, 43.5616377], [0.1814565, 43.5617545], [0.1814057, 43.5617625]]]}, "properties": {"kind": "prive_autorisation", "section": "C", "numero": "322", "contenance": 89488, "source": "cadastre.data.gouv.fr (PCI Vecteur Etalab) + BDTOPO_V3:foret_publique (IGN)"}}, {"type": "Feature", "geometry": {"type": "Polygon", "coordinates": [[[0.1729696, 43.556263], [0.1719499, 43.5563216], [0.1717697, 43.5557353], [0.1717357, 43.5556088], [0.1721857, 43.5556522], [0.1723233, 43.5556166], [0.1722464, 43.5549356], [0.1723332, 43.5549353], [0.1728452, 43.5550153], [0.1729019, 43.555005], [0.1731338, 43.5549645], [0.173367, 43.5549278], [0.1735181, 43.5549211], [0.1737478, 43.554925], [0.174674, 43.5547101], [0.17504, 43.5546114], [0.1756418, 43.554475], [0.1757556, 43.5546149], [0.1758594, 43.5549243], [0.1760662, 43.5555518], [0.1762681, 43.5561801], [0.1762404, 43.5562351], [0.1756374, 43.5564872], [0.1751693, 43.5566719], [0.1746989, 43.5568533], [0.1745452, 43.5569115], [0.1745243, 43.5568673], [0.1744361, 43.556681], [0.174316, 43.5564382], [0.1741911, 43.5561966], [0.1738398, 43.5562152], [0.1734357, 43.5562364], [0.1729696, 43.556263]]]}, "properties": {"kind": "prive_autorisation", "section": "C", "numero": "340", "contenance": 58077, "source": "cadastre.data.gouv.fr (PCI Vecteur Etalab) + BDTOPO_V3:foret_publique (IGN)"}}, {"type": "Feature", "geometry": {"type": "Polygon", "coordinates": [[[0.1744524, 43.5535519], [0.1747594, 43.5546483], [0.173757, 43.554876], [0.1734442, 43.5548822], [0.1733355, 43.5548907], [0.172838, 43.5549775], [0.1724022, 43.5548958], [0.1722253, 43.5548909], [0.1721144, 43.5549009], [0.1717065, 43.5548962], [0.1716596, 43.5548937], [0.1715564, 43.5548854], [0.1714538, 43.5548733], [0.1713027, 43.5548674], [0.1710057, 43.5548677], [0.1703886, 43.5548714], [0.1697715, 43.554879], [0.1691544, 43.5548902], [0.1690748, 43.5548866], [0.1688224, 43.5548727], [0.1685706, 43.5548549], [0.1683666, 43.554851], [0.1681968, 43.5548519], [0.1680532, 43.554834], [0.1677887, 43.5547676], [0.167634, 43.5547558], [0.1674917, 43.5547584], [0.1671942, 43.5547988], [0.1671731, 43.5542393], [0.1671549, 43.554239], [0.1671541, 43.5542144], [0.1671789, 43.554209], [0.1679268, 43.5541339], [0.1686738, 43.5540551], [0.1688873, 43.5540318], [0.1693817, 43.5538958], [0.1704393, 43.5538692], [0.1707238, 43.5538868], [0.1708002, 43.553866], [0.1710123, 43.5537468], [0.1711498, 43.5537307], [0.1712961, 43.5537533], [0.1712992, 43.5537559], [0.171269, 43.5537757], [0.1711369, 43.5537577], [0.1710138, 43.5537779], [0.1708508, 43.5538779], [0.1707624, 43.5539145], [0.1707909, 43.5540172], [0.1715634, 43.5540067], [0.1716082, 43.5540062], [0.1717238, 43.5540999], [0.1718762, 43.5541324], [0.1723502, 43.5540987], [0.1728237, 43.5540614], [0.1731489, 43.5540335], [0.1732926, 43.5539797], [0.1737254, 43.5537818], [0.1744524, 43.5535519]]]}, "properties": {"kind": "prive_autorisation", "section": "C", "numero": "339", "contenance": 58939, "source": "cadastre.data.gouv.fr (PCI Vecteur Etalab) + BDTOPO_V3:foret_publique (IGN)"}}, {"type": "Feature", "geometry": {"type": "Polygon", "coordinates": [[[0.1787393, 43.5538645], [0.1786612, 43.5538642], [0.1784859, 43.5538409], [0.1782443, 43.553916], [0.1781857, 43.5539078], [0.1781055, 43.5539094], [0.1781192, 43.5540365], [0.1783571, 43.5540192], [0.1785025, 43.5540207], [0.1786011, 43.5540559], [0.1786414, 43.5540807], [0.1786176, 43.5541036], [0.1784793, 43.5541474], [0.1783308, 43.5541584], [0.1781783, 43.5541734], [0.1780266, 43.5541923], [0.1778268, 43.5542278], [0.1775252, 43.5542345], [0.1772057, 43.554238], [0.1768863, 43.5542375], [0.1759654, 43.5542844], [0.1756733, 43.5543645], [0.1756466, 43.5544334], [0.1752032, 43.554524], [0.1749253, 43.5546066], [0.1747594, 43.5546483], [0.1744524, 43.5535519], [0.1747318, 43.5534633], [0.1751907, 43.5534814], [0.1754806, 43.5534526], [0.1758543, 43.5534766], [0.1759065, 43.5535064], [0.17803, 43.5532914], [0.1780551, 43.5532973], [0.1793481, 43.5531831], [0.1808553, 43.5526425], [0.1814651, 43.5524513], [0.1815791, 43.5527271], [0.1816371, 43.552899], [0.1816497, 43.5529953], [0.1816135, 43.5530316], [0.1806137, 43.5533759], [0.1801617, 43.5534784], [0.1795927, 43.5536424], [0.1795975, 43.5536549], [0.1792094, 43.5537739], [0.1790328, 43.5538194], [0.1787403, 43.5538617], [0.1787393, 43.5538645]]]}, "properties": {"kind": "prive_autorisation", "section": "C", "numero": "336", "contenance": 48549, "source": "cadastre.data.gouv.fr (PCI Vecteur Etalab) + BDTOPO_V3:foret_publique (IGN)"}}, {"type": "Feature", "geometry": {"type": "Polygon", "coordinates": [[[0.1811502, 43.5544622], [0.1810373, 43.5545499], [0.1807366, 43.55475], [0.1805609, 43.5548795], [0.1802011, 43.5550742], [0.1798385, 43.5552659], [0.1794781, 43.5554518], [0.1792879, 43.555513], [0.1781752, 43.5557734], [0.1774963, 43.5559294], [0.1763635, 43.5561976], [0.1763145, 43.5561869], [0.1761249, 43.5555943], [0.1759304, 43.5550024], [0.1757409, 43.5544417], [0.1758621, 43.5544113], [0.1759851, 43.5543845], [0.1760754, 43.5543672], [0.1771358, 43.5543201], [0.1776713, 43.5543147], [0.1779287, 43.5543044], [0.1780782, 43.5542794], [0.1782016, 43.5542588], [0.1782685, 43.5542636], [0.1784674, 43.5543136], [0.1785541, 43.5543093], [0.1786283, 43.5542873], [0.1787023, 43.5542938], [0.1788157, 43.5542585], [0.1791304, 43.5542266], [0.1795148, 43.5542881], [0.1798576, 43.5542674], [0.1801083, 43.5542792], [0.1802624, 43.5542501], [0.18063, 43.5543293], [0.1808614, 43.5543704], [0.1810637, 43.5544507], [0.1811502, 43.5544622]]]}, "properties": {"kind": "prive_autorisation", "section": "C", "numero": "335", "contenance": 59180, "source": "cadastre.data.gouv.fr (PCI Vecteur Etalab) + BDTOPO_V3:foret_publique (IGN)"}}, {"type": "Feature", "geometry": {"type": "Polygon", "coordinates": [[[0.1714006, 43.5598695], [0.1719885, 43.560374], [0.1706608, 43.5607408], [0.170741, 43.5608239], [0.1700006, 43.5611145], [0.1699312, 43.5610831], [0.1697977, 43.5610227], [0.1695133, 43.5609299], [0.1689422, 43.5607879], [0.1684514, 43.560774], [0.1678898, 43.5607513], [0.167786, 43.5602779], [0.1677907, 43.5601482], [0.167723, 43.5590993], [0.1677623, 43.5587251], [0.1678427, 43.5586116], [0.1678503, 43.5585787], [0.1679595, 43.5576982], [0.1684823, 43.5576954], [0.1689621, 43.5577163], [0.1690674, 43.5577421], [0.1692634, 43.5578594], [0.1695834, 43.5581281], [0.1700192, 43.5586522], [0.1695343, 43.5589063], [0.1699433, 43.5593827], [0.1707279, 43.5600731], [0.1710273, 43.5599341], [0.1712312, 43.559728], [0.1714006, 43.5598695]]]}, "properties": {"kind": "prive_autorisation", "section": "C", "numero": "254", "contenance": 71180, "source": "cadastre.data.gouv.fr (PCI Vecteur Etalab) + BDTOPO_V3:foret_publique (IGN)"}}, {"type": "Feature", "geometry": {"type": "Polygon", "coordinates": [[[0.1712678, 43.5576866], [0.1712036, 43.5574501], [0.1707819, 43.5575139], [0.1707187, 43.5573293], [0.1706068, 43.5573514], [0.1706619, 43.5575346], [0.1705408, 43.557555], [0.1704707, 43.5575668], [0.1705068, 43.5576815], [0.1705323, 43.5577631], [0.1702865, 43.5577904], [0.1701111, 43.5576656], [0.170028, 43.5576181], [0.1698881, 43.5575519], [0.1697528, 43.5574926], [0.1696683, 43.5574859], [0.1696604, 43.5575185], [0.1690868, 43.5572281], [0.1689704, 43.5571506], [0.1683816, 43.5565998], [0.1683998, 43.556587], [0.1681042, 43.5562852], [0.1691404, 43.5558925], [0.1688504, 43.5549111], [0.1691557, 43.5549219], [0.1697781, 43.5549196], [0.1704122, 43.5549103], [0.1710673, 43.5549041], [0.1713506, 43.5549083], [0.171557, 43.5549327], [0.1717865, 43.5549374], [0.1722464, 43.5549356], [0.1723233, 43.5556166], [0.1721857, 43.5556522], [0.1717357, 43.5556088], [0.1717697, 43.5557353], [0.1719499, 43.5563216], [0.1720715, 43.5567323], [0.1723423, 43.5576516], [0.1722493, 43.5576666], [0.1719259, 43.5577019], [0.1712678, 43.5576866]]]}, "properties": {"kind": "bati", "section": "C", "numero": "230", "contenance": 79500, "source": "cadastre.data.gouv.fr (PCI Vecteur Etalab) + BDTOPO_V3:foret_publique (IGN)"}}, {"type": "Feature", "geometry": {"type": "Polygon", "coordinates": [[[0.174224, 43.5587553], [0.1742181, 43.5571089], [0.1742913, 43.5570828], [0.1744174, 43.5570141], [0.1752207, 43.5566939], [0.1761291, 43.5563266], [0.1762189, 43.5563056], [0.17627, 43.5563012], [0.1762949, 43.5562933], [0.1763173, 43.556282], [0.176336, 43.5562679], [0.1763407, 43.5562635], [0.1766606, 43.5561743], [0.1770576, 43.5560798], [0.1773055, 43.5569891], [0.1775834, 43.5580386], [0.1769579, 43.5581619], [0.1767818, 43.55837], [0.1764734, 43.5587253], [0.1763442, 43.5588781], [0.176294, 43.5589412], [0.1762867, 43.5589378], [0.1759419, 43.5593402], [0.1758256, 43.5592911], [0.1757568, 43.5593706], [0.1755301, 43.5592918], [0.174224, 43.5587553]]]}, "properties": {"kind": "bati", "section": "C", "numero": "204", "contenance": 66222, "source": "cadastre.data.gouv.fr (PCI Vecteur Etalab) + BDTOPO_V3:foret_publique (IGN)"}}, {"type": "Feature", "geometry": {"type": "Polygon", "coordinates": [[[0.1724626, 43.5593251], [0.1738535, 43.558902], [0.1729599, 43.5578436], [0.1728747, 43.5577316], [0.1727714, 43.5576251], [0.1729439, 43.5575832], [0.1731627, 43.5575125], [0.1733904, 43.5574263], [0.1740152, 43.5571627], [0.174154, 43.5571234], [0.1741766, 43.5571238], [0.1742181, 43.5571089], [0.174224, 43.5587553], [0.1742194, 43.5592074], [0.1746469, 43.5596819], [0.1743675, 43.559625], [0.1731733, 43.559585], [0.1730045, 43.5595759], [0.1728431, 43.559554], [0.1727822, 43.5595314], [0.1724626, 43.5593251]]]}, "properties": {"kind": "prive_autorisation", "section": "C", "numero": "203", "contenance": 22627, "source": "cadastre.data.gouv.fr (PCI Vecteur Etalab) + BDTOPO_V3:foret_publique (IGN)"}}, {"type": "Feature", "geometry": {"type": "Polygon", "coordinates": [[[0.1804155, 43.5575504], [0.1795724, 43.5571923], [0.179564, 43.5571761], [0.17937, 43.5566489], [0.1790903, 43.5558875], [0.1789951, 43.5556334], [0.1793568, 43.5555508], [0.1795384, 43.5554889], [0.1797276, 43.5553976], [0.1801027, 43.5551883], [0.1804812, 43.5549819], [0.1806722, 43.5548795], [0.18069, 43.554884], [0.1807572, 43.5549863], [0.1808793, 43.5552617], [0.1809787, 43.5554353], [0.1811225, 43.5557193], [0.1812106, 43.5559301], [0.1812557, 43.5560844], [0.1812959, 43.5562393], [0.1813201, 43.556345], [0.1813592, 43.5566851], [0.1804155, 43.5575504]]]}, "properties": {"kind": "prive_autorisation", "section": "C", "numero": "334", "contenance": 35043, "source": "cadastre.data.gouv.fr (PCI Vecteur Etalab) + BDTOPO_V3:foret_publique (IGN)"}}, {"type": "Feature", "geometry": {"type": "Polygon", "coordinates": [[[0.1730981, 43.561925], [0.1720825, 43.5620894], [0.171952, 43.5621178], [0.1716658, 43.5619368], [0.17117, 43.5616783], [0.1709734, 43.5615931], [0.1709128, 43.5615557], [0.1707034, 43.561412], [0.1701078, 43.5611629], [0.1700006, 43.5611145], [0.170741, 43.5608239], [0.1706608, 43.5607408], [0.1719885, 43.560374], [0.1714006, 43.5598695], [0.1720889, 43.559206], [0.1726281, 43.5595594], [0.1726887, 43.5596051], [0.1728417, 43.5596505], [0.173007, 43.55967], [0.1736415, 43.5596853], [0.1743592, 43.5597072], [0.1746291, 43.5597557], [0.1747372, 43.5597956], [0.174827, 43.5598523], [0.174896, 43.5599165], [0.174966, 43.5600302], [0.1750121, 43.5601387], [0.175011, 43.56017], [0.1750054, 43.5602122], [0.1749945, 43.560254], [0.1749297, 43.5604061], [0.1748639, 43.560463], [0.1741095, 43.5608321], [0.1740033, 43.5608971], [0.1739002, 43.5609651], [0.1738009, 43.5610358], [0.1737761, 43.5610543], [0.1734712, 43.5613469], [0.1731861, 43.5617625], [0.1730981, 43.561925]]]}, "properties": {"kind": "prive_autorisation", "section": "C", "numero": "338", "contenance": 66340, "source": "cadastre.data.gouv.fr (PCI Vecteur Etalab) + BDTOPO_V3:foret_publique (IGN)"}}, {"type": "Feature", "geometry": {"type": "Polygon", "coordinates": [[[0.1729577, 43.5648637], [0.1730857, 43.5646314], [0.173163, 43.564653], [0.173322, 43.5646977], [0.1733831, 43.5645935], [0.1734, 43.5645993], [0.1734368, 43.5645325], [0.1731598, 43.5644386], [0.1732345, 43.5641252], [0.1733187, 43.5637412], [0.1733701, 43.5633131], [0.1733657, 43.5630665], [0.1732966, 43.5627795], [0.173223, 43.5626014], [0.1731137, 43.5623852], [0.1732112, 43.5624428], [0.173501, 43.5624489], [0.173499, 43.5622931], [0.1736541, 43.5621927], [0.1738231, 43.5620833], [0.174061, 43.5619294], [0.174146, 43.5619436], [0.1744769, 43.5621937], [0.1744939, 43.5621892], [0.1754949, 43.5621448], [0.1758568, 43.5619793], [0.1765093, 43.5619952], [0.1771312, 43.5621196], [0.1770962, 43.5621798], [0.17702, 43.5622509], [0.1768794, 43.5624847], [0.1768392, 43.5625234], [0.1768029, 43.5625643], [0.1767715, 43.5626073], [0.1767645, 43.5626179], [0.1767776, 43.5626895], [0.1765591, 43.5629978], [0.1763648, 43.5631021], [0.1763537, 43.5631462], [0.1762474, 43.5631778], [0.175824, 43.5631249], [0.1757938, 43.5633202], [0.1756685, 43.5637153], [0.1756132, 43.563955], [0.1755409, 43.5640651], [0.1752166, 43.564231], [0.174931, 43.5642404], [0.1749087, 43.5644999], [0.1748865, 43.5645091], [0.1742304, 43.5649649], [0.1729577, 43.5648637]]]}, "properties": {"kind": "bati", "section": "C", "numero": "158", "contenance": 65463, "source": "cadastre.data.gouv.fr (PCI Vecteur Etalab) + BDTOPO_V3:foret_publique (IGN)"}}, {"type": "Feature", "geometry": {"type": "Polygon", "coordinates": [[[0.1673672, 43.5653858], [0.1679757, 43.5651378], [0.1682076, 43.5650431], [0.1684664, 43.5649107], [0.1686258, 43.5648171], [0.1693325, 43.5644069], [0.1693519, 43.5644373], [0.1695472, 43.5645974], [0.1697819, 43.5650241], [0.1697834, 43.5650651], [0.1696515, 43.5651028], [0.1695888, 43.5652074], [0.1696935, 43.5655112], [0.1696799, 43.5655197], [0.1698232, 43.5659219], [0.1698852, 43.5660908], [0.1698467, 43.5661054], [0.1699663, 43.5663869], [0.1697871, 43.5664078], [0.1698421, 43.5665063], [0.1699601, 43.5666406], [0.1700232, 43.5666901], [0.1700587, 43.5668846], [0.1700196, 43.5669039], [0.169265, 43.5672729], [0.1691312, 43.5670718], [0.1690628, 43.5669881], [0.1685133, 43.56634], [0.1684332, 43.5662571], [0.167846, 43.5657102], [0.1673672, 43.5653858]]]}, "properties": {"kind": "prive_autorisation", "section": "C", "numero": "131", "contenance": 33768, "source": "cadastre.data.gouv.fr (PCI Vecteur Etalab) + BDTOPO_V3:foret_publique (IGN)"}}, {"type": "Feature", "geometry": {"type": "Polygon", "coordinates": [[[0.1672144, 43.5567877], [0.1670473, 43.5571476], [0.1669554, 43.5572837], [0.1669272, 43.557486], [0.1669208, 43.5575868], [0.1669631, 43.5580872], [0.166957, 43.5580864], [0.166546, 43.5582081], [0.1664929, 43.5576335], [0.1663552, 43.5576516], [0.1657448, 43.5577299], [0.1656716, 43.5577392], [0.165234, 43.5577953], [0.165155, 43.5578054], [0.1652545, 43.5572245], [0.1653335, 43.5571464], [0.1662684, 43.5563419], [0.1666238, 43.5563167], [0.1666715, 43.5565971], [0.1669728, 43.5566375], [0.1669832, 43.5567403], [0.1672144, 43.5567877]]]}, "properties": {"kind": "prive_autorisation", "section": "C", "numero": "262", "contenance": 18929, "source": "cadastre.data.gouv.fr (PCI Vecteur Etalab) + BDTOPO_V3:foret_publique (IGN)"}}, {"type": "Feature", "geometry": {"type": "Polygon", "coordinates": [[[0.1678778, 43.5582038], [0.1669631, 43.5580872], [0.1669208, 43.5575868], [0.1669272, 43.557486], [0.1669554, 43.5572837], [0.1670473, 43.5571476], [0.1672144, 43.5567877], [0.1672562, 43.5567928], [0.1672771, 43.5567553], [0.1672853, 43.5567406], [0.1673754, 43.5567085], [0.1673817, 43.5567062], [0.1674571, 43.5565949], [0.1680563, 43.5566267], [0.1680388, 43.5568188], [0.1680095, 43.5572656], [0.1679197, 43.5578644], [0.1678778, 43.5582038]]]}, "properties": {"kind": "bati", "section": "C", "numero": "257", "contenance": 13047, "source": "cadastre.data.gouv.fr (PCI Vecteur Etalab) + BDTOPO_V3:foret_publique (IGN)"}}, {"type": "Feature", "geometry": {"type": "Polygon", "coordinates": [[[0.1695834, 43.5581281], [0.1692634, 43.5578594], [0.1690674, 43.5577421], [0.1689621, 43.5577163], [0.1684823, 43.5576954], [0.1679595, 43.5576982], [0.1680384, 43.5572093], [0.1680687, 43.5568096], [0.1683232, 43.5566743], [0.1687486, 43.5570906], [0.1688505, 43.5571827], [0.1689396, 43.5572453], [0.1700703, 43.5578289], [0.1698168, 43.5579846], [0.1696834, 43.5580667], [0.1695834, 43.5581281]]]}, "properties": {"kind": "prive_autorisation", "section": "C", "numero": "255", "contenance": 10632, "source": "cadastre.data.gouv.fr (PCI Vecteur Etalab) + BDTOPO_V3:foret_publique (IGN)"}}, {"type": "Feature", "geometry": {"type": "Polygon", "coordinates": [[[0.1688504, 43.5549111], [0.1691404, 43.5558925], [0.1681042, 43.5562852], [0.1675513, 43.5557042], [0.1672562, 43.5554021], [0.16722, 43.5553348], [0.1671995, 43.5548449], [0.167539, 43.554799], [0.1677244, 43.5547949], [0.1681666, 43.5549001], [0.1685015, 43.5548921], [0.1688504, 43.5549111]]]}, "properties": {"kind": "prive_autorisation", "section": "C", "numero": "229", "contenance": 17800, "source": "cadastre.data.gouv.fr (PCI Vecteur Etalab) + BDTOPO_V3:foret_publique (IGN)"}}, {"type": "Feature", "geometry": {"type": "Polygon", "coordinates": [[[0.1773055, 43.5569891], [0.1770576, 43.5560798], [0.1775676, 43.5559611], [0.1776574, 43.5561809], [0.1790903, 43.5558875], [0.17937, 43.5566489], [0.1773055, 43.5569891]]]}, "properties": {"kind": "prive_autorisation", "section": "C", "numero": "206", "contenance": 15212, "source": "cadastre.data.gouv.fr (PCI Vecteur Etalab) + BDTOPO_V3:foret_publique (IGN)"}}, {"type": "Feature", "geometry": {"type": "Polygon", "coordinates": [[[0.1775834, 43.5580386], [0.1773055, 43.5569891], [0.17937, 43.5566489], [0.179564, 43.5571761], [0.1780215, 43.5574343], [0.1781779, 43.5579222], [0.1775834, 43.5580386]]]}, "properties": {"kind": "prive_autorisation", "section": "C", "numero": "205", "contenance": 13332, "source": "cadastre.data.gouv.fr (PCI Vecteur Etalab) + BDTOPO_V3:foret_publique (IGN)"}}, {"type": "Feature", "geometry": {"type": "Polygon", "coordinates": [[[0.1786, 43.5595034], [0.1782479, 43.5593967], [0.1780242, 43.5593791], [0.1779214, 43.5594237], [0.1778694, 43.5594699], [0.1776742, 43.5594006], [0.1782201, 43.5587079], [0.1784717, 43.558412], [0.1788877, 43.5579267], [0.1795724, 43.5571923], [0.1804155, 43.5575504], [0.1802002, 43.5577419], [0.1798356, 43.5581118], [0.1797393, 43.5582222], [0.1794057, 43.5586931], [0.1793336, 43.5587577], [0.1792115, 43.5588181], [0.1791178, 43.5588889], [0.1789847, 43.5590319], [0.1787764, 43.559214], [0.1787167, 43.5593035], [0.1786846, 43.5593674], [0.1786447, 43.5594361], [0.1786, 43.5595034]]]}, "properties": {"kind": "prive_autorisation", "section": "C", "numero": "188", "contenance": 20480, "source": "cadastre.data.gouv.fr (PCI Vecteur Etalab) + BDTOPO_V3:foret_publique (IGN)"}}, {"type": "Feature", "geometry": {"type": "Polygon", "coordinates": [[[0.16681, 43.5603385], [0.1666998, 43.5598674], [0.1665447, 43.558964], [0.1665227, 43.5588204], [0.1666134, 43.5588158], [0.1664796, 43.5582288], [0.166546, 43.5582081], [0.166957, 43.5580864], [0.1669631, 43.5580872], [0.1678778, 43.5582038], [0.1678251, 43.5586057], [0.1677402, 43.5587243], [0.1677065, 43.5590947], [0.167711, 43.5593085], [0.1677681, 43.560106], [0.1677671, 43.5601407], [0.16681, 43.5603385]]]}, "properties": {"kind": "prive_autorisation", "section": "C", "numero": "332", "contenance": 21859, "source": "cadastre.data.gouv.fr (PCI Vecteur Etalab) + BDTOPO_V3:foret_publique (IGN)"}}, {"type": "Feature", "geometry": {"type": "Polygon", "coordinates": [[[0.1669398, 43.5618763], [0.1669265, 43.5614727], [0.1669033, 43.5612892], [0.1671978, 43.5612617], [0.1671742, 43.5607332], [0.1678636, 43.5607482], [0.1680621, 43.5616734], [0.1676786, 43.5618471], [0.1668868, 43.5623327], [0.1669398, 43.5618763]]]}, "properties": {"kind": "prive_autorisation", "section": "C", "numero": "280", "contenance": 10525, "source": "cadastre.data.gouv.fr (PCI Vecteur Etalab) + BDTOPO_V3:foret_publique (IGN)"}}, {"type": "Feature", "geometry": {"type": "Polygon", "coordinates": [[[0.1712312, 43.559728], [0.1710273, 43.5599341], [0.1707279, 43.5600731], [0.1699433, 43.5593827], [0.1695343, 43.5589063], [0.1700192, 43.5586522], [0.1703465, 43.5590397], [0.1704644, 43.5591512], [0.1706082, 43.5592384], [0.1707396, 43.5593184], [0.1712312, 43.559728]]]}, "properties": {"kind": "prive_autorisation", "section": "C", "numero": "253", "contenance": 8215, "source": "cadastre.data.gouv.fr (PCI Vecteur Etalab) + BDTOPO_V3:foret_publique (IGN)"}}, {"type": "Feature", "geometry": {"type": "Polygon", "coordinates": [[[0.1727714, 43.5576251], [0.1728747, 43.5577316], [0.1729599, 43.5578436], [0.1738535, 43.558902], [0.1724626, 43.5593251], [0.1719906, 43.5590185], [0.1713487, 43.558579], [0.170361, 43.5578942], [0.1704278, 43.5578402], [0.1712601, 43.5577605], [0.1719278, 43.557783], [0.1720757, 43.5577738], [0.172215, 43.5577506], [0.172353, 43.5577237], [0.1724597, 43.5577004], [0.1727714, 43.5576251]]]}, "properties": {"kind": "prive_autorisation", "section": "C", "numero": "202", "contenance": 28335, "source": "cadastre.data.gouv.fr (PCI Vecteur Etalab) + BDTOPO_V3:foret_publique (IGN)"}}, {"type": "Feature", "geometry": {"type": "Polygon", "coordinates": [[[0.1744939, 43.5621892], [0.1744264, 43.5620249], [0.1742754, 43.5617891], [0.1740413, 43.5613438], [0.1738348, 43.5611134], [0.1741481, 43.5608956], [0.174286, 43.5608244], [0.1744918, 43.5607282], [0.1748429, 43.5605677], [0.1751965, 43.5604103], [0.1754759, 43.5603154], [0.1757017, 43.5602635], [0.1758467, 43.5602488], [0.1761191, 43.5602316], [0.1762153, 43.5602401], [0.1763726, 43.5602982], [0.1771199, 43.5606788], [0.1775652, 43.5608932], [0.1780075, 43.5611214], [0.1779388, 43.561224], [0.1778412, 43.5612955], [0.1777972, 43.5613695], [0.1776074, 43.5614647], [0.1775867, 43.5615599], [0.177439, 43.5617127], [0.1774042, 43.5617987], [0.1772867, 43.5618831], [0.1772709, 43.5619483], [0.1771821, 43.5620324], [0.1771312, 43.5621196], [0.1765093, 43.5619952], [0.1758568, 43.5619793], [0.1754949, 43.5621448], [0.1744939, 43.5621892]]]}, "properties": {"kind": "prive_autorisation", "section": "C", "numero": "165", "contenance": 49290, "source": "cadastre.data.gouv.fr (PCI Vecteur Etalab) + BDTOPO_V3:foret_publique (IGN)"}}, {"type": "Feature", "geometry": {"type": "Polygon", "coordinates": [[[0.1769808, 43.5592582], [0.1766494, 43.5591052], [0.1766189, 43.5590912], [0.176294, 43.5589412], [0.1763442, 43.5588781], [0.1764734, 43.5587253], [0.1767818, 43.55837], [0.1769579, 43.5581619], [0.1775834, 43.5580386], [0.1781779, 43.5579222], [0.1778869, 43.5582526], [0.1776325, 43.5585348], [0.1769808, 43.5592582]]]}, "properties": {"kind": "bati", "section": "C", "numero": "195", "contenance": 9443, "source": "cadastre.data.gouv.fr (PCI Vecteur Etalab) + BDTOPO_V3:foret_publique (IGN)"}}, {"type": "Feature", "geometry": {"type": "Polygon", "coordinates": [[[0.176284, 43.5601574], [0.1762485, 43.5601369], [0.1765052, 43.5598112], [0.1765369, 43.5598094], [0.1767451, 43.5597968], [0.1767459, 43.5597866], [0.1767654, 43.5597834], [0.1771722, 43.5597753], [0.1777591, 43.5596687], [0.1775419, 43.5600527], [0.1774576, 43.560316], [0.1775073, 43.5603836], [0.1778495, 43.5605295], [0.177835, 43.5605729], [0.1778291, 43.5606754], [0.1778605, 43.5607127], [0.177921, 43.5607493], [0.1779722, 43.5608181], [0.178065, 43.56088], [0.1780749, 43.5608911], [0.1780697, 43.5609744], [0.1780594, 43.5610117], [0.1776018, 43.5608181], [0.176284, 43.5601574]]]}, "properties": {"kind": "prive_autorisation", "section": "C", "numero": "193", "contenance": 9214, "source": "cadastre.data.gouv.fr (PCI Vecteur Etalab) + BDTOPO_V3:foret_publique (IGN)"}}, {"type": "Feature", "geometry": {"type": "Polygon", "coordinates": [[[0.1782201, 43.5587079], [0.1776742, 43.5594006], [0.1778694, 43.5594699], [0.1777591, 43.5596687], [0.1771722, 43.5597753], [0.1767654, 43.5597834], [0.1767459, 43.5597866], [0.1767451, 43.5597968], [0.1765369, 43.5598094], [0.1765802, 43.5597557], [0.1769808, 43.5592582], [0.1776325, 43.5585348], [0.1782201, 43.5587079]]]}, "properties": {"kind": "prive_autorisation", "section": "C", "numero": "191", "contenance": 8891, "source": "cadastre.data.gouv.fr (PCI Vecteur Etalab) + BDTOPO_V3:foret_publique (IGN)"}}, {"type": "Feature", "geometry": {"type": "Polygon", "coordinates": [[[0.166738, 43.5635543], [0.1668639, 43.5637635], [0.1662372, 43.5640371], [0.1658192, 43.5642226], [0.1653815, 43.5638745], [0.1652847, 43.5638017], [0.1652322, 43.5637268], [0.1652462, 43.5633412], [0.1653013, 43.562699], [0.1653125, 43.5626997], [0.1659678, 43.5626921], [0.1662551, 43.562562], [0.1665111, 43.5624506], [0.1665462, 43.563052], [0.1666651, 43.5634324], [0.166738, 43.5635543]]]}, "properties": {"kind": "prive_autorisation", "section": "C", "numero": "297", "contenance": 17120, "source": "cadastre.data.gouv.fr (PCI Vecteur Etalab) + BDTOPO_V3:foret_publique (IGN)"}}, {"type": "Feature", "geometry": {"type": "Polygon", "coordinates": [[[0.1682427, 43.5631488], [0.166738, 43.5635543], [0.1666651, 43.5634324], [0.1665462, 43.563052], [0.1665111, 43.5624506], [0.1668344, 43.5625527], [0.167857, 43.5622964], [0.1682427, 43.5631488]]]}, "properties": {"kind": "prive_autorisation", "section": "C", "numero": "296", "contenance": 12905, "source": "cadastre.data.gouv.fr (PCI Vecteur Etalab) + BDTOPO_V3:foret_publique (IGN)"}}, {"type": "Feature", "geometry": {"type": "Polygon", "coordinates": [[[0.168229, 43.5634112], [0.1681171, 43.5632404], [0.1682737, 43.5632123], [0.1682427, 43.5631488], [0.167857, 43.5622964], [0.1668344, 43.5625527], [0.1665111, 43.5624506], [0.1665552, 43.5624314], [0.166741, 43.5623775], [0.166879, 43.5623374], [0.1668868, 43.5623327], [0.1676786, 43.5618471], [0.1680621, 43.5616734], [0.1681168, 43.5619069], [0.1683786, 43.5626227], [0.1686053, 43.5629583], [0.1686778, 43.5631231], [0.1688964, 43.5633423], [0.1690165, 43.5633683], [0.1690846, 43.5634099], [0.1691216, 43.563455], [0.1691364, 43.5636091], [0.1692023, 43.5637055], [0.1690562, 43.56378], [0.1683677, 43.5641336], [0.1681359, 43.5636673], [0.1683746, 43.5636293], [0.168229, 43.5634112]]]}, "properties": {"kind": "prive_autorisation", "section": "C", "numero": "295", "contenance": 14470, "source": "cadastre.data.gouv.fr (PCI Vecteur Etalab) + BDTOPO_V3:foret_publique (IGN)"}}, {"type": "Feature", "geometry": {"type": "Polygon", "coordinates": [[[0.1720825, 43.5620894], [0.1730981, 43.561925], [0.1730551, 43.5620526], [0.1730119, 43.5622], [0.1729873, 43.5623267], [0.1729951, 43.5623671], [0.1730788, 43.5625462], [0.1731576, 43.5627263], [0.1731942, 43.5628149], [0.1732217, 43.5629069], [0.173244, 43.5629996], [0.1732593, 43.563081], [0.1732081, 43.563725], [0.1719454, 43.563379], [0.1719328, 43.563383], [0.1719337, 43.5633753], [0.1720147, 43.5626068], [0.1720825, 43.5620894]]]}, "properties": {"kind": "prive_autorisation", "section": "C", "numero": "159", "contenance": 15983, "source": "cadastre.data.gouv.fr (PCI Vecteur Etalab) + BDTOPO_V3:foret_publique (IGN)"}}, {"type": "Feature", "geometry": {"type": "Polygon", "coordinates": [[[0.1720825, 43.5620894], [0.1720147, 43.5626068], [0.1719337, 43.5633753], [0.1712126, 43.5631343], [0.1712051, 43.5631178], [0.1713349, 43.5628293], [0.1713274, 43.5628135], [0.1710502, 43.5622249], [0.1707422, 43.5622022], [0.1709734, 43.5615931], [0.17117, 43.5616783], [0.1716658, 43.5619368], [0.171952, 43.5621178], [0.1720825, 43.5620894]]]}, "properties": {"kind": "prive_autorisation", "section": "C", "numero": "337", "contenance": 11547, "source": "cadastre.data.gouv.fr (PCI Vecteur Etalab) + BDTOPO_V3:foret_publique (IGN)"}}, {"type": "Feature", "geometry": {"type": "Polygon", "coordinates": [[[0.1698657, 43.5633222], [0.169145, 43.5634454], [0.1691082, 43.5633967], [0.1690454, 43.5633573], [0.1689173, 43.5633314], [0.1687128, 43.5631219], [0.1686813, 43.5630674], [0.1686548, 43.5630117], [0.168641, 43.5629774], [0.169988, 43.5626978], [0.1697961, 43.5622041], [0.1699225, 43.5621511], [0.1707422, 43.5622022], [0.1710502, 43.5622249], [0.1713274, 43.5628135], [0.1706072, 43.5631408], [0.1705601, 43.5631551], [0.1698411, 43.5632685], [0.1698657, 43.5633222]]]}, "properties": {"kind": "prive_autorisation", "section": "C", "numero": "293", "contenance": 16120, "source": "cadastre.data.gouv.fr (PCI Vecteur Etalab) + BDTOPO_V3:foret_publique (IGN)"}}, {"type": "Feature", "geometry": {"type": "Polygon", "coordinates": [[[0.1719328, 43.563383], [0.1719454, 43.563379], [0.1732081, 43.563725], [0.1731868, 43.5638408], [0.1731143, 43.5641841], [0.1730518, 43.5644248], [0.1729867, 43.5645914], [0.1728563, 43.5648254], [0.1727042, 43.5650671], [0.1725941, 43.5654083], [0.1725732, 43.5654837], [0.1724801, 43.5654737], [0.1718605, 43.5654066], [0.1705398, 43.5652665], [0.1702912, 43.5647375], [0.1702989, 43.5647383], [0.1707687, 43.5642783], [0.170313, 43.5641428], [0.1704686, 43.5639206], [0.170671, 43.5639094], [0.170839, 43.5638674], [0.1714797, 43.5636248], [0.1714257, 43.5635441], [0.1719328, 43.563383]]]}, "properties": {"kind": "prive_autorisation", "section": "C", "numero": "376", "contenance": 36891, "source": "cadastre.data.gouv.fr (PCI Vecteur Etalab) + BDTOPO_V3:foret_publique (IGN)"}}, {"type": "Feature", "geometry": {"type": "Polygon", "coordinates": [[[0.1799399, 43.563521], [0.1804064, 43.5636421], [0.1810484, 43.5637978], [0.1813303, 43.5638755], [0.1809228, 43.5644054], [0.1807748, 43.5643544], [0.1805712, 43.5646844], [0.1800115, 43.5645239], [0.179783, 43.5644621], [0.1797091, 43.5644561], [0.1795858, 43.5644757], [0.1794638, 43.564499], [0.1793737, 43.5645188], [0.1792452, 43.5642492], [0.1790008, 43.5642671], [0.1782777, 43.5644234], [0.1782629, 43.5644063], [0.1780573, 43.5641675], [0.1780256, 43.5641307], [0.1778098, 43.5641168], [0.1777135, 43.5640182], [0.1778383, 43.5639382], [0.1779467, 43.5637122], [0.1779953, 43.5637236], [0.1782122, 43.563306], [0.178239, 43.563237], [0.1783794, 43.5630641], [0.1788019, 43.5631854], [0.1799399, 43.563521]]]}, "properties": {"kind": "prive_autorisation", "section": "C", "numero": "174", "contenance": 28390, "source": "cadastre.data.gouv.fr (PCI Vecteur Etalab) + BDTOPO_V3:foret_publique (IGN)"}}, {"type": "Feature", "geometry": {"type": "Polygon", "coordinates": [[[0.1783794, 43.5630641], [0.178239, 43.563237], [0.1782122, 43.563306], [0.1779953, 43.5637236], [0.1779467, 43.5637122], [0.1778383, 43.5639382], [0.1777135, 43.5640182], [0.1770908, 43.5638663], [0.1768429, 43.563755], [0.1768434, 43.5635069], [0.1768366, 43.5634947], [0.1767521, 43.5634298], [0.1768458, 43.563231], [0.1771322, 43.5627774], [0.1772526, 43.5627704], [0.1775615, 43.5628383], [0.1777426, 43.5628518], [0.1778636, 43.5628756], [0.1782767, 43.5629939], [0.1783628, 43.563047], [0.1783794, 43.5630641]]]}, "properties": {"kind": "prive_autorisation", "section": "C", "numero": "169", "contenance": 12100, "source": "cadastre.data.gouv.fr (PCI Vecteur Etalab) + BDTOPO_V3:foret_publique (IGN)"}}, {"type": "Feature", "geometry": {"type": "Polygon", "coordinates": [[[0.1793193, 43.562402], [0.1790226, 43.562719], [0.1788019, 43.5631854], [0.1783794, 43.5630641], [0.1783628, 43.563047], [0.1782767, 43.5629939], [0.1778636, 43.5628756], [0.1777426, 43.5628518], [0.1775615, 43.5628383], [0.1772526, 43.5627704], [0.1771322, 43.5627774], [0.1768458, 43.563231], [0.1767521, 43.5634298], [0.1768366, 43.5634947], [0.1768434, 43.5635069], [0.1768429, 43.563755], [0.176659, 43.5641486], [0.1762605, 43.5640314], [0.1762666, 43.563731], [0.1763433, 43.5634082], [0.1764068, 43.5632861], [0.1764151, 43.5631134], [0.176585, 43.5630172], [0.1768221, 43.5627124], [0.1768241, 43.5626992], [0.1768076, 43.5626497], [0.1768136, 43.5626157], [0.1768438, 43.562572], [0.1769245, 43.5624931], [0.1770126, 43.5623414], [0.1774776, 43.562461], [0.1780993, 43.5626429], [0.1785383, 43.5620809], [0.1793193, 43.562402]]]}, "properties": {"kind": "prive_autorisation", "section": "C", "numero": "168", "contenance": 16535, "source": "cadastre.data.gouv.fr (PCI Vecteur Etalab) + BDTOPO_V3:foret_publique (IGN)"}}, {"type": "Feature", "geometry": {"type": "Polygon", "coordinates": [[[0.1805391, 43.5616974], [0.1806309, 43.5621064], [0.1805391, 43.5621954], [0.1809697, 43.5623286], [0.1810396, 43.5627269], [0.1802286, 43.5626339], [0.1801882, 43.5627581], [0.1793193, 43.562402], [0.1785383, 43.5620809], [0.1780993, 43.5626429], [0.1774776, 43.562461], [0.1770126, 43.5623414], [0.1770722, 43.5622388], [0.1771349, 43.5621835], [0.177225, 43.5620384], [0.1773035, 43.5619604], [0.177324, 43.5618944], [0.1774503, 43.5618051], [0.1774851, 43.5617219], [0.1776322, 43.5615687], [0.17765, 43.5614781], [0.1778396, 43.5613858], [0.1778942, 43.5612995], [0.1779941, 43.5612144], [0.1780436, 43.5611321], [0.178643, 43.5613059], [0.1794084, 43.5614918], [0.1797278, 43.5615567], [0.1805391, 43.5616974]]]}, "properties": {"kind": "prive_autorisation", "section": "C", "numero": "166", "contenance": 31865, "source": "cadastre.data.gouv.fr (PCI Vecteur Etalab) + BDTOPO_V3:foret_publique (IGN)"}}, {"type": "Feature", "geometry": {"type": "Polygon", "coordinates": [[[0.1816103, 43.5632601], [0.180976, 43.5632298], [0.1810396, 43.5627269], [0.1809697, 43.5623286], [0.1808688, 43.5617549], [0.1814085, 43.561849], [0.1814867, 43.561871], [0.1815273, 43.5619088], [0.181553, 43.5620271], [0.1816965, 43.5628421], [0.1816886, 43.5629589], [0.1816397, 43.5631711], [0.1816103, 43.5632601]]]}, "properties": {"kind": "prive_autorisation", "section": "C", "numero": "177", "contenance": 8420, "source": "cadastre.data.gouv.fr (PCI Vecteur Etalab) + BDTOPO_V3:foret_publique (IGN)"}}, {"type": "Feature", "geometry": {"type": "Polygon", "coordinates": [[[0.1729577, 43.5648637], [0.1742304, 43.5649649], [0.1748865, 43.5645091], [0.1749087, 43.5644999], [0.175307, 43.5645234], [0.1753258, 43.5647224], [0.1753821, 43.5647376], [0.1753655, 43.5648858], [0.1754544, 43.5650846], [0.1756975, 43.5650764], [0.1760551, 43.5650341], [0.1760207, 43.5651968], [0.1758621, 43.5655017], [0.1757738, 43.5659116], [0.175682, 43.5659023], [0.1754044, 43.565874], [0.1749339, 43.5658341], [0.1743699, 43.5658335], [0.1739395, 43.56584], [0.1734822, 43.5658489], [0.1726444, 43.5657443], [0.1726853, 43.5655019], [0.172743, 43.5653198], [0.1728219, 43.5651093], [0.1729577, 43.5648637]]]}, "properties": {"kind": "bati", "section": "C", "numero": "143", "contenance": 28338, "source": "cadastre.data.gouv.fr (PCI Vecteur Etalab) + BDTOPO_V3:foret_publique (IGN)"}}, {"type": "Feature", "geometry": {"type": "Polygon", "coordinates": [[[0.1716202, 43.5662957], [0.1717326, 43.5663029], [0.1717348, 43.5663868], [0.1723638, 43.5663837], [0.1723093, 43.5665722], [0.1720885, 43.5672451], [0.1718745, 43.5677971], [0.1716206, 43.5677496], [0.1709718, 43.5675426], [0.1709328, 43.5675298], [0.1708658, 43.5674653], [0.1707078, 43.5673089], [0.1705541, 43.5671503], [0.1704394, 43.567085], [0.1702916, 43.5669413], [0.1702842, 43.5666571], [0.1700949, 43.5666796], [0.170069, 43.5666277], [0.1699663, 43.5663869], [0.1698467, 43.5661054], [0.1698852, 43.5660908], [0.1698232, 43.5659219], [0.1702487, 43.5660534], [0.1706764, 43.5661814], [0.1709135, 43.5662506], [0.1716202, 43.5662957]]]}, "properties": {"kind": "prive_autorisation", "section": "C", "numero": "138", "contenance": 23645, "source": "cadastre.data.gouv.fr (PCI Vecteur Etalab) + BDTOPO_V3:foret_publique (IGN)"}}, {"type": "Feature", "geometry": {"type": "Polygon", "coordinates": [[[0.1700196, 43.5669039], [0.1704526, 43.5674345], [0.1705662, 43.5675803], [0.170817, 43.5678043], [0.1708856, 43.5678014], [0.1709594, 43.5681866], [0.1716417, 43.5681852], [0.1714594, 43.5684853], [0.1703223, 43.5685385], [0.170251, 43.5683846], [0.1701165, 43.5681694], [0.1700059, 43.5680452], [0.1698731, 43.567905], [0.1695742, 43.5676335], [0.169265, 43.5672729], [0.1700196, 43.5669039]]]}, "properties": {"kind": "prive_autorisation", "section": "C", "numero": "126", "contenance": 14115, "source": "cadastre.data.gouv.fr (PCI Vecteur Etalab) + BDTOPO_V3:foret_publique (IGN)"}}, {"type": "Feature", "geometry": {"type": "Polygon", "coordinates": [[[0.177813, 43.5659065], [0.1776494, 43.5659516], [0.176944, 43.566165], [0.1770496, 43.5659359], [0.1770199, 43.5659236], [0.177451, 43.5651681], [0.1777394, 43.5646578], [0.1779001, 43.564756], [0.1780212, 43.5648453], [0.1782082, 43.5649756], [0.1782581, 43.5650269], [0.1783, 43.565077], [0.1783374, 43.5651287], [0.1783882, 43.5651805], [0.1784576, 43.5652008], [0.1790494, 43.565072], [0.1793782, 43.5650011], [0.1794644, 43.5649634], [0.1798582, 43.5649599], [0.1799896, 43.5649515], [0.1801144, 43.5649739], [0.18035, 43.5650363], [0.1801478, 43.5652827], [0.1801321, 43.5652898], [0.1781953, 43.565492], [0.1778373, 43.5658765], [0.177813, 43.5659065]]]}, "properties": {"kind": "prive_autorisation", "section": "C", "numero": "153", "contenance": 15060, "source": "cadastre.data.gouv.fr (PCI Vecteur Etalab) + BDTOPO_V3:foret_publique (IGN)"}}, {"type": "Feature", "geometry": {"type": "Polygon", "coordinates": [[[0.1801478, 43.5652827], [0.1802206, 43.5653052], [0.1805078, 43.5653941], [0.1805103, 43.5654031], [0.1805011, 43.5654328], [0.1804226, 43.5656882], [0.1801964, 43.5664247], [0.180034, 43.5664439], [0.1800658, 43.566659], [0.180002, 43.5666658], [0.1790126, 43.5667742], [0.1785488, 43.5668268], [0.1784628, 43.5668316], [0.1779383, 43.5667097], [0.1772207, 43.5666523], [0.1772224, 43.5666305], [0.1766458, 43.5665725], [0.1768101, 43.5663521], [0.176983, 43.5663965], [0.1775315, 43.5664039], [0.177813, 43.5659065], [0.1778373, 43.5658765], [0.1781953, 43.565492], [0.1801321, 43.5652898], [0.1801478, 43.5652827]]]}, "properties": {"kind": "bati", "section": "C", "numero": "147", "contenance": 33200, "source": "cadastre.data.gouv.fr (PCI Vecteur Etalab) + BDTOPO_V3:foret_publique (IGN)"}}, {"type": "Feature", "geometry": {"type": "Polygon", "coordinates": [[[0.1761362, 43.5649169], [0.1770873, 43.5650967], [0.177451, 43.5651681], [0.1770199, 43.5659236], [0.1770496, 43.5659359], [0.176944, 43.566165], [0.1768783, 43.5663079], [0.1768305, 43.5663207], [0.1768101, 43.5663521], [0.1766458, 43.5665725], [0.1766128, 43.5666184], [0.1757976, 43.5664663], [0.1758181, 43.5664275], [0.1758099, 43.5663057], [0.1758069, 43.5661839], [0.1758216, 43.5659135], [0.1758962, 43.5655283], [0.1759313, 43.5654437], [0.175971, 43.5653616], [0.1760516, 43.5652386], [0.1760959, 43.5651275], [0.1761362, 43.5649169]]]}, "properties": {"kind": "prive_autorisation", "section": "C", "numero": "145", "contenance": 16704, "source": "cadastre.data.gouv.fr (PCI Vecteur Etalab) + BDTOPO_V3:foret_publique (IGN)"}}, {"type": "Feature", "geometry": {"type": "Polygon", "coordinates": [[[0.1715634, 43.5540067], [0.1712972, 43.5537796], [0.171269, 43.5537757], [0.1712992, 43.5537559], [0.1716082, 43.5540062], [0.1715634, 43.5540067]]]}, "properties": {"kind": "prive_autorisation", "section": "C", "numero": "316", "contenance": 52, "source": "cadastre.data.gouv.fr (PCI Vecteur Etalab) + BDTOPO_V3:foret_publique (IGN)"}}, {"type": "Feature", "geometry": {"type": "Polygon", "coordinates": [[[0.1715634, 43.5540067], [0.1707909, 43.5540172], [0.1707624, 43.5539145], [0.1708508, 43.5538779], [0.1710138, 43.5537779], [0.1711369, 43.5537577], [0.171269, 43.5537757], [0.1712972, 43.5537796], [0.1715634, 43.5540067]]]}, "properties": {"kind": "prive_autorisation", "section": "C", "numero": "317", "contenance": 1266, "source": "cadastre.data.gouv.fr (PCI Vecteur Etalab) + BDTOPO_V3:foret_publique (IGN)"}}, {"type": "Feature", "geometry": {"type": "Polygon", "coordinates": [[[0.1787393, 43.5538645], [0.1787085, 43.5539672], [0.1786511, 43.5540715], [0.1786414, 43.5540807], [0.1786011, 43.5540559], [0.1785025, 43.5540207], [0.1783571, 43.5540192], [0.1781192, 43.5540365], [0.1781055, 43.5539094], [0.1781857, 43.5539078], [0.1782443, 43.553916], [0.1784859, 43.5538409], [0.1786612, 43.5538642], [0.1787393, 43.5538645]]]}, "properties": {"kind": "prive_autorisation", "section": "C", "numero": "213", "contenance": 834, "source": "cadastre.data.gouv.fr (PCI Vecteur Etalab) + BDTOPO_V3:foret_publique (IGN)"}}, {"type": "Feature", "geometry": {"type": "Polygon", "coordinates": [[[0.1825607, 43.5521718], [0.1829227, 43.5527123], [0.1826711, 43.5527645], [0.1817645, 43.553059], [0.1815194, 43.5524335], [0.1825607, 43.5521718]]]}, "properties": {"kind": "prive_autorisation", "section": "C", "numero": "333", "contenance": 6517, "source": "cadastre.data.gouv.fr (PCI Vecteur Etalab) + BDTOPO_V3:foret_publique (IGN)"}}, {"type": "Feature", "geometry": {"type": "Polygon", "coordinates": [[[0.1676696, 43.5560106], [0.1674569, 43.5561564], [0.1671018, 43.5561492], [0.1670288, 43.5561478], [0.1670218, 43.5562511], [0.1663356, 43.5562963], [0.1663316, 43.5562843], [0.1665965, 43.5559717], [0.1668435, 43.555717], [0.1669838, 43.5555961], [0.1670869, 43.5555239], [0.1671221, 43.5555152], [0.167171, 43.5555157], [0.1676696, 43.5560106]]]}, "properties": {"kind": "bati", "section": "C", "numero": "259", "contenance": 4833, "source": "cadastre.data.gouv.fr (PCI Vecteur Etalab) + BDTOPO_V3:foret_publique (IGN)"}}, {"type": "Feature", "geometry": {"type": "Polygon", "coordinates": [[[0.1680563, 43.5566267], [0.1674571, 43.5565949], [0.1674569, 43.5561564], [0.1676696, 43.5560106], [0.1681591, 43.5564992], [0.1682841, 43.5566362], [0.1680563, 43.5566267]]]}, "properties": {"kind": "prive_autorisation", "section": "C", "numero": "258", "contenance": 2684, "source": "cadastre.data.gouv.fr (PCI Vecteur Etalab) + BDTOPO_V3:foret_publique (IGN)"}}, {"type": "Feature", "geometry": {"type": "Polygon", "coordinates": [[[0.1729799, 43.5563301], [0.1729696, 43.556263], [0.1734357, 43.5562364], [0.1735372, 43.5566699], [0.1734132, 43.5567237], [0.1733496, 43.5567512], [0.1733983, 43.5568498], [0.1734682, 43.5569914], [0.1735984, 43.5572543], [0.1732014, 43.5574204], [0.1730693, 43.5568468], [0.173044, 43.5567256], [0.1729878, 43.5563793], [0.1729799, 43.5563301]]]}, "properties": {"kind": "bati", "section": "C", "numero": "310", "contenance": 4099, "source": "cadastre.data.gouv.fr (PCI Vecteur Etalab) + BDTOPO_V3:foret_publique (IGN)"}}, {"type": "Feature", "geometry": {"type": "Polygon", "coordinates": [[[0.1738398, 43.5562152], [0.1741911, 43.5561966], [0.174316, 43.5564382], [0.1744361, 43.556681], [0.1745243, 43.5568673], [0.1741341, 43.5568479], [0.1739869, 43.5565391], [0.1738398, 43.5562152]]]}, "properties": {"kind": "prive_autorisation", "section": "C", "numero": "320", "contenance": 2147, "source": "cadastre.data.gouv.fr (PCI Vecteur Etalab) + BDTOPO_V3:foret_publique (IGN)"}}, {"type": "Feature", "geometry": {"type": "Polygon", "coordinates": [[[0.1789951, 43.5556334], [0.1790903, 43.5558875], [0.1776574, 43.5561809], [0.1775676, 43.5559611], [0.1781733, 43.5558193], [0.1787807, 43.5556812], [0.1789951, 43.5556334]]]}, "properties": {"kind": "prive_autorisation", "section": "C", "numero": "207", "contenance": 3325, "source": "cadastre.data.gouv.fr (PCI Vecteur Etalab) + BDTOPO_V3:foret_publique (IGN)"}}, {"type": "Feature", "geometry": {"type": "Polygon", "coordinates": [[[0.1672144, 43.5567877], [0.1669832, 43.5567403], [0.1669728, 43.5566375], [0.1669953, 43.5566386], [0.1670193, 43.5562911], [0.1666238, 43.5563167], [0.1662684, 43.5563419], [0.1663356, 43.5562963], [0.1670218, 43.5562511], [0.1670288, 43.5561478], [0.1671018, 43.5561492], [0.1674569, 43.5561564], [0.1674571, 43.5565949], [0.1673817, 43.5567062], [0.1673754, 43.5567085], [0.1672853, 43.5567406], [0.1672771, 43.5567553], [0.1672562, 43.5567928], [0.1672144, 43.5567877]]]}, "properties": {"kind": "bati", "section": "C", "numero": "260", "contenance": 2416, "source": "cadastre.data.gouv.fr (PCI Vecteur Etalab) + BDTOPO_V3:foret_publique (IGN)"}}, {"type": "Feature", "geometry": {"type": "Polygon", "coordinates": [[[0.1657448, 43.5577299], [0.1657443, 43.5577336], [0.1656827, 43.5583073], [0.1651437, 43.5583353], [0.165234, 43.5577953], [0.1656716, 43.5577392], [0.1657448, 43.5577299]]]}, "properties": {"kind": "prive_autorisation", "section": "C", "numero": "374", "contenance": 2646, "source": "cadastre.data.gouv.fr (PCI Vecteur Etalab) + BDTOPO_V3:foret_publique (IGN)"}}, {"type": "Feature", "geometry": {"type": "Polygon", "coordinates": [[[0.1650568, 43.5583398], [0.1651437, 43.5583353], [0.1656827, 43.5583073], [0.1657443, 43.5577336], [0.1657448, 43.5577299], [0.1663552, 43.5576516], [0.1664644, 43.5581595], [0.1664796, 43.5582288], [0.1666134, 43.5588158], [0.1665227, 43.5588204], [0.166035, 43.5588446], [0.1658303, 43.5588547], [0.1657093, 43.5584326], [0.1650754, 43.5584585], [0.1650537, 43.5583591], [0.1650568, 43.5583398]]]}, "properties": {"kind": "bati", "section": "C", "numero": "372", "contenance": 8627, "source": "cadastre.data.gouv.fr (PCI Vecteur Etalab) + BDTOPO_V3:foret_publique (IGN)"}}, {"type": "Feature", "geometry": {"type": "Polygon", "coordinates": [[[0.1664644, 43.5581595], [0.1663552, 43.5576516], [0.1664929, 43.5576335], [0.166546, 43.5582081], [0.1664796, 43.5582288], [0.1664644, 43.5581595]]]}, "properties": {"kind": "prive_autorisation", "section": "C", "numero": "366", "contenance": 510, "source": "cadastre.data.gouv.fr (PCI Vecteur Etalab) + BDTOPO_V3:foret_publique (IGN)"}}, {"type": "Feature", "geometry": {"type": "Polygon", "coordinates": [[[0.1670193, 43.5562911], [0.1669953, 43.5566386], [0.1669728, 43.5566375], [0.1666715, 43.5565971], [0.1666238, 43.5563167], [0.1670193, 43.5562911]]]}, "properties": {"kind": "bati", "section": "C", "numero": "261", "contenance": 1041, "source": "cadastre.data.gouv.fr (PCI Vecteur Etalab) + BDTOPO_V3:foret_publique (IGN)"}}, {"type": "Feature", "geometry": {"type": "Polygon", "coordinates": [[[0.1680388, 43.5568188], [0.1680563, 43.5566267], [0.1682841, 43.5566362], [0.1683232, 43.5566743], [0.1680687, 43.5568096], [0.1680388, 43.5568188]]]}, "properties": {"kind": "prive_autorisation", "section": "C", "numero": "256", "contenance": 292, "source": "cadastre.data.gouv.fr (PCI Vecteur Etalab) + BDTOPO_V3:foret_publique (IGN)"}}, {"type": "Feature", "geometry": {"type": "Polygon", "coordinates": [[[0.1704185, 43.5589856], [0.1703465, 43.5590397], [0.1700192, 43.5586522], [0.1695834, 43.5581281], [0.1696834, 43.5580667], [0.1704185, 43.5589856]]]}, "properties": {"kind": "prive_autorisation", "section": "C", "numero": "248", "contenance": 1087, "source": "cadastre.data.gouv.fr (PCI Vecteur Etalab) + BDTOPO_V3:foret_publique (IGN)"}}, {"type": "Feature", "geometry": {"type": "Polygon", "coordinates": [[[0.170661, 43.5588033], [0.1704185, 43.5589856], [0.1696834, 43.5580667], [0.1698168, 43.5579846], [0.1702448, 43.5585009], [0.1703539, 43.5584371], [0.170661, 43.5588033]]]}, "properties": {"kind": "prive_autorisation", "section": "C", "numero": "247", "contenance": 2249, "source": "cadastre.data.gouv.fr (PCI Vecteur Etalab) + BDTOPO_V3:foret_publique (IGN)"}}, {"type": "Feature", "geometry": {"type": "Polygon", "coordinates": [[[0.170661, 43.5588033], [0.1703539, 43.5584371], [0.1702448, 43.5585009], [0.1698168, 43.5579846], [0.1700703, 43.5578289], [0.1701169, 43.557853], [0.1703452, 43.5580047], [0.1710611, 43.5585027], [0.170661, 43.5588033]]]}, "properties": {"kind": "prive_autorisation", "section": "C", "numero": "246", "contenance": 4180, "source": "cadastre.data.gouv.fr (PCI Vecteur Etalab) + BDTOPO_V3:foret_publique (IGN)"}}, {"type": "Feature", "geometry": {"type": "Polygon", "coordinates": [[[0.1702865, 43.5577904], [0.1702065, 43.5577981], [0.1696604, 43.5575185], [0.1696683, 43.5574859], [0.1697528, 43.5574926], [0.1698881, 43.5575519], [0.170028, 43.5576181], [0.1701111, 43.5576656], [0.1702865, 43.5577904]]]}, "properties": {"kind": "prive_autorisation", "section": "C", "numero": "245", "contenance": 403, "source": "cadastre.data.gouv.fr (PCI Vecteur Etalab) + BDTOPO_V3:foret_publique (IGN)"}}, {"type": "Feature", "geometry": {"type": "Polygon", "coordinates": [[[0.1727356, 43.5567278], [0.1726333, 43.5567284], [0.1720715, 43.5567323], [0.1719499, 43.5563216], [0.1729696, 43.556263], [0.1729799, 43.5563301], [0.17267, 43.5563421], [0.1726777, 43.5563868], [0.1727356, 43.5567278]]]}, "properties": {"kind": "prive_autorisation", "section": "C", "numero": "312", "contenance": 2863, "source": "cadastre.data.gouv.fr (PCI Vecteur Etalab) + BDTOPO_V3:foret_publique (IGN)"}}, {"type": "Feature", "geometry": {"type": "Polygon", "coordinates": [[[0.1712678, 43.5576866], [0.1711663, 43.5576869], [0.1709919, 43.557714], [0.1705323, 43.5577631], [0.1705068, 43.5576815], [0.1704707, 43.5575668], [0.1705408, 43.557555], [0.1706619, 43.5575346], [0.1706068, 43.5573514], [0.1707187, 43.5573293], [0.1707819, 43.5575139], [0.1712036, 43.5574501], [0.1712678, 43.5576866]]]}, "properties": {"kind": "bati", "section": "C", "numero": "244", "contenance": 1630, "source": "cadastre.data.gouv.fr (PCI Vecteur Etalab) + BDTOPO_V3:foret_publique (IGN)"}}, {"type": "Feature", "geometry": {"type": "Polygon", "coordinates": [[[0.1730297, 43.5574742], [0.1727155, 43.557573], [0.1725107, 43.5576245], [0.1723423, 43.5576516], [0.1720715, 43.5567323], [0.1726333, 43.5567284], [0.1727356, 43.5567278], [0.1728024, 43.5568971], [0.1730297, 43.5574742]]]}, "properties": {"kind": "prive_autorisation", "section": "C", "numero": "243", "contenance": 5455, "source": "cadastre.data.gouv.fr (PCI Vecteur Etalab) + BDTOPO_V3:foret_publique (IGN)"}}, {"type": "Feature", "geometry": {"type": "Polygon", "coordinates": [[[0.1730297, 43.5574742], [0.1728024, 43.5568971], [0.1727356, 43.5567278], [0.173044, 43.5567256], [0.1730693, 43.5568468], [0.1732014, 43.5574204], [0.1730297, 43.5574742]]]}, "properties": {"kind": "prive_autorisation", "section": "C", "numero": "242", "contenance": 1558, "source": "cadastre.data.gouv.fr (PCI Vecteur Etalab) + BDTOPO_V3:foret_publique (IGN)"}}, {"type": "Feature", "geometry": {"type": "Polygon", "coordinates": [[[0.1727356, 43.5567278], [0.1726777, 43.5563868], [0.17267, 43.5563421], [0.1729799, 43.5563301], [0.1729878, 43.5563793], [0.173044, 43.5567256], [0.1727356, 43.5567278]]]}, "properties": {"kind": "prive_autorisation", "section": "C", "numero": "241", "contenance": 1073, "source": "cadastre.data.gouv.fr (PCI Vecteur Etalab) + BDTOPO_V3:foret_publique (IGN)"}}, {"type": "Feature", "geometry": {"type": "Polygon", "coordinates": [[[0.1735984, 43.5572543], [0.1734682, 43.5569914], [0.1733983, 43.5568498], [0.1733496, 43.5567512], [0.1734132, 43.5567237], [0.1735372, 43.5566699], [0.1739869, 43.5565391], [0.1741341, 43.5568479], [0.1742209, 43.5570368], [0.1739941, 43.5571124], [0.1737696, 43.5571914], [0.1735984, 43.5572543]]]}, "properties": {"kind": "bati", "section": "C", "numero": "238", "contenance": 3352, "source": "cadastre.data.gouv.fr (PCI Vecteur Etalab) + BDTOPO_V3:foret_publique (IGN)"}}, {"type": "Feature", "geometry": {"type": "Polygon", "coordinates": [[[0.1741341, 43.5568479], [0.1745243, 43.5568673], [0.1745452, 43.5569115], [0.1742209, 43.5570368], [0.1741341, 43.5568479]]]}, "properties": {"kind": "prive_autorisation", "section": "C", "numero": "318", "contenance": 389, "source": "cadastre.data.gouv.fr (PCI Vecteur Etalab) + BDTOPO_V3:foret_publique (IGN)"}}, {"type": "Feature", "geometry": {"type": "Polygon", "coordinates": [[[0.1735372, 43.5566699], [0.1734357, 43.5562364], [0.1738398, 43.5562152], [0.1739869, 43.5565391], [0.1735372, 43.5566699]]]}, "properties": {"kind": "prive_autorisation", "section": "C", "numero": "309", "contenance": 1568, "source": "cadastre.data.gouv.fr (PCI Vecteur Etalab) + BDTOPO_V3:foret_publique (IGN)"}}, {"type": "Feature", "geometry": {"type": "Polygon", "coordinates": [[[0.1778869, 43.5582526], [0.1781779, 43.5579222], [0.1781895, 43.557949], [0.1788877, 43.5579267], [0.1784717, 43.558412], [0.1778869, 43.5582526]]]}, "properties": {"kind": "prive_autorisation", "section": "C", "numero": "189", "contenance": 2575, "source": "cadastre.data.gouv.fr (PCI Vecteur Etalab) + BDTOPO_V3:foret_publique (IGN)"}}, {"type": "Feature", "geometry": {"type": "Polygon", "coordinates": [[[0.1781779, 43.5579222], [0.1780215, 43.5574343], [0.179564, 43.5571761], [0.1795724, 43.5571923], [0.1788877, 43.5579267], [0.1781895, 43.557949], [0.1781779, 43.5579222]]]}, "properties": {"kind": "prive_autorisation", "section": "C", "numero": "187", "contenance": 6044, "source": "cadastre.data.gouv.fr (PCI Vecteur Etalab) + BDTOPO_V3:foret_publique (IGN)"}}, {"type": "Feature", "geometry": {"type": "Polygon", "coordinates": [[[0.1658659, 43.5590706], [0.1651518, 43.559181], [0.165136, 43.5590936], [0.1658675, 43.5589755], [0.1658303, 43.5588547], [0.166035, 43.5588446], [0.1660661, 43.5588966], [0.1660967, 43.559035], [0.1658659, 43.5590706]]]}, "properties": {"kind": "prive_autorisation", "section": "C", "numero": "368", "contenance": 976, "source": "cadastre.data.gouv.fr (PCI Vecteur Etalab) + BDTOPO_V3:foret_publique (IGN)"}}, {"type": "Feature", "geometry": {"type": "Polygon", "coordinates": [[[0.1650754, 43.5584585], [0.1657093, 43.5584326], [0.1658303, 43.5588547], [0.1658675, 43.5589755], [0.165136, 43.5590936], [0.1650374, 43.5585589], [0.1650754, 43.5584585]]]}, "properties": {"kind": "bati", "section": "C", "numero": "367", "contenance": 3808, "source": "cadastre.data.gouv.fr (PCI Vecteur Etalab) + BDTOPO_V3:foret_publique (IGN)"}}, {"type": "Feature", "geometry": {"type": "Polygon", "coordinates": [[[0.1665227, 43.5588204], [0.1665447, 43.558964], [0.1660967, 43.559035], [0.1660661, 43.5588966], [0.166035, 43.5588446], [0.1665227, 43.5588204]]]}, "properties": {"kind": "prive_autorisation", "section": "C", "numero": "330", "contenance": 742, "source": "cadastre.data.gouv.fr (PCI Vecteur Etalab) + BDTOPO_V3:foret_publique (IGN)"}}, {"type": "Feature", "geometry": {"type": "Polygon", "coordinates": [[[0.1668655, 43.5606497], [0.1665087, 43.5606904], [0.1663743, 43.5599063], [0.1666998, 43.5598674], [0.16681, 43.5603385], [0.1668655, 43.5606497]]]}, "properties": {"kind": "prive_autorisation", "section": "C", "numero": "273", "contenance": 2550, "source": "cadastre.data.gouv.fr (PCI Vecteur Etalab) + BDTOPO_V3:foret_publique (IGN)"}}, {"type": "Feature", "geometry": {"type": "Polygon", "coordinates": [[[0.1663743, 43.5599063], [0.1665087, 43.5606904], [0.1661232, 43.5607342], [0.1660329, 43.5599495], [0.1660481, 43.5599451], [0.1663743, 43.5599063]]]}, "properties": {"kind": "prive_autorisation", "section": "C", "numero": "272", "contenance": 2660, "source": "cadastre.data.gouv.fr (PCI Vecteur Etalab) + BDTOPO_V3:foret_publique (IGN)"}}, {"type": "Feature", "geometry": {"type": "Polygon", "coordinates": [[[0.1663743, 43.5599063], [0.1660481, 43.5599451], [0.1658659, 43.5590706], [0.1660967, 43.559035], [0.1665447, 43.558964], [0.1666998, 43.5598674], [0.1663743, 43.5599063]]]}, "properties": {"kind": "prive_autorisation", "section": "C", "numero": "270", "contenance": 5440, "source": "cadastre.data.gouv.fr (PCI Vecteur Etalab) + BDTOPO_V3:foret_publique (IGN)"}}, {"type": "Feature", "geometry": {"type": "Polygon", "coordinates": [[[0.1653438, 43.5601018], [0.1653275, 43.5600238], [0.1660481, 43.5599451], [0.1660329, 43.5599495], [0.1661232, 43.5607342], [0.1661581, 43.5609409], [0.1661578, 43.5610388], [0.1653271, 43.5611108], [0.1653253, 43.5609216], [0.165374, 43.5604415], [0.1653669, 43.5603122], [0.1653438, 43.5601018]]]}, "properties": {"kind": "prive_autorisation", "section": "C", "numero": "370", "contenance": 7404, "source": "cadastre.data.gouv.fr (PCI Vecteur Etalab) + BDTOPO_V3:foret_publique (IGN)"}}, {"type": "Feature", "geometry": {"type": "Polygon", "coordinates": [[[0.1651518, 43.559181], [0.1658659, 43.5590706], [0.1660481, 43.5599451], [0.1653275, 43.5600238], [0.1651518, 43.559181]]]}, "properties": {"kind": "bati", "section": "C", "numero": "369", "contenance": 5717, "source": "cadastre.data.gouv.fr (PCI Vecteur Etalab) + BDTOPO_V3:foret_publique (IGN)"}}, {"type": "Feature", "geometry": {"type": "Polygon", "coordinates": [[[0.165234, 43.5577953], [0.1651437, 43.5583353], [0.1650568, 43.5583398], [0.1650707, 43.5582517], [0.165155, 43.5578054], [0.165234, 43.5577953]]]}, "properties": {"kind": "prive_autorisation", "section": "C", "numero": "373", "contenance": 406, "source": "cadastre.data.gouv.fr (PCI Vecteur Etalab) + BDTOPO_V3:foret_publique (IGN)"}}, {"type": "Feature", "geometry": {"type": "Polygon", "coordinates": [[[0.1714006, 43.5598695], [0.1712312, 43.559728], [0.1717753, 43.5591747], [0.1718462, 43.5590431], [0.1720889, 43.559206], [0.1714006, 43.5598695]]]}, "properties": {"kind": "prive_autorisation", "section": "C", "numero": "251", "contenance": 1968, "source": "cadastre.data.gouv.fr (PCI Vecteur Etalab) + BDTOPO_V3:foret_publique (IGN)"}}, {"type": "Feature", "geometry": {"type": "Polygon", "coordinates": [[[0.1712312, 43.559728], [0.1707396, 43.5593184], [0.1706082, 43.5592384], [0.1713442, 43.558698], [0.1718462, 43.5590431], [0.1717753, 43.5591747], [0.1712312, 43.559728]]]}, "properties": {"kind": "prive_autorisation", "section": "C", "numero": "250", "contenance": 5817, "source": "cadastre.data.gouv.fr (PCI Vecteur Etalab) + BDTOPO_V3:foret_publique (IGN)"}}, {"type": "Feature", "geometry": {"type": "Polygon", "coordinates": [[[0.170661, 43.5588033], [0.1710611, 43.5585027], [0.1713442, 43.558698], [0.1706082, 43.5592384], [0.1704644, 43.5591512], [0.1703465, 43.5590397], [0.1704185, 43.5589856], [0.170661, 43.5588033]]]}, "properties": {"kind": "prive_autorisation", "section": "C", "numero": "249", "contenance": 2615, "source": "cadastre.data.gouv.fr (PCI Vecteur Etalab) + BDTOPO_V3:foret_publique (IGN)"}}, {"type": "Feature", "geometry": {"type": "Polygon", "coordinates": [[[0.174675, 43.5596925], [0.1746469, 43.5596819], [0.1742194, 43.5592074], [0.174224, 43.5587553], [0.1755301, 43.5592918], [0.1757568, 43.5593706], [0.1756761, 43.5594639], [0.1755465, 43.5594341], [0.1754651, 43.5594309], [0.1754404, 43.5594922], [0.1753069, 43.5594716], [0.1752624, 43.5595859], [0.1752309, 43.5596665], [0.174675, 43.5596925]]]}, "properties": {"kind": "bati", "section": "C", "numero": "201", "contenance": 6586, "source": "cadastre.data.gouv.fr (PCI Vecteur Etalab) + BDTOPO_V3:foret_publique (IGN)"}}, {"type": "Feature", "geometry": {"type": "Polygon", "coordinates": [[[0.1748253, 43.55975], [0.1753726, 43.5597185], [0.1753517, 43.5597616], [0.175326, 43.5598147], [0.1760352, 43.5599941], [0.1755232, 43.560213], [0.1754556, 43.5602106], [0.1753062, 43.5601722], [0.175238, 43.5601508], [0.175172, 43.5601261], [0.1751351, 43.5601101], [0.175019, 43.5599182], [0.1749514, 43.5598396], [0.1748253, 43.55975]]]}, "properties": {"kind": "bati", "section": "C", "numero": "199", "contenance": 2610, "source": "cadastre.data.gouv.fr (PCI Vecteur Etalab) + BDTOPO_V3:foret_publique (IGN)"}}, {"type": "Feature", "geometry": {"type": "Polygon", "coordinates": [[[0.1755232, 43.560213], [0.1760352, 43.5599941], [0.175326, 43.5598147], [0.1753517, 43.5597616], [0.1753726, 43.5597185], [0.1748253, 43.55975], [0.174675, 43.5596925], [0.1752309, 43.5596665], [0.1752624, 43.5595859], [0.1753069, 43.5594716], [0.1754404, 43.5594922], [0.1754651, 43.5594309], [0.1755465, 43.5594341], [0.1756761, 43.5594639], [0.1757568, 43.5593706], [0.1758256, 43.5592911], [0.1759419, 43.5593402], [0.1758729, 43.5594261], [0.1759378, 43.5594579], [0.1759506, 43.5594448], [0.1762518, 43.5595941], [0.1765802, 43.5597557], [0.1765369, 43.5598094], [0.1765052, 43.5598112], [0.1762485, 43.5601369], [0.176284, 43.5601574], [0.1762219, 43.5601504], [0.1760496, 43.5601498], [0.1755232, 43.560213]]]}, "properties": {"kind": "bati", "section": "C", "numero": "198", "contenance": 5823, "source": "cadastre.data.gouv.fr (PCI Vecteur Etalab) + BDTOPO_V3:foret_publique (IGN)"}}, {"type": "Feature", "geometry": {"type": "Polygon", "coordinates": [[[0.1766494, 43.5591052], [0.1762518, 43.5595941], [0.1759506, 43.5594448], [0.1763091, 43.5589967], [0.1765908, 43.5591218], [0.1766189, 43.5590912], [0.1766494, 43.5591052]]]}, "properties": {"kind": "prive_autorisation", "section": "C", "numero": "197", "contenance": 1557, "source": "cadastre.data.gouv.fr (PCI Vecteur Etalab) + BDTOPO_V3:foret_publique (IGN)"}}, {"type": "Feature", "geometry": {"type": "Polygon", "coordinates": [[[0.1766189, 43.5590912], [0.1765908, 43.5591218], [0.1763091, 43.5589967], [0.1759506, 43.5594448], [0.1759378, 43.5594579], [0.1758729, 43.5594261], [0.1759419, 43.5593402], [0.1762867, 43.5589378], [0.176294, 43.5589412], [0.1766189, 43.5590912]]]}, "properties": {"kind": "prive_autorisation", "section": "C", "numero": "196", "contenance": 482, "source": "cadastre.data.gouv.fr (PCI Vecteur Etalab) + BDTOPO_V3:foret_publique (IGN)"}}, {"type": "Feature", "geometry": {"type": "Polygon", "coordinates": [[[0.1762518, 43.5595941], [0.1766494, 43.5591052], [0.1769808, 43.5592582], [0.1765802, 43.5597557], [0.1762518, 43.5595941]]]}, "properties": {"kind": "prive_autorisation", "section": "C", "numero": "194", "contenance": 2052, "source": "cadastre.data.gouv.fr (PCI Vecteur Etalab) + BDTOPO_V3:foret_publique (IGN)"}}, {"type": "Feature", "geometry": {"type": "Polygon", "coordinates": [[[0.1778694, 43.5594699], [0.1779214, 43.5594237], [0.1780242, 43.5593791], [0.1782479, 43.5593967], [0.1786, 43.5595034], [0.1784622, 43.5596785], [0.1784282, 43.5597091], [0.1782728, 43.5597916], [0.1781629, 43.5599951], [0.178075, 43.5600941], [0.17807, 43.5601915], [0.1780528, 43.5602517], [0.17796, 43.5603525], [0.1778495, 43.5605295], [0.1775073, 43.5603836], [0.1774576, 43.560316], [0.1775419, 43.5600527], [0.1777591, 43.5596687], [0.1778694, 43.5594699]]]}, "properties": {"kind": "prive_autorisation", "section": "C", "numero": "192", "contenance": 5680, "source": "cadastre.data.gouv.fr (PCI Vecteur Etalab) + BDTOPO_V3:foret_publique (IGN)"}}, {"type": "Feature", "geometry": {"type": "Polygon", "coordinates": [[[0.1776325, 43.5585348], [0.1778869, 43.5582526], [0.1784717, 43.558412], [0.1782201, 43.5587079], [0.1776325, 43.5585348]]]}, "properties": {"kind": "prive_autorisation", "section": "C", "numero": "190", "contenance": 1933, "source": "cadastre.data.gouv.fr (PCI Vecteur Etalab) + BDTOPO_V3:foret_publique (IGN)"}}, {"type": "Feature", "geometry": {"type": "Polygon", "coordinates": [[[0.1666348, 43.5613145], [0.166672, 43.5618914], [0.1653607, 43.561957], [0.1653833, 43.5616493], [0.1653271, 43.5611108], [0.1661578, 43.5610388], [0.1661572, 43.5613522], [0.1666348, 43.5613145]]]}, "properties": {"kind": "prive_autorisation", "section": "C", "numero": "276", "contenance": 8858, "source": "cadastre.data.gouv.fr (PCI Vecteur Etalab) + BDTOPO_V3:foret_publique (IGN)"}}, {"type": "Feature", "geometry": {"type": "Polygon", "coordinates": [[[0.1665087, 43.5606904], [0.1668655, 43.5606497], [0.1668819, 43.5607417], [0.1671742, 43.5607332], [0.1671978, 43.5612617], [0.1669033, 43.5612892], [0.1666348, 43.5613145], [0.1661572, 43.5613522], [0.1661578, 43.5610388], [0.1661581, 43.5609409], [0.1661232, 43.5607342], [0.1665087, 43.5606904]]]}, "properties": {"kind": "prive_autorisation", "section": "C", "numero": "275", "contenance": 5640, "source": "cadastre.data.gouv.fr (PCI Vecteur Etalab) + BDTOPO_V3:foret_publique (IGN)"}}, {"type": "Feature", "geometry": {"type": "Polygon", "coordinates": [[[0.1678636, 43.5607482], [0.1671742, 43.5607332], [0.1668819, 43.5607417], [0.1668655, 43.5606497], [0.16681, 43.5603385], [0.1677671, 43.5601407], [0.1677633, 43.5602821], [0.1678636, 43.5607482]]]}, "properties": {"kind": "prive_autorisation", "section": "C", "numero": "274", "contenance": 4340, "source": "cadastre.data.gouv.fr (PCI Vecteur Etalab) + BDTOPO_V3:foret_publique (IGN)"}}, {"type": "Feature", "geometry": {"type": "Polygon", "coordinates": [[[0.1700006, 43.5611145], [0.1701078, 43.5611629], [0.1707034, 43.561412], [0.1709128, 43.5615557], [0.1709734, 43.5615931], [0.1707422, 43.5622022], [0.1699225, 43.5621511], [0.1699475, 43.5618649], [0.1699113, 43.5617643], [0.1698504, 43.5616511], [0.169752, 43.5615232], [0.1699312, 43.5610831], [0.1700006, 43.5611145]]]}, "properties": {"kind": "prive_autorisation", "section": "C", "numero": "285", "contenance": 8040, "source": "cadastre.data.gouv.fr (PCI Vecteur Etalab) + BDTOPO_V3:foret_publique (IGN)"}}, {"type": "Feature", "geometry": {"type": "Polygon", "coordinates": [[[0.1692038, 43.5616719], [0.1699113, 43.5617643], [0.1699475, 43.5618649], [0.1699225, 43.5621511], [0.1697961, 43.5622041], [0.1684028, 43.5626232], [0.16817, 43.5619692], [0.1687093, 43.5619803], [0.1690758, 43.5619878], [0.1692038, 43.5616719]]]}, "properties": {"kind": "prive_autorisation", "section": "C", "numero": "284", "contenance": 8290, "source": "cadastre.data.gouv.fr (PCI Vecteur Etalab) + BDTOPO_V3:foret_publique (IGN)"}}, {"type": "Feature", "geometry": {"type": "Polygon", "coordinates": [[[0.1699113, 43.5617643], [0.1692038, 43.5616719], [0.1695133, 43.5609299], [0.1697977, 43.5610227], [0.1699312, 43.5610831], [0.169752, 43.5615232], [0.1698504, 43.5616511], [0.1699113, 43.5617643]]]}, "properties": {"kind": "prive_autorisation", "section": "C", "numero": "283", "contenance": 3290, "source": "cadastre.data.gouv.fr (PCI Vecteur Etalab) + BDTOPO_V3:foret_publique (IGN)"}}, {"type": "Feature", "geometry": {"type": "Polygon", "coordinates": [[[0.1692038, 43.5616719], [0.1690758, 43.5619878], [0.1687093, 43.5619803], [0.1684514, 43.560774], [0.1689422, 43.5607879], [0.1695133, 43.5609299], [0.1692038, 43.5616719]]]}, "properties": {"kind": "prive_autorisation", "section": "C", "numero": "282", "contenance": 7705, "source": "cadastre.data.gouv.fr (PCI Vecteur Etalab) + BDTOPO_V3:foret_publique (IGN)"}}, {"type": "Feature", "geometry": {"type": "Polygon", "coordinates": [[[0.1678898, 43.5607513], [0.1684514, 43.560774], [0.1687093, 43.5619803], [0.16817, 43.5619692], [0.168128, 43.5618509], [0.1678898, 43.5607513]]]}, "properties": {"kind": "prive_autorisation", "section": "C", "numero": "281", "contenance": 6075, "source": "cadastre.data.gouv.fr (PCI Vecteur Etalab) + BDTOPO_V3:foret_publique (IGN)"}}, {"type": "Feature", "geometry": {"type": "Polygon", "coordinates": [[[0.166672, 43.5618914], [0.1666348, 43.5613145], [0.1669033, 43.5612892], [0.1669265, 43.5614727], [0.1669398, 43.5618763], [0.1667201, 43.5618886], [0.166672, 43.5618914]]]}, "properties": {"kind": "prive_autorisation", "section": "C", "numero": "279", "contenance": 1416, "source": "cadastre.data.gouv.fr (PCI Vecteur Etalab) + BDTOPO_V3:foret_publique (IGN)"}}, {"type": "Feature", "geometry": {"type": "Polygon", "coordinates": [[[0.1738348, 43.5611134], [0.1740413, 43.5613438], [0.1742754, 43.5617891], [0.174061, 43.5619294], [0.1738231, 43.5620833], [0.1734318, 43.5615674], [0.173487, 43.5614849], [0.17354, 43.561415], [0.1735976, 43.5613469], [0.1738348, 43.5611134]]]}, "properties": {"kind": "prive_autorisation", "section": "C", "numero": "163", "contenance": 4056, "source": "cadastre.data.gouv.fr (PCI Vecteur Etalab) + BDTOPO_V3:foret_publique (IGN)"}}, {"type": "Feature", "geometry": {"type": "Polygon", "coordinates": [[[0.1734318, 43.5615674], [0.1738231, 43.5620833], [0.1736541, 43.5621927], [0.1732964, 43.5617633], [0.1734318, 43.5615674]]]}, "properties": {"kind": "prive_autorisation", "section": "C", "numero": "162", "contenance": 1156, "source": "cadastre.data.gouv.fr (PCI Vecteur Etalab) + BDTOPO_V3:foret_publique (IGN)"}}, {"type": "Feature", "geometry": {"type": "Polygon", "coordinates": [[[0.1809697, 43.5623286], [0.1805391, 43.5621954], [0.1806309, 43.5621064], [0.1805391, 43.5616974], [0.1808688, 43.5617549], [0.1809697, 43.5623286]]]}, "properties": {"kind": "prive_autorisation", "section": "C", "numero": "178", "contenance": 1567, "source": "cadastre.data.gouv.fr (PCI Vecteur Etalab) + BDTOPO_V3:foret_publique (IGN)"}}, {"type": "Feature", "geometry": {"type": "Polygon", "coordinates": [[[0.166738, 43.5635543], [0.1682427, 43.5631488], [0.1682737, 43.5632123], [0.1681171, 43.5632404], [0.168229, 43.5634112], [0.1675396, 43.5635853], [0.1668639, 43.5637635], [0.166738, 43.5635543]]]}, "properties": {"kind": "prive_autorisation", "section": "C", "numero": "301", "contenance": 3161, "source": "cadastre.data.gouv.fr (PCI Vecteur Etalab) + BDTOPO_V3:foret_publique (IGN)"}}, {"type": "Feature", "geometry": {"type": "Polygon", "coordinates": [[[0.1653607, 43.561957], [0.166672, 43.5618914], [0.1667201, 43.5618886], [0.166741, 43.5623775], [0.1665552, 43.5624314], [0.1665111, 43.5624506], [0.1662551, 43.562562], [0.1659678, 43.5626921], [0.1653125, 43.5626997], [0.1653607, 43.561957]]]}, "properties": {"kind": "prive_autorisation", "section": "C", "numero": "277", "contenance": 8755, "source": "cadastre.data.gouv.fr (PCI Vecteur Etalab) + BDTOPO_V3:foret_publique (IGN)"}}, {"type": "Feature", "geometry": {"type": "Polygon", "coordinates": [[[0.1686258, 43.5648171], [0.1683956, 43.5645165], [0.168181, 43.5642311], [0.1683677, 43.5641336], [0.1690562, 43.56378], [0.1691769, 43.5639307], [0.169241, 43.5640431], [0.1693325, 43.5644069], [0.1686258, 43.5648171]]]}, "properties": {"kind": "prive_autorisation", "section": "C", "numero": "303", "contenance": 5950, "source": "cadastre.data.gouv.fr (PCI Vecteur Etalab) + BDTOPO_V3:foret_publique (IGN)"}}, {"type": "Feature", "geometry": {"type": "Polygon", "coordinates": [[[0.1683677, 43.5641336], [0.168181, 43.5642311], [0.1676475, 43.564565], [0.1674763, 43.5642687], [0.1674112, 43.5638944], [0.1674074, 43.5638799], [0.1674061, 43.5638582], [0.1674102, 43.5638368], [0.167592, 43.56374], [0.1675396, 43.5635853], [0.168229, 43.5634112], [0.1683746, 43.5636293], [0.1681359, 43.5636673], [0.1683677, 43.5641336]]]}, "properties": {"kind": "prive_autorisation", "section": "C", "numero": "302", "contenance": 6194, "source": "cadastre.data.gouv.fr (PCI Vecteur Etalab) + BDTOPO_V3:foret_publique (IGN)"}}, {"type": "Feature", "geometry": {"type": "Polygon", "coordinates": [[[0.1684028, 43.5626232], [0.1697961, 43.5622041], [0.169988, 43.5626978], [0.168641, 43.5629774], [0.1685495, 43.5628349], [0.1684535, 43.5626941], [0.1684028, 43.5626232]]]}, "properties": {"kind": "prive_autorisation", "section": "C", "numero": "294", "contenance": 5990, "source": "cadastre.data.gouv.fr (PCI Vecteur Etalab) + BDTOPO_V3:foret_publique (IGN)"}}, {"type": "Feature", "geometry": {"type": "Polygon", "coordinates": [[[0.1699902, 43.5637949], [0.1696224, 43.5637613], [0.1693999, 43.5637558], [0.169223, 43.5637099], [0.1691637, 43.5635866], [0.169145, 43.5634454], [0.1698657, 43.5633222], [0.169897, 43.5633904], [0.1699464, 43.5635658], [0.1699902, 43.5637949]]]}, "properties": {"kind": "prive_autorisation", "section": "C", "numero": "292", "contenance": 2660, "source": "cadastre.data.gouv.fr (PCI Vecteur Etalab) + BDTOPO_V3:foret_publique (IGN)"}}, {"type": "Feature", "geometry": {"type": "Polygon", "coordinates": [[[0.1699902, 43.5637949], [0.1699464, 43.5635658], [0.169897, 43.5633904], [0.1698657, 43.5633222], [0.1698411, 43.5632685], [0.1705601, 43.5631551], [0.1706072, 43.5631408], [0.1713274, 43.5628135], [0.1713349, 43.5628293], [0.1712051, 43.5631178], [0.1712126, 43.5631343], [0.1719337, 43.5633753], [0.1719328, 43.563383], [0.1714257, 43.5635441], [0.1714797, 43.5636248], [0.170839, 43.5638674], [0.170671, 43.5639094], [0.1704686, 43.5639206], [0.1700051, 43.5638594], [0.1699902, 43.5637949]]]}, "properties": {"kind": "prive_autorisation", "section": "C", "numero": "288", "contenance": 10844, "source": "cadastre.data.gouv.fr (PCI Vecteur Etalab) + BDTOPO_V3:foret_publique (IGN)"}}, {"type": "Feature", "geometry": {"type": "Polygon", "coordinates": [[[0.1668868, 43.5623327], [0.166879, 43.5623374], [0.166741, 43.5623775], [0.1667201, 43.5618886], [0.1669398, 43.5618763], [0.1668868, 43.5623327]]]}, "properties": {"kind": "prive_autorisation", "section": "C", "numero": "278", "contenance": 740, "source": "cadastre.data.gouv.fr (PCI Vecteur Etalab) + BDTOPO_V3:foret_publique (IGN)"}}, {"type": "Feature", "geometry": {"type": "Polygon", "coordinates": [[[0.174061, 43.5619294], [0.1742754, 43.5617891], [0.1744264, 43.5620249], [0.1744939, 43.5621892], [0.1744769, 43.5621937], [0.174146, 43.5619436], [0.174061, 43.5619294]]]}, "properties": {"kind": "prive_autorisation", "section": "C", "numero": "164", "contenance": 602, "source": "cadastre.data.gouv.fr (PCI Vecteur Etalab) + BDTOPO_V3:foret_publique (IGN)"}}, {"type": "Feature", "geometry": {"type": "Polygon", "coordinates": [[[0.1732964, 43.5617633], [0.1736541, 43.5621927], [0.173499, 43.5622931], [0.1734946, 43.5622049], [0.1734461, 43.5621841], [0.1731649, 43.5621735], [0.1732221, 43.5618687], [0.1732646, 43.5618047], [0.1732964, 43.5617633]]]}, "properties": {"kind": "prive_autorisation", "section": "C", "numero": "161", "contenance": 1084, "source": "cadastre.data.gouv.fr (PCI Vecteur Etalab) + BDTOPO_V3:foret_publique (IGN)"}}, {"type": "Feature", "geometry": {"type": "Polygon", "coordinates": [[[0.1761407, 43.5642077], [0.1752166, 43.564231], [0.1755409, 43.5640651], [0.1756132, 43.563955], [0.1756685, 43.5637153], [0.1757938, 43.5633202], [0.175824, 43.5631249], [0.1762474, 43.5631778], [0.1763537, 43.5631462], [0.1763512, 43.5632853], [0.1762107, 43.5637106], [0.176214, 43.5640418], [0.1762011, 43.5640845], [0.1761307, 43.5641597], [0.1761407, 43.5642077]]]}, "properties": {"kind": "prive_autorisation", "section": "C", "numero": "156", "contenance": 5642, "source": "cadastre.data.gouv.fr (PCI Vecteur Etalab) + BDTOPO_V3:foret_publique (IGN)"}}, {"type": "Feature", "geometry": {"type": "Polygon", "coordinates": [[[0.1770873, 43.5650967], [0.1761362, 43.5649169], [0.17619, 43.5646592], [0.176216, 43.5643117], [0.1761926, 43.5641742], [0.1762597, 43.5640718], [0.1762605, 43.5640314], [0.176659, 43.5641486], [0.1768368, 43.5641922], [0.1770857, 43.5642866], [0.1771015, 43.5642914], [0.1771452, 43.5643078], [0.1771863, 43.5643273], [0.1772242, 43.56435], [0.1770879, 43.5647221], [0.1772051, 43.5647517], [0.1770873, 43.5650967]]]}, "properties": {"kind": "prive_autorisation", "section": "C", "numero": "155", "contenance": 7567, "source": "cadastre.data.gouv.fr (PCI Vecteur Etalab) + BDTOPO_V3:foret_publique (IGN)"}}, {"type": "Feature", "geometry": {"type": "Polygon", "coordinates": [[[0.173499, 43.5622931], [0.173501, 43.5624489], [0.1732112, 43.5624428], [0.1731137, 43.5623852], [0.1731017, 43.56236], [0.1730948, 43.5623339], [0.1730931, 43.5623191], [0.1731356, 43.5621819], [0.1731649, 43.5621735], [0.1734461, 43.5621841], [0.1734946, 43.5622049], [0.173499, 43.5622931]]]}, "properties": {"kind": "prive_autorisation", "section": "C", "numero": "160", "contenance": 920, "source": "cadastre.data.gouv.fr (PCI Vecteur Etalab) + BDTOPO_V3:foret_publique (IGN)"}}, {"type": "Feature", "geometry": {"type": "Polygon", "coordinates": [[[0.1810396, 43.5627269], [0.180976, 43.5632298], [0.1807526, 43.5632147], [0.180071, 43.563118], [0.1801882, 43.5627581], [0.1802286, 43.5626339], [0.1810396, 43.5627269]]]}, "properties": {"kind": "prive_autorisation", "section": "C", "numero": "176", "contenance": 4028, "source": "cadastre.data.gouv.fr (PCI Vecteur Etalab) + BDTOPO_V3:foret_publique (IGN)"}}, {"type": "Feature", "geometry": {"type": "Polygon", "coordinates": [[[0.1813303, 43.5638755], [0.1810484, 43.5637978], [0.1804064, 43.5636421], [0.1799399, 43.563521], [0.180071, 43.563118], [0.1807526, 43.5632147], [0.180976, 43.5632298], [0.1816103, 43.5632601], [0.181506, 43.5635707], [0.1814164, 43.5637505], [0.1813303, 43.5638755]]]}, "properties": {"kind": "prive_autorisation", "section": "C", "numero": "175", "contenance": 7097, "source": "cadastre.data.gouv.fr (PCI Vecteur Etalab) + BDTOPO_V3:foret_publique (IGN)"}}, {"type": "Feature", "geometry": {"type": "Polygon", "coordinates": [[[0.180071, 43.563118], [0.1799399, 43.563521], [0.1788019, 43.5631854], [0.1790226, 43.562719], [0.1793193, 43.562402], [0.1801882, 43.5627581], [0.180071, 43.563118]]]}, "properties": {"kind": "prive_autorisation", "section": "C", "numero": "167", "contenance": 8525, "source": "cadastre.data.gouv.fr (PCI Vecteur Etalab) + BDTOPO_V3:foret_publique (IGN)"}}, {"type": "Feature", "geometry": {"type": "Polygon", "coordinates": [[[0.1679757, 43.5651378], [0.1673672, 43.5653858], [0.1667868, 43.5649712], [0.1664962, 43.5647529], [0.1669367, 43.564535], [0.1674763, 43.5642687], [0.1676475, 43.564565], [0.1679149, 43.5647536], [0.1678282, 43.5647943], [0.1679757, 43.5651378]]]}, "properties": {"kind": "prive_autorisation", "section": "C", "numero": "306", "contenance": 7910, "source": "cadastre.data.gouv.fr (PCI Vecteur Etalab) + BDTOPO_V3:foret_publique (IGN)"}}, {"type": "Feature", "geometry": {"type": "Polygon", "coordinates": [[[0.1674112, 43.5638944], [0.1674763, 43.5642687], [0.1669367, 43.564535], [0.1662372, 43.5640371], [0.1668639, 43.5637635], [0.1669826, 43.5639604], [0.167217, 43.5639501], [0.1674112, 43.5638944]]]}, "properties": {"kind": "prive_autorisation", "section": "C", "numero": "299", "contenance": 4856, "source": "cadastre.data.gouv.fr (PCI Vecteur Etalab) + BDTOPO_V3:foret_publique (IGN)"}}, {"type": "Feature", "geometry": {"type": "Polygon", "coordinates": [[[0.1662372, 43.5640371], [0.1669367, 43.564535], [0.1664962, 43.5647529], [0.166253, 43.5645707], [0.1659573, 43.5643416], [0.1658192, 43.5642226], [0.1662372, 43.5640371]]]}, "properties": {"kind": "prive_autorisation", "section": "C", "numero": "298", "contenance": 3336, "source": "cadastre.data.gouv.fr (PCI Vecteur Etalab) + BDTOPO_V3:foret_publique (IGN)"}}, {"type": "Feature", "geometry": {"type": "Polygon", "coordinates": [[[0.1683956, 43.5645165], [0.1679149, 43.5647536], [0.1676475, 43.564565], [0.168181, 43.5642311], [0.1683956, 43.5645165]]]}, "properties": {"kind": "prive_autorisation", "section": "C", "numero": "305", "contenance": 1740, "source": "cadastre.data.gouv.fr (PCI Vecteur Etalab) + BDTOPO_V3:foret_publique (IGN)"}}, {"type": "Feature", "geometry": {"type": "Polygon", "coordinates": [[[0.1679757, 43.5651378], [0.1678282, 43.5647943], [0.1679149, 43.5647536], [0.1683956, 43.5645165], [0.1686258, 43.5648171], [0.1684664, 43.5649107], [0.1682076, 43.5650431], [0.1679757, 43.5651378]]]}, "properties": {"kind": "prive_autorisation", "section": "C", "numero": "304", "contenance": 2350, "source": "cadastre.data.gouv.fr (PCI Vecteur Etalab) + BDTOPO_V3:foret_publique (IGN)"}}, {"type": "Feature", "geometry": {"type": "Polygon", "coordinates": [[[0.1668639, 43.5637635], [0.1675396, 43.5635853], [0.167592, 43.56374], [0.1674102, 43.5638368], [0.1674061, 43.5638582], [0.1674074, 43.5638799], [0.1674112, 43.5638944], [0.167217, 43.5639501], [0.1669826, 43.5639604], [0.1668639, 43.5637635]]]}, "properties": {"kind": "prive_autorisation", "section": "C", "numero": "300", "contenance": 1440, "source": "cadastre.data.gouv.fr (PCI Vecteur Etalab) + BDTOPO_V3:foret_publique (IGN)"}}, {"type": "Feature", "geometry": {"type": "Polygon", "coordinates": [[[0.169223, 43.5637099], [0.1693999, 43.5637558], [0.1696224, 43.5637613], [0.1699902, 43.5637949], [0.1700051, 43.5638594], [0.1700134, 43.5638948], [0.1694498, 43.5639781], [0.169303, 43.5639689], [0.1692509, 43.5639992], [0.169241, 43.5640431], [0.1691769, 43.5639307], [0.1690562, 43.56378], [0.1692023, 43.5637055], [0.169223, 43.5637099]]]}, "properties": {"kind": "prive_autorisation", "section": "C", "numero": "291", "contenance": 1474, "source": "cadastre.data.gouv.fr (PCI Vecteur Etalab) + BDTOPO_V3:foret_publique (IGN)"}}, {"type": "Feature", "geometry": {"type": "Polygon", "coordinates": [[[0.169241, 43.5640431], [0.1692509, 43.5639992], [0.169303, 43.5639689], [0.1694498, 43.5639781], [0.1694738, 43.5643398], [0.1696084, 43.5645675], [0.1696663, 43.564599], [0.1696914, 43.5646668], [0.169685, 43.5646661], [0.1696459, 43.5646782], [0.1695472, 43.5645974], [0.1693519, 43.5644373], [0.1693325, 43.5644069], [0.169241, 43.5640431]]]}, "properties": {"kind": "prive_autorisation", "section": "C", "numero": "290", "contenance": 1086, "source": "cadastre.data.gouv.fr (PCI Vecteur Etalab) + BDTOPO_V3:foret_publique (IGN)"}}, {"type": "Feature", "geometry": {"type": "Polygon", "coordinates": [[[0.1696914, 43.5646668], [0.1696663, 43.564599], [0.1696084, 43.5645675], [0.1694738, 43.5643398], [0.1694498, 43.5639781], [0.1700134, 43.5638948], [0.1700051, 43.5638594], [0.1704686, 43.5639206], [0.170313, 43.5641428], [0.1707687, 43.5642783], [0.1702989, 43.5647383], [0.1702912, 43.5647375], [0.170167, 43.5647248], [0.1699288, 43.5646978], [0.1696914, 43.5646668]]]}, "properties": {"kind": "prive_autorisation", "section": "C", "numero": "289", "contenance": 7008, "source": "cadastre.data.gouv.fr (PCI Vecteur Etalab) + BDTOPO_V3:foret_publique (IGN)"}}, {"type": "Feature", "geometry": {"type": "Polygon", "coordinates": [[[0.1709721, 43.5658471], [0.1709135, 43.5662506], [0.1706764, 43.5661814], [0.1702487, 43.5660534], [0.1698232, 43.5659219], [0.1696799, 43.5655197], [0.1696935, 43.5655112], [0.1695888, 43.5652074], [0.1696515, 43.5651028], [0.1697834, 43.5650651], [0.1698451, 43.5651494], [0.1698122, 43.5652264], [0.1699197, 43.565516], [0.169924, 43.56552], [0.1699815, 43.5655741], [0.1701062, 43.565674], [0.1702424, 43.5657418], [0.1702266, 43.565777], [0.1704022, 43.5658693], [0.1706257, 43.5658915], [0.1709721, 43.5658471]]]}, "properties": {"kind": "prive_autorisation", "section": "C", "numero": "137", "contenance": 4325, "source": "cadastre.data.gouv.fr (PCI Vecteur Etalab) + BDTOPO_V3:foret_publique (IGN)"}}, {"type": "Feature", "geometry": {"type": "Polygon", "coordinates": [[[0.1696914, 43.5646668], [0.1699288, 43.5646978], [0.170167, 43.5647248], [0.1702912, 43.5647375], [0.1705398, 43.5652665], [0.1701911, 43.565229], [0.1698451, 43.5651494], [0.1697834, 43.5650651], [0.1697819, 43.5650241], [0.1697743, 43.5647967], [0.169685, 43.5646661], [0.1696914, 43.5646668]]]}, "properties": {"kind": "prive_autorisation", "section": "C", "numero": "133", "contenance": 2811, "source": "cadastre.data.gouv.fr (PCI Vecteur Etalab) + BDTOPO_V3:foret_publique (IGN)"}}, {"type": "Feature", "geometry": {"type": "Polygon", "coordinates": [[[0.1698122, 43.5652264], [0.1698451, 43.5651494], [0.1701911, 43.565229], [0.1705398, 43.5652665], [0.1718605, 43.5654066], [0.1718034, 43.5658015], [0.1716164, 43.5657815], [0.1715281, 43.5662284], [0.1716285, 43.5662392], [0.1716268, 43.5662524], [0.1716202, 43.5662957], [0.1709135, 43.5662506], [0.1709721, 43.5658471], [0.171174, 43.565785], [0.1704608, 43.5656836], [0.169924, 43.56552], [0.1699197, 43.565516], [0.1698122, 43.5652264]]]}, "properties": {"kind": "bati", "section": "C", "numero": "381", "contenance": 10087, "source": "cadastre.data.gouv.fr (PCI Vecteur Etalab) + BDTOPO_V3:foret_publique (IGN)"}}, {"type": "Feature", "geometry": {"type": "Polygon", "coordinates": [[[0.169685, 43.5646661], [0.1697743, 43.5647967], [0.1697819, 43.5650241], [0.1695472, 43.5645974], [0.1696459, 43.5646782], [0.169685, 43.5646661]]]}, "properties": {"kind": "prive_autorisation", "section": "C", "numero": "132", "contenance": 270, "source": "cadastre.data.gouv.fr (PCI Vecteur Etalab) + BDTOPO_V3:foret_publique (IGN)"}}, {"type": "Feature", "geometry": {"type": "Polygon", "coordinates": [[[0.1721181, 43.5652901], [0.1723043, 43.5647293], [0.172678, 43.5647948], [0.1724916, 43.5653557], [0.1721181, 43.5652901]]]}, "properties": {"kind": "prive_autorisation", "section": "C", "numero": "375", "contenance": 1984, "source": "cadastre.data.gouv.fr (PCI Vecteur Etalab) + BDTOPO_V3:foret_publique (IGN)"}}, {"type": "Feature", "geometry": {"type": "Polygon", "coordinates": [[[0.1718034, 43.5658015], [0.1718605, 43.5654066], [0.1724801, 43.5654737], [0.1725732, 43.5654837], [0.1725206, 43.5657251], [0.1724757, 43.5659327], [0.1724542, 43.5660308], [0.1724427, 43.5660777], [0.1723638, 43.5663837], [0.1717348, 43.5663868], [0.1717326, 43.5663029], [0.1716202, 43.5662957], [0.1716268, 43.5662524], [0.1716285, 43.5662392], [0.1718264, 43.5662606], [0.1720643, 43.5662865], [0.1720888, 43.5661677], [0.1718497, 43.5661427], [0.171915, 43.5658134], [0.1718034, 43.5658015]], [[0.1721745, 43.565893], [0.1723336, 43.565914], [0.1723721, 43.5657727], [0.1722131, 43.5657505], [0.1721745, 43.565893]]]}, "properties": {"kind": "bati", "section": "C", "numero": "379", "contenance": 5092, "source": "cadastre.data.gouv.fr (PCI Vecteur Etalab) + BDTOPO_V3:foret_publique (IGN)"}}, {"type": "Feature", "geometry": {"type": "Polygon", "coordinates": [[[0.176659, 43.5641486], [0.1768429, 43.563755], [0.1770908, 43.5638663], [0.1777135, 43.5640182], [0.1778098, 43.5641168], [0.1780256, 43.5641307], [0.1780573, 43.5641675], [0.1770857, 43.5642866], [0.1768368, 43.5641922], [0.176659, 43.5641486]]]}, "properties": {"kind": "prive_autorisation", "section": "C", "numero": "170", "contenance": 3267, "source": "cadastre.data.gouv.fr (PCI Vecteur Etalab) + BDTOPO_V3:foret_publique (IGN)"}}, {"type": "Feature", "geometry": {"type": "Polygon", "coordinates": [[[0.1731598, 43.5644386], [0.1734368, 43.5645325], [0.1734, 43.5645993], [0.1733831, 43.5645935], [0.173322, 43.5646977], [0.173163, 43.564653], [0.1730857, 43.5646314], [0.1731598, 43.5644386]]]}, "properties": {"kind": "prive_autorisation", "section": "C", "numero": "157", "contenance": 471, "source": "cadastre.data.gouv.fr (PCI Vecteur Etalab) + BDTOPO_V3:foret_publique (IGN)"}}, {"type": "Feature", "geometry": {"type": "Polygon", "coordinates": [[[0.1749087, 43.5644999], [0.174931, 43.5642404], [0.1752166, 43.564231], [0.1761407, 43.5642077], [0.1761631, 43.5643151], [0.1761267, 43.5647007], [0.1760551, 43.5650341], [0.1756975, 43.5650764], [0.1754544, 43.5650846], [0.1753655, 43.5648858], [0.1753821, 43.5647376], [0.1753258, 43.5647224], [0.175307, 43.5645234], [0.1749087, 43.5644999]]]}, "properties": {"kind": "prive_autorisation", "section": "C", "numero": "144", "contenance": 6867, "source": "cadastre.data.gouv.fr (PCI Vecteur Etalab) + BDTOPO_V3:foret_publique (IGN)"}}, {"type": "Feature", "geometry": {"type": "Polygon", "coordinates": [[[0.1782629, 43.5644063], [0.1782777, 43.5644234], [0.1790008, 43.5642671], [0.1792452, 43.5642492], [0.1793737, 43.5645188], [0.1785295, 43.564697], [0.1783901, 43.564731], [0.1780212, 43.5648453], [0.1779001, 43.564756], [0.1777394, 43.5646578], [0.1776005, 43.5645741], [0.1782629, 43.5644063]]]}, "properties": {"kind": "prive_autorisation", "section": "C", "numero": "172", "contenance": 4577, "source": "cadastre.data.gouv.fr (PCI Vecteur Etalab) + BDTOPO_V3:foret_publique (IGN)"}}, {"type": "Feature", "geometry": {"type": "Polygon", "coordinates": [[[0.1780573, 43.5641675], [0.1782629, 43.5644063], [0.1776005, 43.5645741], [0.1772242, 43.56435], [0.1771863, 43.5643273], [0.1771452, 43.5643078], [0.1771015, 43.5642914], [0.1770857, 43.5642866], [0.1780573, 43.5641675]]]}, "properties": {"kind": "prive_autorisation", "section": "C", "numero": "171", "contenance": 2420, "source": "cadastre.data.gouv.fr (PCI Vecteur Etalab) + BDTOPO_V3:foret_publique (IGN)"}}, {"type": "Feature", "geometry": {"type": "Polygon", "coordinates": [[[0.177451, 43.5651681], [0.1770873, 43.5650967], [0.1772051, 43.5647517], [0.1770879, 43.5647221], [0.1772242, 43.56435], [0.1776005, 43.5645741], [0.1777394, 43.5646578], [0.177451, 43.5651681]]]}, "properties": {"kind": "prive_autorisation", "section": "C", "numero": "154", "contenance": 2879, "source": "cadastre.data.gouv.fr (PCI Vecteur Etalab) + BDTOPO_V3:foret_publique (IGN)"}}, {"type": "Feature", "geometry": {"type": "Polygon", "coordinates": [[[0.1780212, 43.5648453], [0.1783901, 43.564731], [0.1785295, 43.564697], [0.1793737, 43.5645188], [0.1794638, 43.564499], [0.1795858, 43.5644757], [0.1797091, 43.5644561], [0.179783, 43.5644621], [0.1800115, 43.5645239], [0.1799432, 43.5647028], [0.1796812, 43.564655], [0.178958, 43.5648191], [0.1790494, 43.565072], [0.1784576, 43.5652008], [0.1783882, 43.5651805], [0.1783374, 43.5651287], [0.1783, 43.565077], [0.1782581, 43.5650269], [0.1782082, 43.5649756], [0.1780212, 43.5648453]]]}, "properties": {"kind": "prive_autorisation", "section": "C", "numero": "152", "contenance": 5153, "source": "cadastre.data.gouv.fr (PCI Vecteur Etalab) + BDTOPO_V3:foret_publique (IGN)"}}, {"type": "Feature", "geometry": {"type": "Polygon", "coordinates": [[[0.18035, 43.5650363], [0.1801144, 43.5649739], [0.1799896, 43.5649515], [0.1798582, 43.5649599], [0.1794644, 43.5649634], [0.1793782, 43.5650011], [0.1790494, 43.565072], [0.178958, 43.5648191], [0.1796812, 43.564655], [0.1799432, 43.5647028], [0.1800115, 43.5645239], [0.1805712, 43.5646844], [0.1807631, 43.5647392], [0.1807071, 43.5649495], [0.1806563, 43.5651603], [0.1806007, 43.5651383], [0.1805183, 43.5651065], [0.1804384, 43.5650715], [0.1803772, 43.5650457], [0.18035, 43.5650363]]]}, "properties": {"kind": "bati", "section": "C", "numero": "151", "contenance": 5153, "source": "cadastre.data.gouv.fr (PCI Vecteur Etalab) + BDTOPO_V3:foret_publique (IGN)"}}, {"type": "Feature", "geometry": {"type": "Polygon", "coordinates": [[[0.1805712, 43.5646844], [0.1807748, 43.5643544], [0.1809228, 43.5644054], [0.1808573, 43.5645268], [0.1807631, 43.5647392], [0.1805712, 43.5646844]]]}, "properties": {"kind": "prive_autorisation", "section": "C", "numero": "173", "contenance": 579, "source": "cadastre.data.gouv.fr (PCI Vecteur Etalab) + BDTOPO_V3:foret_publique (IGN)"}}, {"type": "Feature", "geometry": {"type": "Polygon", "coordinates": [[[0.1805011, 43.5654328], [0.1805103, 43.5654031], [0.1805078, 43.5653941], [0.1802206, 43.5653052], [0.1801478, 43.5652827], [0.18035, 43.5650363], [0.1803772, 43.5650457], [0.1804384, 43.5650715], [0.1805183, 43.5651065], [0.1806007, 43.5651383], [0.1806563, 43.5651603], [0.1805893, 43.5654556], [0.1805597, 43.5654484], [0.1805011, 43.5654328]]]}, "properties": {"kind": "bati", "section": "C", "numero": "150", "contenance": 1068, "source": "cadastre.data.gouv.fr (PCI Vecteur Etalab) + BDTOPO_V3:foret_publique (IGN)"}}, {"type": "Feature", "geometry": {"type": "Polygon", "coordinates": [[[0.1805011, 43.5654328], [0.1805597, 43.5654484], [0.1805893, 43.5654556], [0.1804519, 43.5660853], [0.1804153, 43.566256], [0.1804126, 43.5662681], [0.1804169, 43.5664056], [0.1801964, 43.5664247], [0.1804226, 43.5656882], [0.1805011, 43.5654328]]]}, "properties": {"kind": "prive_autorisation", "section": "C", "numero": "149", "contenance": 1266, "source": "cadastre.data.gouv.fr (PCI Vecteur Etalab) + BDTOPO_V3:foret_publique (IGN)"}}, {"type": "Feature", "geometry": {"type": "Polygon", "coordinates": [[[0.1709721, 43.5658471], [0.1706257, 43.5658915], [0.1704022, 43.5658693], [0.1702266, 43.565777], [0.1702424, 43.5657418], [0.1701062, 43.565674], [0.1699815, 43.5655741], [0.169924, 43.56552], [0.1704608, 43.5656836], [0.171174, 43.565785], [0.1709721, 43.5658471]]]}, "properties": {"kind": "prive_autorisation", "section": "C", "numero": "136", "contenance": 1448, "source": "cadastre.data.gouv.fr (PCI Vecteur Etalab) + BDTOPO_V3:foret_publique (IGN)"}}, {"type": "Feature", "geometry": {"type": "Polygon", "coordinates": [[[0.1708856, 43.5678014], [0.170817, 43.5678043], [0.1705662, 43.5675803], [0.1704526, 43.5674345], [0.1700196, 43.5669039], [0.1700587, 43.5668846], [0.1700232, 43.5666901], [0.1700949, 43.5666796], [0.1702842, 43.5666571], [0.1702916, 43.5669413], [0.1704394, 43.567085], [0.1705541, 43.5671503], [0.1707078, 43.5673089], [0.1708658, 43.5674653], [0.1709328, 43.5675298], [0.1709718, 43.5675426], [0.170951, 43.5675838], [0.170994, 43.5676158], [0.1710414, 43.5675926], [0.1716205, 43.5677693], [0.1708856, 43.5678014]], [[0.170898, 43.5675986], [0.1709382, 43.5675654], [0.1709133, 43.5675434], [0.1708664, 43.5675752], [0.170898, 43.5675986]]]}, "properties": {"kind": "bati", "section": "C", "numero": "129", "contenance": 3697, "source": "cadastre.data.gouv.fr (PCI Vecteur Etalab) + BDTOPO_V3:foret_publique (IGN)"}}, {"type": "Feature", "geometry": {"type": "Polygon", "coordinates": [[[0.1731225, 43.5662263], [0.1730376, 43.5665698], [0.1729231, 43.5665638], [0.1729069, 43.5665631], [0.1728834, 43.5665606], [0.1728519, 43.5665526], [0.1724374, 43.5664603], [0.1725517, 43.5660748], [0.1725799, 43.5660823], [0.1729675, 43.5661852], [0.1730833, 43.5662159], [0.1731225, 43.5662263]]]}, "properties": {"kind": "bati", "section": "C", "numero": "141", "contenance": 2083, "source": "cadastre.data.gouv.fr (PCI Vecteur Etalab) + BDTOPO_V3:foret_publique (IGN)"}}, {"type": "Feature", "geometry": {"type": "Polygon", "coordinates": [[[0.1734498, 43.5659969], [0.1731842, 43.5659736], [0.1731225, 43.5662263], [0.1730833, 43.5662159], [0.1729675, 43.5661852], [0.1725799, 43.5660823], [0.1725517, 43.5660748], [0.1726444, 43.5657443], [0.1734822, 43.5658489], [0.1734498, 43.5659969]]]}, "properties": {"kind": "bati", "section": "C", "numero": "140", "contenance": 2342, "source": "cadastre.data.gouv.fr (PCI Vecteur Etalab) + BDTOPO_V3:foret_publique (IGN)"}}, {"type": "Feature", "geometry": {"type": "Polygon", "coordinates": [[[0.1699663, 43.5663869], [0.170069, 43.5666277], [0.1700949, 43.5666796], [0.1700232, 43.5666901], [0.1699601, 43.5666406], [0.1698421, 43.5665063], [0.1697871, 43.5664078], [0.1699663, 43.5663869]]]}, "properties": {"kind": "prive_autorisation", "section": "C", "numero": "130", "contenance": 402, "source": "cadastre.data.gouv.fr (PCI Vecteur Etalab) + BDTOPO_V3:foret_publique (IGN)"}}, {"type": "Feature", "geometry": {"type": "Polygon", "coordinates": [[[0.1715281, 43.5662284], [0.1716164, 43.5657815], [0.1718034, 43.5658015], [0.1718007, 43.565821], [0.1717924, 43.5658787], [0.1716826, 43.5658695], [0.1716434, 43.5661378], [0.1716285, 43.5662392], [0.1715281, 43.5662284]]]}, "properties": {"kind": "bati", "section": "C", "numero": "380", "contenance": 438, "source": "cadastre.data.gouv.fr (PCI Vecteur Etalab) + BDTOPO_V3:foret_publique (IGN)"}}, {"type": "Feature", "geometry": {"type": "Polygon", "coordinates": [[[0.1716434, 43.5661378], [0.1716826, 43.5658695], [0.1717924, 43.5658787], [0.1718007, 43.565821], [0.1718034, 43.5658015], [0.171915, 43.5658134], [0.1718497, 43.5661427], [0.1720888, 43.5661677], [0.1720643, 43.5662865], [0.1718264, 43.5662606], [0.1716285, 43.5662392], [0.1716434, 43.5661378]]]}, "properties": {"kind": "bati", "section": "C", "numero": "378", "contenance": 1039, "source": "cadastre.data.gouv.fr (PCI Vecteur Etalab) + BDTOPO_V3:foret_publique (IGN)"}}, {"type": "Feature", "geometry": {"type": "Polygon", "coordinates": [[[0.1721745, 43.565893], [0.1722131, 43.5657505], [0.1723721, 43.5657727], [0.1723336, 43.565914], [0.1721745, 43.565893]]]}, "properties": {"kind": "bati", "section": "C", "numero": "377", "contenance": 209, "source": "cadastre.data.gouv.fr (PCI Vecteur Etalab) + BDTOPO_V3:foret_publique (IGN)"}}, {"type": "Feature", "geometry": {"type": "Polygon", "coordinates": [[[0.1730376, 43.5665698], [0.1731225, 43.5662263], [0.1731842, 43.5659736], [0.1734498, 43.5659969], [0.1733136, 43.5665908], [0.1730376, 43.5665698]]]}, "properties": {"kind": "prive_autorisation", "section": "C", "numero": "142", "contenance": 1510, "source": "cadastre.data.gouv.fr (PCI Vecteur Etalab) + BDTOPO_V3:foret_publique (IGN)"}}, {"type": "Feature", "geometry": {"type": "Polygon", "coordinates": [[[0.176944, 43.566165], [0.1776494, 43.5659516], [0.177813, 43.5659065], [0.1775315, 43.5664039], [0.176983, 43.5663965], [0.1768101, 43.5663521], [0.1768305, 43.5663207], [0.1768783, 43.5663079], [0.176944, 43.566165]]]}, "properties": {"kind": "prive_autorisation", "section": "C", "numero": "146", "contenance": 2400, "source": "cadastre.data.gouv.fr (PCI Vecteur Etalab) + BDTOPO_V3:foret_publique (IGN)"}}, {"type": "Feature", "geometry": {"type": "Polygon", "coordinates": [[[0.1800658, 43.566659], [0.180034, 43.5664439], [0.1801964, 43.5664247], [0.1804169, 43.5664056], [0.1804052, 43.5666205], [0.1800658, 43.566659]]]}, "properties": {"kind": "prive_autorisation", "section": "C", "numero": "148", "contenance": 774, "source": "cadastre.data.gouv.fr (PCI Vecteur Etalab) + BDTOPO_V3:foret_publique (IGN)"}}, {"type": "Feature", "geometry": {"type": "Polygon", "coordinates": [[[0.170898, 43.5675986], [0.1708664, 43.5675752], [0.1709133, 43.5675434], [0.1709382, 43.5675654], [0.170898, 43.5675986]]]}, "properties": {"kind": "bati", "section": "C", "numero": "128", "contenance": 18, "source": "cadastre.data.gouv.fr (PCI Vecteur Etalab) + BDTOPO_V3:foret_publique (IGN)"}}, {"type": "Feature", "geometry": {"type": "Polygon", "coordinates": [[[0.1716417, 43.5681852], [0.1709594, 43.5681866], [0.1708856, 43.5678014], [0.1716205, 43.5677693], [0.1718662, 43.5678151], [0.1716417, 43.5681852]]]}, "properties": {"kind": "prive_autorisation", "section": "C", "numero": "127", "contenance": 3074, "source": "cadastre.data.gouv.fr (PCI Vecteur Etalab) + BDTOPO_V3:foret_publique (IGN)"}}, {"type": "Feature", "geometry": {"type": "Polygon", "coordinates": [[[0.1712088, 43.5688991], [0.1704635, 43.5689656], [0.1703418, 43.5685904], [0.1714184, 43.5685496], [0.1712088, 43.5688991]]]}, "properties": {"kind": "bati", "section": "C", "numero": "125", "contenance": 2985, "source": "cadastre.data.gouv.fr (PCI Vecteur Etalab) + BDTOPO_V3:foret_publique (IGN)"}}, {"type": "Feature", "geometry": {"type": "Polygon", "coordinates": [[[0.1704635, 43.5689656], [0.1712088, 43.5688991], [0.1707722, 43.5696507], [0.170736, 43.5697008], [0.1706793, 43.5696982], [0.170537, 43.5691618], [0.1704635, 43.5689656]]]}, "properties": {"kind": "prive_autorisation", "section": "C", "numero": "124", "contenance": 2713, "source": "cadastre.data.gouv.fr (PCI Vecteur Etalab) + BDTOPO_V3:foret_publique (IGN)"}}, {"type": "Feature", "geometry": {"type": "Polygon", "coordinates": [[[0.1784262, 43.5747642], [0.1779407, 43.5749389], [0.177622, 43.5750541], [0.1766379, 43.5753692], [0.1766048, 43.5754532], [0.1765662, 43.5755521], [0.1763916, 43.5758527], [0.1763301, 43.5759862], [0.1762939, 43.5761736], [0.1762756, 43.5764867], [0.1763345, 43.5769964], [0.1761423, 43.5770365], [0.1759339, 43.5770332], [0.1759628, 43.5767073], [0.1759576, 43.5765912], [0.1760072, 43.5763346], [0.1760034, 43.576199], [0.1759397, 43.5761912], [0.1754916, 43.5757693], [0.1757654, 43.5756635], [0.1755041, 43.575415], [0.1759441, 43.574956], [0.1753679, 43.5744084], [0.1759626, 43.5740651], [0.1760884, 43.5739972], [0.1762171, 43.5739325], [0.1763487, 43.573871], [0.1766801, 43.5737341], [0.1769072, 43.5736565], [0.177211, 43.5735931], [0.1773111, 43.5735794], [0.1773989, 43.5735769], [0.1775384, 43.5735761], [0.1776777, 43.5735792], [0.1778873, 43.573622], [0.1780663, 43.5736705], [0.1781718, 43.5737069], [0.1783968, 43.5737877], [0.1786194, 43.573872], [0.1788394, 43.5739596], [0.1783474, 43.5747119], [0.1784262, 43.5747642]]]}, "properties": {"kind": "prive_autorisation", "section": "D", "numero": "195", "contenance": 44048, "source": "cadastre.data.gouv.fr (PCI Vecteur Etalab) + BDTOPO_V3:foret_publique (IGN)"}}, {"type": "Feature", "geometry": {"type": "Polygon", "coordinates": [[[0.1643068, 43.5770775], [0.1644088, 43.5769476], [0.1644529, 43.5769064], [0.1649232, 43.5765132], [0.1651218, 43.5763701], [0.1656797, 43.5761738], [0.1657565, 43.576144], [0.1664139, 43.5761349], [0.166367, 43.5760226], [0.1664779, 43.5759598], [0.1666165, 43.5759208], [0.1669413, 43.5758513], [0.1669951, 43.5761893], [0.1670028, 43.5762389], [0.1665047, 43.5763111], [0.1662808, 43.5763817], [0.165777, 43.5765723], [0.1653938, 43.5767699], [0.1653037, 43.5768247], [0.1650742, 43.5769805], [0.1649758, 43.5770556], [0.1647197, 43.5773035], [0.1644843, 43.5776402], [0.1644214, 43.5778105], [0.1644108, 43.577935], [0.1643855, 43.5780621], [0.1641553, 43.5782724], [0.163822, 43.5782531], [0.1639979, 43.5777874], [0.1642408, 43.5774441], [0.1643037, 43.5773558], [0.1644482, 43.5771494], [0.1643068, 43.5770775]]]}, "properties": {"kind": "prive_autorisation", "section": "D", "numero": "154", "contenance": 13729, "source": "cadastre.data.gouv.fr (PCI Vecteur Etalab) + BDTOPO_V3:foret_publique (IGN)"}}, {"type": "Feature", "geometry": {"type": "Polygon", "coordinates": [[[0.1829957, 43.5829369], [0.1825706, 43.5830477], [0.1818728, 43.5833654], [0.181596, 43.5835405], [0.1814131, 43.5837129], [0.1813279, 43.5838511], [0.1812744, 43.5844637], [0.1812745, 43.5845194], [0.1814678, 43.5851566], [0.181563, 43.5854091], [0.1813543, 43.5853913], [0.1811418, 43.5853451], [0.180931, 43.5852953], [0.180867, 43.5852793], [0.1806444, 43.5851383], [0.1804526, 43.5850551], [0.180384, 43.5849802], [0.1801674, 43.5846303], [0.1800723, 43.5845119], [0.1799576, 43.5843624], [0.1798478, 43.5842109], [0.1796006, 43.5840411], [0.1794994, 43.5839205], [0.1794399, 43.5837395], [0.1793962, 43.5835876], [0.1793725, 43.5835585], [0.1793053, 43.5834806], [0.1792336, 43.5834048], [0.179168, 43.5831768], [0.1791604, 43.5831339], [0.1791289, 43.5829714], [0.1790923, 43.5828094], [0.1790504, 43.5826481], [0.1790709, 43.5825569], [0.1790197, 43.5823901], [0.1790047, 43.5822696], [0.178917, 43.5819634], [0.1788651, 43.5817864], [0.1788746, 43.5817602], [0.1789728, 43.5815525], [0.1789723, 43.5815441], [0.1790424, 43.5815441], [0.1791175, 43.5817595], [0.1792089, 43.582019], [0.1796261, 43.583211], [0.1802337, 43.5829264], [0.1801229, 43.5827705], [0.1800922, 43.5826718], [0.1800952, 43.5826065], [0.1801273, 43.5823918], [0.1800283, 43.5822701], [0.1800516, 43.5822219], [0.1800827, 43.582168], [0.1801187, 43.5821156], [0.1802691, 43.5819035], [0.1802929, 43.5818064], [0.1803472, 43.5815709], [0.1803962, 43.581335], [0.1801824, 43.5813371], [0.1801963, 43.5810756], [0.1802057, 43.5808661], [0.1803417, 43.5808387], [0.1805781, 43.5808604], [0.1808473, 43.5808887], [0.1811155, 43.5809206], [0.1814554, 43.5809462], [0.1819142, 43.5810184], [0.1828747, 43.5811399], [0.1827577, 43.5813075], [0.1825275, 43.5816541], [0.1825074, 43.5817241], [0.1824971, 43.5818204], [0.1826965, 43.5822852], [0.1829957, 43.5829369]]]}, "properties": {"kind": "bati", "section": "D", "numero": "193", "contenance": 84231, "source": "cadastre.data.gouv.fr (PCI Vecteur Etalab) + BDTOPO_V3:foret_publique (IGN)"}}, {"type": "Feature", "geometry": {"type": "Polygon", "coordinates": [[[0.1803494, 43.5787088], [0.1797756, 43.5787779], [0.1797655, 43.5788799], [0.1792873, 43.5795744], [0.1789976, 43.5795412], [0.1788426, 43.5795235], [0.1786687, 43.5798967], [0.1785792, 43.5800865], [0.1782951, 43.5798926], [0.1782075, 43.5798406], [0.1779459, 43.5797477], [0.1779059, 43.5796982], [0.1778195, 43.5796609], [0.1777362, 43.5796206], [0.1776375, 43.5795664], [0.1777709, 43.5794454], [0.1782035, 43.5790503], [0.178065, 43.5784069], [0.1779773, 43.578356], [0.1774473, 43.5780287], [0.1773594, 43.5780865], [0.1769971, 43.5774121], [0.1778077, 43.5771501], [0.1779919, 43.577091], [0.1785471, 43.5769125], [0.1785159, 43.5771543], [0.1784949, 43.5773082], [0.178491, 43.5773397], [0.1784852, 43.5773848], [0.1785082, 43.5773807], [0.1788139, 43.5773256], [0.1789337, 43.5773039], [0.1789399, 43.5774798], [0.1789412, 43.5775154], [0.1789421, 43.5775417], [0.1789438, 43.5775919], [0.179212, 43.5775914], [0.1792847, 43.577632], [0.1793419, 43.5776164], [0.1794232, 43.5772428], [0.179465, 43.5770438], [0.1795306, 43.5770342], [0.1795334, 43.577019], [0.1796333, 43.5764794], [0.1798591, 43.5765442], [0.1800827, 43.5763231], [0.1803923, 43.5764339], [0.1804602, 43.576471], [0.1810572, 43.5768293], [0.1811741, 43.5769116], [0.181359, 43.5771727], [0.1803337, 43.5778563], [0.1804336, 43.5780532], [0.1805811, 43.578145], [0.1805385, 43.5781615], [0.1803306, 43.5782136], [0.1804039, 43.5783058], [0.1804022, 43.5784104], [0.1803105, 43.5784035], [0.1803392, 43.5786316], [0.1803494, 43.5787088]]]}, "properties": {"kind": "bati", "section": "D", "numero": "196", "contenance": 62887, "source": "cadastre.data.gouv.fr (PCI Vecteur Etalab) + BDTOPO_V3:foret_publique (IGN)"}}, {"type": "Feature", "geometry": {"type": "Polygon", "coordinates": [[[0.1803476, 43.5808101], [0.1793673, 43.5806946], [0.1790925, 43.5806609], [0.1791098, 43.5805727], [0.1793536, 43.5801744], [0.1794855, 43.5800285], [0.1796095, 43.5799557], [0.1798392, 43.5797565], [0.18004, 43.5796564], [0.1800642, 43.5796434], [0.1800971, 43.57963], [0.180132, 43.5796202], [0.1810661, 43.5795585], [0.1822287, 43.5794597], [0.1841198, 43.5792103], [0.1839502, 43.5796941], [0.1838939, 43.5798335], [0.1836599, 43.5801088], [0.1835279, 43.5800317], [0.183376, 43.5801045], [0.1832211, 43.580174], [0.183151, 43.5802041], [0.1831269, 43.5802128], [0.1828634, 43.5803079], [0.1827468, 43.5803921], [0.1826901, 43.5804331], [0.1826785, 43.5804414], [0.1825983, 43.5806032], [0.1825727, 43.580688], [0.1825187, 43.580868], [0.1824572, 43.58106], [0.1819842, 43.5810041], [0.1819204, 43.5809965], [0.1814743, 43.5809191], [0.1810385, 43.5808915], [0.1803476, 43.5808101]]]}, "properties": {"kind": "bati", "section": "D", "numero": "70", "contenance": 47303, "source": "cadastre.data.gouv.fr (PCI Vecteur Etalab) + BDTOPO_V3:foret_publique (IGN)"}}, {"type": "Feature", "geometry": {"type": "Polygon", "coordinates": [[[0.1841198, 43.5792103], [0.1822287, 43.5794597], [0.1810661, 43.5795585], [0.180132, 43.5796202], [0.1800971, 43.57963], [0.1800642, 43.5796434], [0.18004, 43.5796564], [0.1798392, 43.5797565], [0.1796095, 43.5799557], [0.1794819, 43.5798858], [0.1796313, 43.5796716], [0.1797955, 43.5795073], [0.1799213, 43.5794159], [0.180065, 43.5795137], [0.1802059, 43.5794973], [0.1802288, 43.5794954], [0.1802919, 43.5794876], [0.1803538, 43.579476], [0.1804141, 43.5794608], [0.1808542, 43.5793699], [0.1814687, 43.5793269], [0.1814795, 43.5792824], [0.1817291, 43.5791839], [0.1818484, 43.5791028], [0.1819711, 43.5790245], [0.1820506, 43.5789763], [0.1826538, 43.5789875], [0.1830326, 43.5789839], [0.1836171, 43.578937], [0.1842092, 43.5788824], [0.1842143, 43.5789422], [0.1841198, 43.5792103]]]}, "properties": {"kind": "prive_autorisation", "section": "D", "numero": "71", "contenance": 12293, "source": "cadastre.data.gouv.fr (PCI Vecteur Etalab) + BDTOPO_V3:foret_publique (IGN)"}}, {"type": "Feature", "geometry": {"type": "Polygon", "coordinates": [[[0.181359, 43.5771727], [0.1811741, 43.5769116], [0.1810572, 43.5768293], [0.1804602, 43.576471], [0.1803923, 43.5764339], [0.1800827, 43.5763231], [0.1798591, 43.5765442], [0.1796333, 43.5764794], [0.179824, 43.5762399], [0.1801506, 43.5758236], [0.1804727, 43.5754052], [0.1805553, 43.5753209], [0.1807344, 43.5751421], [0.1809181, 43.5749658], [0.1816708, 43.5753168], [0.1819967, 43.5754334], [0.182287, 43.5755053], [0.1826123, 43.575582], [0.1829394, 43.5756551], [0.1830899, 43.5756778], [0.1828552, 43.5759811], [0.1826463, 43.5761493], [0.1824696, 43.576292], [0.1827193, 43.5763593], [0.182729, 43.5769425], [0.1826888, 43.5771948], [0.1826558, 43.577274], [0.1826437, 43.5773037], [0.1824677, 43.5774401], [0.1821701, 43.5775805], [0.1817154, 43.5777479], [0.1816978, 43.5776508], [0.1816163, 43.5775346], [0.181359, 43.5771727]]]}, "properties": {"kind": "prive_autorisation", "section": "D", "numero": "79", "contenance": 41560, "source": "cadastre.data.gouv.fr (PCI Vecteur Etalab) + BDTOPO_V3:foret_publique (IGN)"}}, {"type": "Feature", "geometry": {"type": "Polygon", "coordinates": [[[0.1829957, 43.5829369], [0.1831772, 43.5832758], [0.1833368, 43.5835315], [0.1835086, 43.5838177], [0.1840305, 43.5847958], [0.1832345, 43.5850644], [0.1825448, 43.5852374], [0.1818412, 43.5853945], [0.1818586, 43.5854313], [0.181563, 43.5854091], [0.1814678, 43.5851566], [0.1812745, 43.5845194], [0.1812744, 43.5844637], [0.1813279, 43.5838511], [0.1814131, 43.5837129], [0.181596, 43.5835405], [0.1818728, 43.5833654], [0.1825706, 43.5830477], [0.1829957, 43.5829369]]]}, "properties": {"kind": "prive_autorisation", "section": "D", "numero": "66", "contenance": 39805, "source": "cadastre.data.gouv.fr (PCI Vecteur Etalab) + BDTOPO_V3:foret_publique (IGN)"}}, {"type": "Feature", "geometry": {"type": "Polygon", "coordinates": [[[0.1643398, 43.5749478], [0.1644574, 43.5755945], [0.1646139, 43.5764908], [0.1644499, 43.5765847], [0.1643855, 43.5765799], [0.1642431, 43.5765868], [0.164204, 43.5765983], [0.1640992, 43.576671], [0.1640091, 43.5767176], [0.1639814, 43.5763721], [0.1639513, 43.5762418], [0.1639125, 43.5760845], [0.1638633, 43.5758926], [0.1636565, 43.5751284], [0.1636169, 43.5749875], [0.1643398, 43.5749478]]]}, "properties": {"kind": "prive_autorisation", "section": "D", "numero": "147", "contenance": 9467, "source": "cadastre.data.gouv.fr (PCI Vecteur Etalab) + BDTOPO_V3:foret_publique (IGN)"}}, {"type": "Feature", "geometry": {"type": "Polygon", "coordinates": [[[0.1646139, 43.5764908], [0.1644574, 43.5755945], [0.1650655, 43.5755539], [0.1650421, 43.5754176], [0.1650655, 43.57489], [0.1656546, 43.5748442], [0.1657516, 43.575579], [0.1656785, 43.5755813], [0.1656721, 43.5761169], [0.1654521, 43.5761709], [0.1652338, 43.5762284], [0.1650601, 43.5762772], [0.1648326, 43.5763655], [0.1646139, 43.5764908]]]}, "properties": {"kind": "prive_autorisation", "section": "D", "numero": "145", "contenance": 11413, "source": "cadastre.data.gouv.fr (PCI Vecteur Etalab) + BDTOPO_V3:foret_publique (IGN)"}}, {"type": "Feature", "geometry": {"type": "Polygon", "coordinates": [[[0.1698872, 43.5752758], [0.1698477, 43.5753701], [0.1697436, 43.5755775], [0.1696361, 43.5755254], [0.1695437, 43.5756197], [0.1695813, 43.5756384], [0.1695218, 43.575744], [0.1692995, 43.5760924], [0.169235, 43.5762091], [0.1692046, 43.576237], [0.1691354, 43.576277], [0.1685623, 43.5765867], [0.1683273, 43.5760602], [0.1682129, 43.5757826], [0.1682006, 43.5757305], [0.1681749, 43.575604], [0.1681544, 43.575477], [0.1681649, 43.5753857], [0.1687336, 43.5754329], [0.1687452, 43.5753197], [0.1692899, 43.5753056], [0.1694807, 43.5753015], [0.1698872, 43.5752758]]]}, "properties": {"kind": "bati", "section": "D", "numero": "201", "contenance": 11393, "source": "cadastre.data.gouv.fr (PCI Vecteur Etalab) + BDTOPO_V3:foret_publique (IGN)"}}, {"type": "Feature", "geometry": {"type": "Polygon", "coordinates": [[[0.1758652, 43.5775756], [0.1757445, 43.5775583], [0.1755467, 43.57753], [0.1746979, 43.5774146], [0.1742216, 43.5773076], [0.1740793, 43.576806], [0.1739963, 43.5766959], [0.1739571, 43.5766141], [0.1740203, 43.576611], [0.174055, 43.5766093], [0.1741435, 43.576605], [0.1745607, 43.5765847], [0.1744333, 43.5764409], [0.1743322, 43.5763332], [0.1743042, 43.5763369], [0.1742325, 43.5763437], [0.17416, 43.5763466], [0.1740876, 43.5763459], [0.1740126, 43.5763323], [0.1738511, 43.5762776], [0.173563, 43.5761298], [0.173388, 43.5760095], [0.1737729, 43.5760608], [0.1738512, 43.5760262], [0.1741082, 43.5759155], [0.1743677, 43.5758081], [0.1746983, 43.5761513], [0.1748206, 43.5761601], [0.174976, 43.5762057], [0.175238, 43.5763119], [0.1758241, 43.5765588], [0.1758245, 43.5766113], [0.1757999, 43.5770275], [0.1758652, 43.5775756]]]}, "properties": {"kind": "bati", "section": "D", "numero": "105", "contenance": 19434, "source": "cadastre.data.gouv.fr (PCI Vecteur Etalab) + BDTOPO_V3:foret_publique (IGN)"}}, {"type": "Feature", "geometry": {"type": "Polygon", "coordinates": [[[0.1707884, 43.5767057], [0.1707802, 43.5766637], [0.1707357, 43.5764518], [0.1707002, 43.5762747], [0.1707097, 43.5761668], [0.170757, 43.5761374], [0.1707648, 43.5758116], [0.1711803, 43.5758696], [0.1711336, 43.5755447], [0.1707442, 43.5755421], [0.17073, 43.5753466], [0.17072, 43.5752022], [0.1710325, 43.5752932], [0.1712008, 43.5753319], [0.1712623, 43.5753422], [0.1713785, 43.5753587], [0.1714954, 43.5753714], [0.1716855, 43.5753624], [0.1723146, 43.5753167], [0.1728113, 43.5752443], [0.1728457, 43.5757095], [0.1733733, 43.5757099], [0.1733194, 43.5759628], [0.1733169, 43.5760001], [0.1733353, 43.5760247], [0.1733001, 43.5761664], [0.1732563, 43.5763689], [0.1731577, 43.5766524], [0.1723752, 43.5765712], [0.1722889, 43.5765631], [0.1720238, 43.5765034], [0.1719437, 43.5766714], [0.1714956, 43.5766854], [0.1713285, 43.5766905], [0.1707987, 43.5767054], [0.1707884, 43.5767057]]]}, "properties": {"kind": "prive_autorisation", "section": "D", "numero": "119", "contenance": 26931, "source": "cadastre.data.gouv.fr (PCI Vecteur Etalab) + BDTOPO_V3:foret_publique (IGN)"}}, {"type": "Feature", "geometry": {"type": "Polygon", "coordinates": [[[0.1796333, 43.5764794], [0.1795334, 43.577019], [0.1795306, 43.5770342], [0.179465, 43.5770438], [0.1785574, 43.5771746], [0.1785756, 43.5770585], [0.1786255, 43.5766784], [0.1786798, 43.5762841], [0.1787012, 43.5761723], [0.1787282, 43.5761224], [0.1788108, 43.5760362], [0.1790251, 43.5758135], [0.1798208, 43.5749974], [0.1800185, 43.5751255], [0.180244, 43.5752667], [0.1804727, 43.5754052], [0.1801506, 43.5758236], [0.179824, 43.5762399], [0.1796333, 43.5764794]]]}, "properties": {"kind": "bati", "section": "D", "numero": "82", "contenance": 17498, "source": "cadastre.data.gouv.fr (PCI Vecteur Etalab) + BDTOPO_V3:foret_publique (IGN)"}}, {"type": "Feature", "geometry": {"type": "Polygon", "coordinates": [[[0.1761423, 43.5770365], [0.1763345, 43.5769964], [0.1764616, 43.5769726], [0.1766582, 43.5771617], [0.1767741, 43.5771752], [0.1768411, 43.5771356], [0.1769185, 43.5769054], [0.1767763, 43.5766707], [0.1766909, 43.5765321], [0.1768274, 43.5764199], [0.1768329, 43.5763273], [0.1776531, 43.5762092], [0.1775587, 43.5760148], [0.1774854, 43.5758716], [0.1781345, 43.5759231], [0.1778308, 43.5766941], [0.1778077, 43.5771501], [0.1769971, 43.5774121], [0.1763302, 43.5776292], [0.1760981, 43.5777047], [0.1760965, 43.5776891], [0.1760876, 43.5776049], [0.1760896, 43.5774168], [0.1760954, 43.5773602], [0.1761423, 43.5770365]]]}, "properties": {"kind": "prive_autorisation", "section": "D", "numero": "92", "contenance": 14181, "source": "cadastre.data.gouv.fr (PCI Vecteur Etalab) + BDTOPO_V3:foret_publique (IGN)"}}, {"type": "Feature", "geometry": {"type": "Polygon", "coordinates": [[[0.1644108, 43.577935], [0.1644214, 43.5778105], [0.1644843, 43.5776402], [0.1647197, 43.5773035], [0.1649758, 43.5770556], [0.1650742, 43.5769805], [0.1653037, 43.5768247], [0.1653938, 43.5767699], [0.165777, 43.5765723], [0.1662808, 43.5763817], [0.1665047, 43.5763111], [0.1670028, 43.5762389], [0.1670458, 43.5765223], [0.1670581, 43.5765209], [0.1671026, 43.5767611], [0.1669782, 43.5767742], [0.1669584, 43.5767786], [0.1669386, 43.5767869], [0.1669218, 43.5767983], [0.166909, 43.5768121], [0.1669095, 43.5768394], [0.1668092, 43.5768868], [0.1663711, 43.5770516], [0.1659307, 43.577213], [0.1657032, 43.5772947], [0.1654352, 43.5774014], [0.1655188, 43.5777484], [0.165349, 43.5777815], [0.1649114, 43.5778641], [0.1646978, 43.5779287], [0.1644108, 43.577935]]]}, "properties": {"kind": "prive_autorisation", "section": "D", "numero": "178", "contenance": 16267, "source": "cadastre.data.gouv.fr (PCI Vecteur Etalab) + BDTOPO_V3:foret_publique (IGN)"}}, {"type": "Feature", "geometry": {"type": "Polygon", "coordinates": [[[0.1691861, 43.5774833], [0.1686786, 43.5775063], [0.1681706, 43.5775256], [0.1679779, 43.5775319], [0.167529, 43.5776086], [0.1668954, 43.5777121], [0.1669059, 43.5777405], [0.166623, 43.5778009], [0.1664103, 43.5774146], [0.1667303, 43.577246], [0.1670095, 43.5771038], [0.1670163, 43.5770617], [0.1669706, 43.5768793], [0.1669625, 43.5768211], [0.1670068, 43.5768024], [0.167527, 43.576741], [0.1677861, 43.5767166], [0.1684476, 43.5766135], [0.1685447, 43.5767531], [0.1686859, 43.5769105], [0.1691861, 43.5774833]]]}, "properties": {"kind": "prive_autorisation", "section": "D", "numero": "186", "contenance": 16446, "source": "cadastre.data.gouv.fr (PCI Vecteur Etalab) + BDTOPO_V3:foret_publique (IGN)"}}, {"type": "Feature", "geometry": {"type": "Polygon", "coordinates": [[[0.1691861, 43.5774833], [0.1693821, 43.5776702], [0.1694012, 43.5776946], [0.1694032, 43.5777518], [0.1691126, 43.5779321], [0.1688252, 43.5781153], [0.1686117, 43.5782551], [0.1685146, 43.5783542], [0.1684219, 43.5784556], [0.1683337, 43.5785589], [0.1682752, 43.5786318], [0.1681256, 43.5788536], [0.1679716, 43.5790735], [0.1678003, 43.5793086], [0.1673954, 43.5790538], [0.1671504, 43.5788982], [0.1668804, 43.5790317], [0.166571, 43.5791622], [0.1661578, 43.5786012], [0.1656032, 43.5787211], [0.1653477, 43.5787538], [0.1652747, 43.5787427], [0.1651862, 43.5787004], [0.1651522, 43.5786787], [0.1651275, 43.5786356], [0.1651092, 43.5785127], [0.1653492, 43.578469], [0.1655255, 43.5784598], [0.165806, 43.5784452], [0.1658668, 43.5784087], [0.166203, 43.5780476], [0.166623, 43.5778009], [0.1669059, 43.5777405], [0.1668954, 43.5777121], [0.167529, 43.5776086], [0.1679779, 43.5775319], [0.1681706, 43.5775256], [0.1686786, 43.5775063], [0.1691861, 43.5774833]]]}, "properties": {"kind": "prive_autorisation", "section": "D", "numero": "190", "contenance": 33444, "source": "cadastre.data.gouv.fr (PCI Vecteur Etalab) + BDTOPO_V3:foret_publique (IGN)"}}, {"type": "Feature", "geometry": {"type": "Polygon", "coordinates": [[[0.1700812, 43.578991], [0.1704804, 43.5790216], [0.1710781, 43.5790706], [0.1716753, 43.5791234], [0.1716998, 43.5790696], [0.1719067, 43.5790677], [0.1722879, 43.5790614], [0.1725892, 43.5790633], [0.1727991, 43.5790307], [0.172891, 43.5790004], [0.1732725, 43.5788448], [0.1734371, 43.5787823], [0.1736085, 43.5787217], [0.1739707, 43.5795344], [0.1741542, 43.5799149], [0.1733928, 43.5800881], [0.1724083, 43.5803349], [0.1712677, 43.5798094], [0.1707705, 43.5795126], [0.1701601, 43.5791542], [0.1701389, 43.5791211], [0.1700812, 43.578991]]]}, "properties": {"kind": "prive_autorisation", "section": "D", "numero": "188", "contenance": 31126, "source": "cadastre.data.gouv.fr (PCI Vecteur Etalab) + BDTOPO_V3:foret_publique (IGN)"}}, {"type": "Feature", "geometry": {"type": "Polygon", "coordinates": [[[0.1700812, 43.578991], [0.1700676, 43.57889], [0.1701033, 43.5788085], [0.1713814, 43.5787968], [0.171371, 43.5785597], [0.1714212, 43.5784678], [0.1713277, 43.5784101], [0.1713038, 43.5783641], [0.1711206, 43.5782042], [0.1709259, 43.57804], [0.1706157, 43.5776838], [0.1705363, 43.5775873], [0.1716367, 43.5776321], [0.1720354, 43.5777558], [0.1720467, 43.5778126], [0.1721083, 43.5782002], [0.1721655, 43.5782995], [0.1722315, 43.5784242], [0.1723011, 43.5788094], [0.172294, 43.5788498], [0.1719692, 43.5787645], [0.1718151, 43.578757], [0.1717496, 43.578813], [0.1719067, 43.5790677], [0.1716998, 43.5790696], [0.1716753, 43.5791234], [0.1710781, 43.5790706], [0.1704804, 43.5790216], [0.1700812, 43.578991]]]}, "properties": {"kind": "prive_autorisation", "section": "D", "numero": "192", "contenance": 14894, "source": "cadastre.data.gouv.fr (PCI Vecteur Etalab) + BDTOPO_V3:foret_publique (IGN)"}}, {"type": "Feature", "geometry": {"type": "Polygon", "coordinates": [[[0.16849, 43.5785012], [0.1692227, 43.5787766], [0.1693262, 43.5787982], [0.1693868, 43.5787647], [0.1696254, 43.5785795], [0.1692074, 43.5781909], [0.1690252, 43.578078], [0.1695145, 43.5777781], [0.1695689, 43.5778141], [0.1696765, 43.5778892], [0.1697805, 43.5779669], [0.1700672, 43.5782166], [0.1701066, 43.5782734], [0.1701159, 43.5783344], [0.1701069, 43.5784933], [0.1699742, 43.5788167], [0.1699379, 43.5788908], [0.1699685, 43.5790629], [0.1698571, 43.5791096], [0.1693425, 43.5792228], [0.1691118, 43.5792575], [0.1688664, 43.5792859], [0.1683278, 43.5793574], [0.1683173, 43.5793722], [0.1679028, 43.579444], [0.1678083, 43.5794627], [0.1677788, 43.5794476], [0.1678836, 43.5793406], [0.1683643, 43.5786675], [0.16849, 43.5785012]]]}, "properties": {"kind": "prive_autorisation", "section": "D", "numero": "187", "contenance": 14761, "source": "cadastre.data.gouv.fr (PCI Vecteur Etalab) + BDTOPO_V3:foret_publique (IGN)"}}, {"type": "Feature", "geometry": {"type": "Polygon", "coordinates": [[[0.1739707, 43.5795344], [0.1736085, 43.5787217], [0.1736753, 43.5786977], [0.1738384, 43.5785881], [0.1739936, 43.5784781], [0.1741454, 43.5783656], [0.1751304, 43.5781128], [0.1751265, 43.5780522], [0.1753466, 43.578038], [0.1754707, 43.5780676], [0.1756428, 43.5780646], [0.1757372, 43.5781029], [0.1757776, 43.5781062], [0.1759723, 43.5780749], [0.1760327, 43.5781429], [0.1763667, 43.5783731], [0.1764939, 43.5785054], [0.1765895, 43.5785769], [0.176685, 43.578654], [0.1767426, 43.5787815], [0.175901, 43.5792089], [0.175965, 43.5793958], [0.1752519, 43.5797961], [0.174971, 43.5793158], [0.1749049, 43.5793444], [0.174881, 43.5792621], [0.1743356, 43.5794253], [0.1739707, 43.5795344]]]}, "properties": {"kind": "prive_autorisation", "section": "D", "numero": "189", "contenance": 28754, "source": "cadastre.data.gouv.fr (PCI Vecteur Etalab) + BDTOPO_V3:foret_publique (IGN)"}}, {"type": "Feature", "geometry": {"type": "Polygon", "coordinates": [[[0.1707987, 43.5767054], [0.1713285, 43.5766905], [0.1714956, 43.5766854], [0.1716367, 43.5776321], [0.1705363, 43.5775873], [0.1706157, 43.5776838], [0.1709259, 43.57804], [0.1711206, 43.5782042], [0.1713038, 43.5783641], [0.1702478, 43.5782995], [0.1702083, 43.5782314], [0.1701119, 43.5781252], [0.1699873, 43.578021], [0.1695562, 43.5776944], [0.1694315, 43.57759], [0.1692301, 43.577398], [0.168935, 43.5770673], [0.1693217, 43.5769228], [0.1695747, 43.5771721], [0.1700069, 43.5769815], [0.170159, 43.57718], [0.170198, 43.5772251], [0.1704326, 43.5771139], [0.1707987, 43.5767054]]]}, "properties": {"kind": "prive_autorisation", "section": "D", "numero": "191", "contenance": 20928, "source": "cadastre.data.gouv.fr (PCI Vecteur Etalab) + BDTOPO_V3:foret_publique (IGN)"}}, {"type": "Feature", "geometry": {"type": "Polygon", "coordinates": [[[0.1714956, 43.5766854], [0.1719437, 43.5766714], [0.1719406, 43.5768262], [0.1719886, 43.5770302], [0.1720262, 43.5772134], [0.1724083, 43.5772917], [0.1725984, 43.5773305], [0.1728876, 43.5774901], [0.1729547, 43.5775681], [0.1731034, 43.5776513], [0.1732185, 43.5776786], [0.1735147, 43.5777654], [0.1736386, 43.577808], [0.1739334, 43.5778698], [0.1739907, 43.5779549], [0.1740047, 43.5779625], [0.1741454, 43.5783656], [0.1739936, 43.5784781], [0.1738384, 43.5785881], [0.1736753, 43.5786977], [0.1736085, 43.5787217], [0.1734371, 43.5787823], [0.1732725, 43.5788448], [0.1730731, 43.5787], [0.1729072, 43.5785538], [0.1727743, 43.5783619], [0.1727135, 43.5783723], [0.1726944, 43.5783756], [0.1725877, 43.5781556], [0.1724173, 43.5778104], [0.1720467, 43.5778126], [0.1720354, 43.5777558], [0.1716367, 43.5776321], [0.1714956, 43.5766854]]]}, "properties": {"kind": "prive_autorisation", "section": "D", "numero": "36", "contenance": 19041, "source": "cadastre.data.gouv.fr (PCI Vecteur Etalab) + BDTOPO_V3:foret_publique (IGN)"}}, {"type": "Feature", "geometry": {"type": "Polygon", "coordinates": [[[0.175965, 43.5793958], [0.175901, 43.5792089], [0.1767426, 43.5787815], [0.176685, 43.578654], [0.1765895, 43.5785769], [0.1764939, 43.5785054], [0.1763667, 43.5783731], [0.1760327, 43.5781429], [0.1759723, 43.5780749], [0.1762372, 43.57806], [0.1762746, 43.5780853], [0.1763459, 43.5781541], [0.1768692, 43.578487], [0.1768906, 43.5785399], [0.1768495, 43.5785979], [0.1769069, 43.5786534], [0.1769819, 43.578726], [0.177024, 43.5787187], [0.1771277, 43.5788937], [0.1771439, 43.5790377], [0.1770244, 43.579022], [0.1769041, 43.57901], [0.1768742, 43.5790077], [0.1768094, 43.5790017], [0.1767084, 43.5790061], [0.176404, 43.5791624], [0.1761024, 43.5793216], [0.175965, 43.5793958]]]}, "properties": {"kind": "prive_autorisation", "section": "D", "numero": "45", "contenance": 4304, "source": "cadastre.data.gouv.fr (PCI Vecteur Etalab) + BDTOPO_V3:foret_publique (IGN)"}}, {"type": "Feature", "geometry": {"type": "Polygon", "coordinates": [[[0.1769971, 43.5774121], [0.1773594, 43.5780865], [0.1774473, 43.5780287], [0.1779773, 43.578356], [0.178065, 43.5784069], [0.1782035, 43.5790503], [0.1777709, 43.5794454], [0.1776375, 43.5795664], [0.1773828, 43.5794053], [0.1773484, 43.5793627], [0.177271, 43.5792427], [0.1771644, 43.5790392], [0.1771446, 43.5788953], [0.1770282, 43.5786911], [0.1769833, 43.5787015], [0.1768806, 43.5785893], [0.1769148, 43.5785389], [0.176893, 43.5784809], [0.1763702, 43.5781497], [0.1762422, 43.5780414], [0.1761396, 43.5778997], [0.1760981, 43.5777047], [0.1763302, 43.5776292], [0.1769971, 43.5774121]]]}, "properties": {"kind": "prive_autorisation", "section": "D", "numero": "46", "contenance": 17690, "source": "cadastre.data.gouv.fr (PCI Vecteur Etalab) + BDTOPO_V3:foret_publique (IGN)"}}, {"type": "Feature", "geometry": {"type": "Polygon", "coordinates": [[[0.1803494, 43.5787088], [0.1803669, 43.5788441], [0.1803166, 43.5788542], [0.1803685, 43.5790456], [0.1799982, 43.5792684], [0.1798939, 43.5794168], [0.1797502, 43.579521], [0.1795952, 43.5796865], [0.1794701, 43.5798737], [0.1793474, 43.5799407], [0.1792897, 43.5798746], [0.1789976, 43.5795412], [0.1792873, 43.5795744], [0.1797655, 43.5788799], [0.1797756, 43.5787779], [0.1803494, 43.5787088]]]}, "properties": {"kind": "prive_autorisation", "section": "D", "numero": "54", "contenance": 5113, "source": "cadastre.data.gouv.fr (PCI Vecteur Etalab) + BDTOPO_V3:foret_publique (IGN)"}}, {"type": "Feature", "geometry": {"type": "Polygon", "coordinates": [[[0.1842092, 43.5788824], [0.1836171, 43.578937], [0.1830326, 43.5789839], [0.1826538, 43.5789875], [0.1820506, 43.5789763], [0.1819711, 43.5790245], [0.1818484, 43.5791028], [0.1817291, 43.5791839], [0.1814795, 43.5792824], [0.18067, 43.5792484], [0.1807027, 43.5790476], [0.1807143, 43.5789821], [0.1808529, 43.5786063], [0.1809196, 43.5784261], [0.1824047, 43.5780397], [0.183276, 43.5778083], [0.183888, 43.577843], [0.1839068, 43.5780644], [0.1839674, 43.5782298], [0.1841982, 43.5787517], [0.1842092, 43.5788824]]]}, "properties": {"kind": "prive_autorisation", "section": "D", "numero": "72", "contenance": 28771, "source": "cadastre.data.gouv.fr (PCI Vecteur Etalab) + BDTOPO_V3:foret_publique (IGN)"}}, {"type": "Feature", "geometry": {"type": "Polygon", "coordinates": [[[0.1785471, 43.5769125], [0.1779919, 43.577091], [0.1778077, 43.5771501], [0.1778308, 43.5766941], [0.1781345, 43.5759231], [0.1781396, 43.5759101], [0.1786579, 43.5761188], [0.1786358, 43.5761932], [0.1785471, 43.5769125]]]}, "properties": {"kind": "prive_autorisation", "section": "D", "numero": "91", "contenance": 6071, "source": "cadastre.data.gouv.fr (PCI Vecteur Etalab) + BDTOPO_V3:foret_publique (IGN)"}}, {"type": "Feature", "geometry": {"type": "Polygon", "coordinates": [[[0.1763345, 43.5769964], [0.1762756, 43.5764867], [0.1762939, 43.5761736], [0.1774072, 43.5758914], [0.1774854, 43.5758716], [0.1775587, 43.5760148], [0.1776531, 43.5762092], [0.1768329, 43.5763273], [0.1768274, 43.5764199], [0.1766909, 43.5765321], [0.1767763, 43.5766707], [0.1769185, 43.5769054], [0.1768411, 43.5771356], [0.1767741, 43.5771752], [0.1766582, 43.5771617], [0.1764616, 43.5769726], [0.1763345, 43.5769964]], [[0.177291, 43.5761836], [0.1773033, 43.576235], [0.1775027, 43.5762098], [0.1774941, 43.5761604], [0.177291, 43.5761836]]]}, "properties": {"kind": "prive_autorisation", "section": "D", "numero": "94", "contenance": 6502, "source": "cadastre.data.gouv.fr (PCI Vecteur Etalab) + BDTOPO_V3:foret_publique (IGN)"}}, {"type": "Feature", "geometry": {"type": "Polygon", "coordinates": [[[0.1731577, 43.5766524], [0.1732563, 43.5763689], [0.1733001, 43.5761664], [0.1733353, 43.5760247], [0.1735192, 43.5761539], [0.1737506, 43.5762706], [0.1737752, 43.5762828], [0.1737941, 43.5762969], [0.1738088, 43.5763135], [0.1738187, 43.5763316], [0.1739014, 43.5766039], [0.1739569, 43.5766985], [0.1740535, 43.5768317], [0.1741346, 43.5771262], [0.1741845, 43.5773062], [0.1740599, 43.5773062], [0.1737085, 43.5774383], [0.1736245, 43.5774916], [0.173623, 43.5775494], [0.1733873, 43.5775379], [0.1732957, 43.5771658], [0.1732268, 43.5771012], [0.1730114, 43.5770337], [0.1731577, 43.5766524]]]}, "properties": {"kind": "bati", "section": "D", "numero": "117", "contenance": 8776, "source": "cadastre.data.gouv.fr (PCI Vecteur Etalab) + BDTOPO_V3:foret_publique (IGN)"}}, {"type": "Feature", "geometry": {"type": "Polygon", "coordinates": [[[0.1803494, 43.5787088], [0.1803392, 43.5786316], [0.1803105, 43.5784035], [0.1804022, 43.5784104], [0.1804039, 43.5783058], [0.1803306, 43.5782136], [0.1805385, 43.5781615], [0.1805811, 43.578145], [0.180875, 43.5779922], [0.1808912, 43.5779659], [0.1809208, 43.5779247], [0.1809551, 43.5778855], [0.181072, 43.5777736], [0.1812508, 43.577666], [0.1816163, 43.5775346], [0.1816978, 43.5776508], [0.1813866, 43.5778293], [0.181013, 43.5780199], [0.1807674, 43.5782919], [0.1806326, 43.5784784], [0.180551, 43.5786316], [0.1805871, 43.5788113], [0.1803669, 43.5788441], [0.1803494, 43.5787088]]]}, "properties": {"kind": "prive_autorisation", "section": "D", "numero": "74", "contenance": 3500, "source": "cadastre.data.gouv.fr (PCI Vecteur Etalab) + BDTOPO_V3:foret_publique (IGN)"}}, {"type": "Feature", "geometry": {"type": "Polygon", "coordinates": [[[0.1816978, 43.5776508], [0.1817154, 43.5777479], [0.1821701, 43.5775805], [0.1824677, 43.5774401], [0.1826437, 43.5773037], [0.1826558, 43.577274], [0.1827047, 43.5773527], [0.1826268, 43.5775104], [0.1825538, 43.5776692], [0.1824859, 43.5778293], [0.182423, 43.5779905], [0.1824047, 43.5780397], [0.1809196, 43.5784261], [0.1808529, 43.5786063], [0.1807143, 43.5789821], [0.1807027, 43.5790476], [0.1805895, 43.5788229], [0.1805871, 43.5788113], [0.180551, 43.5786316], [0.1806326, 43.5784784], [0.1807674, 43.5782919], [0.181013, 43.5780199], [0.1813866, 43.5778293], [0.1816978, 43.5776508]]]}, "properties": {"kind": "prive_autorisation", "section": "D", "numero": "76", "contenance": 8613, "source": "cadastre.data.gouv.fr (PCI Vecteur Etalab) + BDTOPO_V3:foret_publique (IGN)"}}, {"type": "Feature", "geometry": {"type": "Polygon", "coordinates": [[[0.182729, 43.5769425], [0.1827193, 43.5763593], [0.1824696, 43.576292], [0.1826463, 43.5761493], [0.1828552, 43.5759811], [0.1830899, 43.5756778], [0.1832158, 43.5756808], [0.1837187, 43.5756895], [0.1837479, 43.5759736], [0.1838284, 43.5770214], [0.1836875, 43.5770469], [0.1833386, 43.5770251], [0.183222, 43.5770179], [0.182729, 43.5769425]]]}, "properties": {"kind": "prive_autorisation", "section": "D", "numero": "78", "contenance": 11696, "source": "cadastre.data.gouv.fr (PCI Vecteur Etalab) + BDTOPO_V3:foret_publique (IGN)"}}, {"type": "Feature", "geometry": {"type": "Polygon", "coordinates": [[[0.166571, 43.5791622], [0.1668804, 43.5790317], [0.1671504, 43.5788982], [0.1673954, 43.5790538], [0.1662992, 43.579861], [0.1658122, 43.5797804], [0.1650627, 43.5796559], [0.1647243, 43.5796343], [0.1644843, 43.5796437], [0.1645443, 43.5795015], [0.1646178, 43.5793267], [0.1651431, 43.5792499], [0.1665008, 43.5791717], [0.166571, 43.5791622]]]}, "properties": {"kind": "prive_autorisation", "section": "D", "numero": "184", "contenance": 11456, "source": "cadastre.data.gouv.fr (PCI Vecteur Etalab) + BDTOPO_V3:foret_publique (IGN)"}}, {"type": "Feature", "geometry": {"type": "Polygon", "coordinates": [[[0.1658122, 43.5797804], [0.1656854, 43.5802371], [0.1651902, 43.5806062], [0.1650011, 43.5805649], [0.163824, 43.5804526], [0.1632492, 43.5803912], [0.1630669, 43.5803865], [0.1632515, 43.5800988], [0.1632777, 43.5800578], [0.163572, 43.5799672], [0.1636132, 43.5797139], [0.1637125, 43.5795734], [0.1645443, 43.5795015], [0.1644843, 43.5796437], [0.1647243, 43.5796343], [0.1650627, 43.5796559], [0.1658122, 43.5797804]]]}, "properties": {"kind": "prive_autorisation", "section": "D", "numero": "10", "contenance": 17866, "source": "cadastre.data.gouv.fr (PCI Vecteur Etalab) + BDTOPO_V3:foret_publique (IGN)"}}, {"type": "Feature", "geometry": {"type": "Polygon", "coordinates": [[[0.1653477, 43.5787538], [0.1656032, 43.5787211], [0.1661578, 43.5786012], [0.166571, 43.5791622], [0.1665008, 43.5791717], [0.1651431, 43.5792499], [0.1646178, 43.5793267], [0.1641662, 43.579351], [0.164141, 43.5793269], [0.1638416, 43.57904], [0.1646791, 43.5789901], [0.1646247, 43.5788465], [0.1653477, 43.5787538]]]}, "properties": {"kind": "prive_autorisation", "section": "D", "numero": "16", "contenance": 9705, "source": "cadastre.data.gouv.fr (PCI Vecteur Etalab) + BDTOPO_V3:foret_publique (IGN)"}}, {"type": "Feature", "geometry": {"type": "Polygon", "coordinates": [[[0.1790424, 43.5815441], [0.1789723, 43.5815441], [0.1789491, 43.5812618], [0.1788798, 43.5810953], [0.1788324, 43.5808083], [0.1788045, 43.5807328], [0.1787733, 43.5805518], [0.1788214, 43.5803107], [0.1790598, 43.5802947], [0.1791812, 43.5802253], [0.1792607, 43.5800662], [0.1793673, 43.5799457], [0.1794819, 43.5798858], [0.1796095, 43.5799557], [0.1794855, 43.5800285], [0.1793536, 43.5801744], [0.1791098, 43.5805727], [0.1790925, 43.5806609], [0.1790595, 43.5808283], [0.1790998, 43.5810175], [0.1791092, 43.5810532], [0.1791736, 43.5811398], [0.1791932, 43.5813115], [0.1792929, 43.5814471], [0.1790424, 43.5815441]]]}, "properties": {"kind": "prive_autorisation", "section": "D", "numero": "56", "contenance": 3824, "source": "cadastre.data.gouv.fr (PCI Vecteur Etalab) + BDTOPO_V3:foret_publique (IGN)"}}, {"type": "Feature", "geometry": {"type": "Polygon", "coordinates": [[[0.1801824, 43.5813371], [0.1803962, 43.581335], [0.1803472, 43.5815709], [0.1802929, 43.5818064], [0.1802691, 43.5819035], [0.1801187, 43.5821156], [0.1800827, 43.582168], [0.1800516, 43.5822219], [0.1800283, 43.5822701], [0.1801273, 43.5823918], [0.1800952, 43.5826065], [0.1800922, 43.5826718], [0.1801229, 43.5827705], [0.1802337, 43.5829264], [0.1796261, 43.583211], [0.1792089, 43.582019], [0.1791175, 43.5817595], [0.1790424, 43.5815441], [0.1792929, 43.5814471], [0.1797048, 43.5814175], [0.1797212, 43.5813933], [0.1799742, 43.5813624], [0.1801824, 43.5813371]]]}, "properties": {"kind": "prive_autorisation", "section": "D", "numero": "58", "contenance": 13317, "source": "cadastre.data.gouv.fr (PCI Vecteur Etalab) + BDTOPO_V3:foret_publique (IGN)"}}, {"type": "Feature", "geometry": {"type": "Polygon", "coordinates": [[[0.1806516, 43.5851927], [0.1809224, 43.5853597], [0.1812838, 43.5854129], [0.1819001, 43.5854678], [0.1821402, 43.5854941], [0.182506, 43.5855945], [0.182817, 43.5856229], [0.1832025, 43.5855924], [0.1835606, 43.5855246], [0.1836855, 43.5855239], [0.1838102, 43.5855272], [0.183908, 43.5855323], [0.1841196, 43.5855527], [0.184431, 43.5855991], [0.1846885, 43.5861393], [0.184365, 43.5862682], [0.1829947, 43.5868155], [0.1814988, 43.5874297], [0.1814331, 43.5873546], [0.1814063, 43.5872202], [0.1814104, 43.5870145], [0.1813608, 43.5869174], [0.1812963, 43.5866749], [0.1812363, 43.5865346], [0.180992, 43.5861845], [0.181045, 43.5860724], [0.1809817, 43.5860252], [0.1806232, 43.58526], [0.1805869, 43.5851899], [0.1806516, 43.5851927]]]}, "properties": {"kind": "prive_autorisation", "section": "D", "numero": "197", "contenance": 40993, "source": "cadastre.data.gouv.fr (PCI Vecteur Etalab) + BDTOPO_V3:foret_publique (IGN)"}}, {"type": "Feature", "geometry": {"type": "Polygon", "coordinates": [[[0.1819082, 43.5873223], [0.1822953, 43.5871502], [0.1847327, 43.5861709], [0.1847982, 43.5862774], [0.1850581, 43.5867645], [0.1849447, 43.5868146], [0.1848428, 43.5868645], [0.1847321, 43.586926], [0.1840969, 43.5872349], [0.1831622, 43.5876865], [0.1829, 43.5878094], [0.1827332, 43.5879063], [0.1819685, 43.5883116], [0.1818962, 43.5883632], [0.1818797, 43.5882832], [0.1818699, 43.5882101], [0.181816, 43.5881684], [0.1817129, 43.5880503], [0.1816842, 43.5880025], [0.1816866, 43.5879077], [0.1816209, 43.5878164], [0.1815572, 43.5877201], [0.1814985, 43.5876221], [0.1815402, 43.5874813], [0.1819082, 43.5873223]]]}, "properties": {"kind": "prive_autorisation", "section": "D", "numero": "198", "contenance": 25255, "source": "cadastre.data.gouv.fr (PCI Vecteur Etalab) + BDTOPO_V3:foret_publique (IGN)"}}, {"type": "Feature", "geometry": {"type": "Polygon", "coordinates": [[[0.1840305, 43.5847958], [0.1841821, 43.5851118], [0.1843386, 43.5854268], [0.184406, 43.5855587], [0.1841526, 43.5855196], [0.1839921, 43.5854726], [0.1837543, 43.5854725], [0.1836715, 43.5854773], [0.1835894, 43.5854859], [0.1835213, 43.5854959], [0.1835102, 43.5854782], [0.1831512, 43.585561], [0.1827174, 43.5855841], [0.1825757, 43.5855665], [0.1821287, 43.5854441], [0.1818586, 43.5854313], [0.1818412, 43.5853945], [0.1825448, 43.5852374], [0.1832345, 43.5850644], [0.1840305, 43.5847958]]]}, "properties": {"kind": "prive_autorisation", "section": "D", "numero": "65", "contenance": 8579, "source": "cadastre.data.gouv.fr (PCI Vecteur Etalab) + BDTOPO_V3:foret_publique (IGN)"}}, {"type": "Feature", "geometry": {"type": "Polygon", "coordinates": [[[0.1753679, 43.5744084], [0.1759441, 43.574956], [0.1755041, 43.575415], [0.1754985, 43.5754097], [0.1752283, 43.5751528], [0.1747347, 43.5746834], [0.175288, 43.574446], [0.1753679, 43.5744084]]]}, "properties": {"kind": "prive_autorisation", "section": "D", "numero": "99", "contenance": 5226, "source": "cadastre.data.gouv.fr (PCI Vecteur Etalab) + BDTOPO_V3:foret_publique (IGN)"}}, {"type": "Feature", "geometry": {"type": "Polygon", "coordinates": [[[0.1743874, 43.5747903], [0.1748261, 43.575181], [0.1741358, 43.5753886], [0.1741055, 43.5753438], [0.1734499, 43.5756255], [0.1736185, 43.5752695], [0.1736965, 43.575105], [0.1737293, 43.5749917], [0.1743874, 43.5747903]]]}, "properties": {"kind": "prive_autorisation", "section": "D", "numero": "101", "contenance": 4523, "source": "cadastre.data.gouv.fr (PCI Vecteur Etalab) + BDTOPO_V3:foret_publique (IGN)"}}, {"type": "Feature", "geometry": {"type": "Polygon", "coordinates": [[[0.1794466, 43.5753042], [0.1791067, 43.5751323], [0.1796839, 43.57437], [0.1801179, 43.5745929], [0.1800075, 43.5747127], [0.1797292, 43.5750096], [0.1794466, 43.5753042]]]}, "properties": {"kind": "prive_autorisation", "section": "D", "numero": "84", "contenance": 3612, "source": "cadastre.data.gouv.fr (PCI Vecteur Etalab) + BDTOPO_V3:foret_publique (IGN)"}}, {"type": "Feature", "geometry": {"type": "Polygon", "coordinates": [[[0.1784262, 43.5747642], [0.1783474, 43.5747119], [0.1788394, 43.5739596], [0.1792229, 43.5741344], [0.1796839, 43.57437], [0.1791067, 43.5751323], [0.1786956, 43.5749243], [0.1786884, 43.5749381], [0.1784262, 43.5747642]]]}, "properties": {"kind": "prive_autorisation", "section": "D", "numero": "85", "contenance": 7450, "source": "cadastre.data.gouv.fr (PCI Vecteur Etalab) + BDTOPO_V3:foret_publique (IGN)"}}, {"type": "Feature", "geometry": {"type": "Polygon", "coordinates": [[[0.1784262, 43.5747642], [0.1786884, 43.5749381], [0.1785688, 43.575168], [0.178444, 43.5753964], [0.1784118, 43.5754537], [0.1782804, 43.5756707], [0.1774854, 43.5758716], [0.1774072, 43.5758914], [0.1777102, 43.575354], [0.1779407, 43.5749389], [0.1784262, 43.5747642]]]}, "properties": {"kind": "prive_autorisation", "section": "D", "numero": "89", "contenance": 6250, "source": "cadastre.data.gouv.fr (PCI Vecteur Etalab) + BDTOPO_V3:foret_publique (IGN)"}}, {"type": "Feature", "geometry": {"type": "Polygon", "coordinates": [[[0.1781396, 43.5759101], [0.1782804, 43.5756707], [0.1784118, 43.5754537], [0.178444, 43.5753964], [0.1785688, 43.575168], [0.1786884, 43.5749381], [0.1786956, 43.5749243], [0.1791067, 43.5751323], [0.1794466, 43.5753042], [0.1786579, 43.5761188], [0.1781396, 43.5759101]]]}, "properties": {"kind": "prive_autorisation", "section": "D", "numero": "90", "contenance": 6661, "source": "cadastre.data.gouv.fr (PCI Vecteur Etalab) + BDTOPO_V3:foret_publique (IGN)"}}, {"type": "Feature", "geometry": {"type": "Polygon", "coordinates": [[[0.1809181, 43.5749658], [0.1807344, 43.5751421], [0.1805553, 43.5753209], [0.1804727, 43.5754052], [0.180244, 43.5752667], [0.1800185, 43.5751255], [0.1798208, 43.5749974], [0.1801831, 43.5746233], [0.1809181, 43.5749658]]]}, "properties": {"kind": "prive_autorisation", "section": "D", "numero": "83", "contenance": 3758, "source": "cadastre.data.gouv.fr (PCI Vecteur Etalab) + BDTOPO_V3:foret_publique (IGN)"}}, {"type": "Feature", "geometry": {"type": "Polygon", "coordinates": [[[0.1657516, 43.575579], [0.1656546, 43.5748442], [0.1662259, 43.5747959], [0.1665592, 43.5748064], [0.1667894, 43.5748608], [0.1668261, 43.5748717], [0.1668034, 43.5751926], [0.1667839, 43.5755396], [0.1667762, 43.5755808], [0.1663077, 43.5755599], [0.1662825, 43.575561], [0.1657516, 43.575579]]]}, "properties": {"kind": "prive_autorisation", "section": "D", "numero": "177", "contenance": 7405, "source": "cadastre.data.gouv.fr (PCI Vecteur Etalab) + BDTOPO_V3:foret_publique (IGN)"}}, {"type": "Feature", "geometry": {"type": "Polygon", "coordinates": [[[0.1656721, 43.5761169], [0.1656785, 43.5755813], [0.1657516, 43.575579], [0.1662825, 43.575561], [0.1662972, 43.575704], [0.166294, 43.5760062], [0.1663048, 43.5761121], [0.1661133, 43.5761083], [0.1656721, 43.5761169]]]}, "properties": {"kind": "prive_autorisation", "section": "D", "numero": "144", "contenance": 3000, "source": "cadastre.data.gouv.fr (PCI Vecteur Etalab) + BDTOPO_V3:foret_publique (IGN)"}}, {"type": "Feature", "geometry": {"type": "Polygon", "coordinates": [[[0.1643068, 43.5770775], [0.1640765, 43.5769603], [0.1642474, 43.5767942], [0.1645242, 43.5765884], [0.1648577, 43.5763857], [0.1650741, 43.5762958], [0.1651218, 43.5763701], [0.1649232, 43.5765132], [0.1644529, 43.5769064], [0.1644088, 43.5769476], [0.1643068, 43.5770775]]]}, "properties": {"kind": "prive_autorisation", "section": "D", "numero": "152", "contenance": 2080, "source": "cadastre.data.gouv.fr (PCI Vecteur Etalab) + BDTOPO_V3:foret_publique (IGN)"}}, {"type": "Feature", "geometry": {"type": "Polygon", "coordinates": [[[0.1643398, 43.5749478], [0.1650655, 43.57489], [0.1650421, 43.5754176], [0.1650655, 43.5755539], [0.1644574, 43.5755945], [0.1643398, 43.5749478]]]}, "properties": {"kind": "prive_autorisation", "section": "D", "numero": "146", "contenance": 3932, "source": "cadastre.data.gouv.fr (PCI Vecteur Etalab) + BDTOPO_V3:foret_publique (IGN)"}}, {"type": "Feature", "geometry": {"type": "Polygon", "coordinates": [[[0.1698872, 43.5752758], [0.1702135, 43.5752728], [0.1704402, 43.5752798], [0.17073, 43.5753466], [0.1707442, 43.5755421], [0.1707574, 43.5757172], [0.1705209, 43.5758842], [0.1697268, 43.576124], [0.1695667, 43.575938], [0.1696921, 43.5756837], [0.1697125, 43.5756944], [0.1697952, 43.5756007], [0.1697436, 43.5755775], [0.1698477, 43.5753701], [0.1698872, 43.5752758]]]}, "properties": {"kind": "prive_autorisation", "section": "D", "numero": "203", "contenance": 6141, "source": "cadastre.data.gouv.fr (PCI Vecteur Etalab) + BDTOPO_V3:foret_publique (IGN)"}}, {"type": "Feature", "geometry": {"type": "Polygon", "coordinates": [[[0.1667762, 43.5755808], [0.1667839, 43.5755396], [0.1669198, 43.5755553], [0.1669284, 43.5758102], [0.166725, 43.5758553], [0.1667762, 43.5755808]]]}, "properties": {"kind": "prive_autorisation", "section": "D", "numero": "180", "contenance": 445, "source": "cadastre.data.gouv.fr (PCI Vecteur Etalab) + BDTOPO_V3:foret_publique (IGN)"}}, {"type": "Feature", "geometry": {"type": "Polygon", "coordinates": [[[0.1669198, 43.5755553], [0.1672961, 43.5755988], [0.1674516, 43.5756168], [0.1673236, 43.575705], [0.167283, 43.5757738], [0.1669488, 43.5758058], [0.1669284, 43.5758102], [0.1669198, 43.5755553]]]}, "properties": {"kind": "prive_autorisation", "section": "D", "numero": "181", "contenance": 810, "source": "cadastre.data.gouv.fr (PCI Vecteur Etalab) + BDTOPO_V3:foret_publique (IGN)"}}, {"type": "Feature", "geometry": {"type": "Polygon", "coordinates": [[[0.1662825, 43.575561], [0.1663077, 43.5755599], [0.1667762, 43.5755808], [0.166725, 43.5758553], [0.166609, 43.5758809], [0.1664438, 43.5759327], [0.166294, 43.5760062], [0.1662972, 43.575704], [0.1662825, 43.575561]]]}, "properties": {"kind": "prive_autorisation", "section": "D", "numero": "176", "contenance": 1351, "source": "cadastre.data.gouv.fr (PCI Vecteur Etalab) + BDTOPO_V3:foret_publique (IGN)"}}, {"type": "Feature", "geometry": {"type": "Polygon", "coordinates": [[[0.168935, 43.5770673], [0.16873, 43.5768321], [0.1685943, 43.576646], [0.1685912, 43.5766007], [0.1686915, 43.5765482], [0.1689372, 43.5764155], [0.1691798, 43.57628], [0.1692579, 43.5762265], [0.1692676, 43.5762727], [0.1693149, 43.5764436], [0.1694319, 43.5766829], [0.1698401, 43.5767198], [0.1700069, 43.5769815], [0.1695747, 43.5771721], [0.1693217, 43.5769228], [0.168935, 43.5770673]]]}, "properties": {"kind": "prive_autorisation", "section": "D", "numero": "126", "contenance": 5607, "source": "cadastre.data.gouv.fr (PCI Vecteur Etalab) + BDTOPO_V3:foret_publique (IGN)"}}, {"type": "Feature", "geometry": {"type": "Polygon", "coordinates": [[[0.1669951, 43.5761893], [0.1669413, 43.5758513], [0.1670626, 43.5758377], [0.1673545, 43.5757998], [0.1673524, 43.5758156], [0.1681024, 43.5758031], [0.1681327, 43.5758439], [0.1682079, 43.5760351], [0.1669951, 43.5761893]]]}, "properties": {"kind": "prive_autorisation", "section": "D", "numero": "134", "contenance": 3201, "source": "cadastre.data.gouv.fr (PCI Vecteur Etalab) + BDTOPO_V3:foret_publique (IGN)"}}, {"type": "Feature", "geometry": {"type": "Polygon", "coordinates": [[[0.1673545, 43.5757998], [0.1673722, 43.575713], [0.1674853, 43.5756347], [0.1675072, 43.5755871], [0.1677249, 43.5756123], [0.1677423, 43.5755606], [0.1677356, 43.5755595], [0.1677261, 43.575558], [0.1677759, 43.5754159], [0.1677856, 43.5754177], [0.167906, 43.5754398], [0.1679353, 43.5754453], [0.1679356, 43.5754533], [0.1680479, 43.5754522], [0.1680773, 43.5756056], [0.1680819, 43.5756701], [0.1681024, 43.5758031], [0.1673524, 43.5758156], [0.1673545, 43.5757998]]]}, "properties": {"kind": "bati", "section": "D", "numero": "135", "contenance": 1779, "source": "cadastre.data.gouv.fr (PCI Vecteur Etalab) + BDTOPO_V3:foret_publique (IGN)"}}, {"type": "Feature", "geometry": {"type": "Polygon", "coordinates": [[[0.1681649, 43.5753857], [0.1681981, 43.5752694], [0.1687452, 43.5753197], [0.1687336, 43.5754329], [0.1681649, 43.5753857]]]}, "properties": {"kind": "prive_autorisation", "section": "D", "numero": "132", "contenance": 590, "source": "cadastre.data.gouv.fr (PCI Vecteur Etalab) + BDTOPO_V3:foret_publique (IGN)"}}, {"type": "Feature", "geometry": {"type": "Polygon", "coordinates": [[[0.1670028, 43.5762389], [0.1669951, 43.5761893], [0.1682079, 43.5760351], [0.168415, 43.5765735], [0.1683815, 43.5765859], [0.167817, 43.5766842], [0.1673807, 43.5767325], [0.1673305, 43.5764895], [0.1670581, 43.5765209], [0.1670458, 43.5765223], [0.1670028, 43.5762389]]]}, "properties": {"kind": "prive_autorisation", "section": "D", "numero": "133", "contenance": 6047, "source": "cadastre.data.gouv.fr (PCI Vecteur Etalab) + BDTOPO_V3:foret_publique (IGN)"}}, {"type": "Feature", "geometry": {"type": "Polygon", "coordinates": [[[0.1687452, 43.5753197], [0.1681981, 43.5752694], [0.1682027, 43.5752574], [0.168217, 43.5752298], [0.168236, 43.5752035], [0.1688554, 43.5750685], [0.1689751, 43.5750425], [0.1692899, 43.5753056], [0.1687452, 43.5753197]]]}, "properties": {"kind": "prive_autorisation", "section": "D", "numero": "131", "contenance": 1595, "source": "cadastre.data.gouv.fr (PCI Vecteur Etalab) + BDTOPO_V3:foret_publique (IGN)"}}, {"type": "Feature", "geometry": {"type": "Polygon", "coordinates": [[[0.1698872, 43.5752758], [0.1694807, 43.5753015], [0.1692899, 43.5753056], [0.1689751, 43.5750425], [0.1692184, 43.5749894], [0.1693513, 43.5749733], [0.1695655, 43.5749614], [0.1696714, 43.5749628], [0.1697743, 43.5749679], [0.1698764, 43.5749768], [0.1701157, 43.5750273], [0.1701932, 43.575047], [0.1703707, 43.5750952], [0.1705464, 43.575147], [0.17072, 43.5752022], [0.17073, 43.5753466], [0.1704402, 43.5752798], [0.1702135, 43.5752728], [0.1698872, 43.5752758]]]}, "properties": {"kind": "prive_autorisation", "section": "D", "numero": "130", "contenance": 3797, "source": "cadastre.data.gouv.fr (PCI Vecteur Etalab) + BDTOPO_V3:foret_publique (IGN)"}}, {"type": "Feature", "geometry": {"type": "Polygon", "coordinates": [[[0.1668034, 43.5751926], [0.1668261, 43.5748717], [0.1675103, 43.575075], [0.1674408, 43.5751908], [0.1673203, 43.5752537], [0.1673058, 43.5752821], [0.1672956, 43.5753022], [0.1672941, 43.575305], [0.1672294, 43.5752902], [0.1668034, 43.5751926]]]}, "properties": {"kind": "bati", "section": "D", "numero": "139", "contenance": 1685, "source": "cadastre.data.gouv.fr (PCI Vecteur Etalab) + BDTOPO_V3:foret_publique (IGN)"}}, {"type": "Feature", "geometry": {"type": "Polygon", "coordinates": [[[0.1675072, 43.5755871], [0.1675407, 43.5754974], [0.1676116, 43.5754431], [0.1676748, 43.5754006], [0.1676861, 43.5753985], [0.1677053, 43.575398], [0.1677241, 43.5754013], [0.1677759, 43.5754159], [0.1677261, 43.575558], [0.1677356, 43.5755595], [0.1677423, 43.5755606], [0.1677249, 43.5756123], [0.1675072, 43.5755871]]]}, "properties": {"kind": "bati", "section": "D", "numero": "136", "contenance": 345, "source": "cadastre.data.gouv.fr (PCI Vecteur Etalab) + BDTOPO_V3:foret_publique (IGN)"}}, {"type": "Feature", "geometry": {"type": "Polygon", "coordinates": [[[0.1674516, 43.5756168], [0.1672961, 43.5755988], [0.1672971, 43.5755872], [0.1673031, 43.5755234], [0.1672826, 43.5754271], [0.1672294, 43.5752902], [0.1672941, 43.575305], [0.1676237, 43.5753805], [0.1675045, 43.5754952], [0.1674516, 43.5756168]]]}, "properties": {"kind": "bati", "section": "D", "numero": "141", "contenance": 635, "source": "cadastre.data.gouv.fr (PCI Vecteur Etalab) + BDTOPO_V3:foret_publique (IGN)"}}, {"type": "Feature", "geometry": {"type": "Polygon", "coordinates": [[[0.1667839, 43.5755396], [0.1668034, 43.5751926], [0.1672294, 43.5752902], [0.1672826, 43.5754271], [0.1673031, 43.5755234], [0.1672971, 43.5755872], [0.1672961, 43.5755988], [0.1669198, 43.5755553], [0.1667839, 43.5755396]]]}, "properties": {"kind": "bati", "section": "D", "numero": "140", "contenance": 1430, "source": "cadastre.data.gouv.fr (PCI Vecteur Etalab) + BDTOPO_V3:foret_publique (IGN)"}}, {"type": "Feature", "geometry": {"type": "Polygon", "coordinates": [[[0.1679353, 43.5754453], [0.1679399, 43.5754153], [0.1678985, 43.5754055], [0.1678676, 43.5753983], [0.1677808, 43.5753778], [0.1677182, 43.575338], [0.1678168, 43.5751807], [0.1678405, 43.5751737], [0.1680574, 43.5752449], [0.168077, 43.5752716], [0.1680691, 43.5753209], [0.168061, 43.5753713], [0.1680553, 43.5754058], [0.1680448, 43.5754075], [0.1680479, 43.5754522], [0.1679356, 43.5754533], [0.1679353, 43.5754453]]]}, "properties": {"kind": "bati", "section": "D", "numero": "137", "contenance": 594, "source": "cadastre.data.gouv.fr (PCI Vecteur Etalab) + BDTOPO_V3:foret_publique (IGN)"}}, {"type": "Feature", "geometry": {"type": "Polygon", "coordinates": [[[0.1672941, 43.575305], [0.1672956, 43.5753022], [0.1673058, 43.5752821], [0.1673203, 43.5752537], [0.1674408, 43.5751908], [0.1675103, 43.575075], [0.1677806, 43.5751554], [0.1677279, 43.5752422], [0.1676681, 43.5753315], [0.1676237, 43.5753805], [0.1672941, 43.575305]]]}, "properties": {"kind": "bati", "section": "D", "numero": "138", "contenance": 741, "source": "cadastre.data.gouv.fr (PCI Vecteur Etalab) + BDTOPO_V3:foret_publique (IGN)"}}, {"type": "Feature", "geometry": {"type": "Polygon", "coordinates": [[[0.1697436, 43.5755775], [0.1697952, 43.5756007], [0.1697125, 43.5756944], [0.1696921, 43.5756837], [0.169705, 43.5756535], [0.1697184, 43.5756499], [0.1697308, 43.5756428], [0.1697393, 43.575633], [0.169743, 43.575622], [0.1697414, 43.5756106], [0.1697348, 43.5756002], [0.1697436, 43.5755775]]]}, "properties": {"kind": "bati", "section": "D", "numero": "202", "contenance": 40, "source": "cadastre.data.gouv.fr (PCI Vecteur Etalab) + BDTOPO_V3:foret_publique (IGN)"}}, {"type": "Feature", "geometry": {"type": "Polygon", "coordinates": [[[0.1697436, 43.5755775], [0.1697348, 43.5756002], [0.1697229, 43.5755933], [0.1697087, 43.5755897], [0.1696935, 43.5755899], [0.1696793, 43.5755938], [0.1696678, 43.5756009], [0.1696603, 43.5756105], [0.1696576, 43.5756214], [0.1696603, 43.5756322], [0.1696676, 43.5756418], [0.1696792, 43.5756489], [0.1696932, 43.5756529], [0.169705, 43.5756535], [0.1696921, 43.5756837], [0.1696179, 43.575652], [0.1695314, 43.5757896], [0.1692715, 43.5762172], [0.1692579, 43.5762265], [0.169235, 43.5762091], [0.1692995, 43.5760924], [0.1695218, 43.575744], [0.1695813, 43.5756384], [0.1695437, 43.5756197], [0.1696361, 43.5755254], [0.1697436, 43.5755775]]]}, "properties": {"kind": "bati", "section": "D", "numero": "199", "contenance": 338, "source": "cadastre.data.gouv.fr (PCI Vecteur Etalab) + BDTOPO_V3:foret_publique (IGN)"}}, {"type": "Feature", "geometry": {"type": "Polygon", "coordinates": [[[0.1696921, 43.5756837], [0.1695667, 43.575938], [0.1697268, 43.576124], [0.1698346, 43.576249], [0.1693149, 43.5764436], [0.1692676, 43.5762727], [0.1692579, 43.5762265], [0.1692715, 43.5762172], [0.1695314, 43.5757896], [0.1696179, 43.575652], [0.1696921, 43.5756837]]]}, "properties": {"kind": "prive_autorisation", "section": "D", "numero": "200", "contenance": 1761, "source": "cadastre.data.gouv.fr (PCI Vecteur Etalab) + BDTOPO_V3:foret_publique (IGN)"}}, {"type": "Feature", "geometry": {"type": "Polygon", "coordinates": [[[0.1719437, 43.5766714], [0.1720238, 43.5765034], [0.1722889, 43.5765631], [0.1723752, 43.5765712], [0.1731577, 43.5766524], [0.1730114, 43.5770337], [0.1725445, 43.5768862], [0.1724083, 43.5772917], [0.1720262, 43.5772134], [0.1719886, 43.5770302], [0.1719406, 43.5768262], [0.1719437, 43.5766714]]]}, "properties": {"kind": "prive_autorisation", "section": "D", "numero": "116", "contenance": 4960, "source": "cadastre.data.gouv.fr (PCI Vecteur Etalab) + BDTOPO_V3:foret_publique (IGN)"}}, {"type": "Feature", "geometry": {"type": "Polygon", "coordinates": [[[0.1707442, 43.5755421], [0.1711336, 43.5755447], [0.1711803, 43.5758696], [0.1707648, 43.5758116], [0.1707574, 43.5757172], [0.1707442, 43.5755421]]]}, "properties": {"kind": "prive_autorisation", "section": "D", "numero": "120", "contenance": 1037, "source": "cadastre.data.gouv.fr (PCI Vecteur Etalab) + BDTOPO_V3:foret_publique (IGN)"}}, {"type": "Feature", "geometry": {"type": "Polygon", "coordinates": [[[0.1707648, 43.5758116], [0.170757, 43.5761374], [0.1707097, 43.5761668], [0.1706584, 43.5761796], [0.1706597, 43.5759755], [0.1705209, 43.5758842], [0.1707574, 43.5757172], [0.1707648, 43.5758116]]]}, "properties": {"kind": "prive_autorisation", "section": "D", "numero": "121", "contenance": 490, "source": "cadastre.data.gouv.fr (PCI Vecteur Etalab) + BDTOPO_V3:foret_publique (IGN)"}}, {"type": "Feature", "geometry": {"type": "Polygon", "coordinates": [[[0.1697268, 43.576124], [0.1705209, 43.5758842], [0.1706597, 43.5759755], [0.1706584, 43.5761796], [0.170535, 43.5762235], [0.1699787, 43.5764155], [0.1698346, 43.576249], [0.1697268, 43.576124]]]}, "properties": {"kind": "prive_autorisation", "section": "D", "numero": "122", "contenance": 2444, "source": "cadastre.data.gouv.fr (PCI Vecteur Etalab) + BDTOPO_V3:foret_publique (IGN)"}}, {"type": "Feature", "geometry": {"type": "Polygon", "coordinates": [[[0.1707097, 43.5761668], [0.1707002, 43.5762747], [0.1707357, 43.5764518], [0.1704878, 43.57643], [0.1701404, 43.5766017], [0.1699787, 43.5764155], [0.170535, 43.5762235], [0.1706584, 43.5761796], [0.1707097, 43.5761668]]]}, "properties": {"kind": "prive_autorisation", "section": "D", "numero": "123", "contenance": 1290, "source": "cadastre.data.gouv.fr (PCI Vecteur Etalab) + BDTOPO_V3:foret_publique (IGN)"}}, {"type": "Feature", "geometry": {"type": "Polygon", "coordinates": [[[0.1697348, 43.5756002], [0.1697414, 43.5756106], [0.169743, 43.575622], [0.1697393, 43.575633], [0.1697308, 43.5756428], [0.1697184, 43.5756499], [0.169705, 43.5756535], [0.1696932, 43.5756529], [0.1696792, 43.5756489], [0.1696676, 43.5756418], [0.1696603, 43.5756322], [0.1696576, 43.5756214], [0.1696603, 43.5756105], [0.1696678, 43.5756009], [0.1696793, 43.5755938], [0.1696935, 43.5755899], [0.1697087, 43.5755897], [0.1697229, 43.5755933], [0.1697348, 43.5756002]]]}, "properties": {"kind": "bati", "section": "D", "numero": "128", "contenance": 33, "source": "cadastre.data.gouv.fr (PCI Vecteur Etalab) + BDTOPO_V3:foret_publique (IGN)"}}, {"type": "Feature", "geometry": {"type": "Polygon", "coordinates": [[[0.1698401, 43.5767198], [0.1694319, 43.5766829], [0.1693149, 43.5764436], [0.1698346, 43.576249], [0.1699787, 43.5764155], [0.1701404, 43.5766017], [0.1698401, 43.5767198]]]}, "properties": {"kind": "prive_autorisation", "section": "D", "numero": "125", "contenance": 2077, "source": "cadastre.data.gouv.fr (PCI Vecteur Etalab) + BDTOPO_V3:foret_publique (IGN)"}}, {"type": "Feature", "geometry": {"type": "Polygon", "coordinates": [[[0.1707884, 43.5767057], [0.1706561, 43.5767095], [0.170159, 43.57718], [0.1700069, 43.5769815], [0.1698401, 43.5767198], [0.1701404, 43.5766017], [0.1704878, 43.57643], [0.1707357, 43.5764518], [0.1707802, 43.5766637], [0.1707884, 43.5767057]]]}, "properties": {"kind": "prive_autorisation", "section": "D", "numero": "124", "contenance": 3180, "source": "cadastre.data.gouv.fr (PCI Vecteur Etalab) + BDTOPO_V3:foret_publique (IGN)"}}, {"type": "Feature", "geometry": {"type": "Polygon", "coordinates": [[[0.1755041, 43.575415], [0.1757654, 43.5756635], [0.1754916, 43.5757693], [0.1749082, 43.5759924], [0.1746983, 43.5761513], [0.1743677, 43.5758081], [0.1741358, 43.5753886], [0.1748261, 43.575181], [0.1748814, 43.5752304], [0.1749674, 43.5752983], [0.1752008, 43.5754976], [0.1754985, 43.5754097], [0.1755041, 43.575415]]]}, "properties": {"kind": "prive_autorisation", "section": "D", "numero": "182", "contenance": 7004, "source": "cadastre.data.gouv.fr (PCI Vecteur Etalab) + BDTOPO_V3:foret_publique (IGN)"}}, {"type": "Feature", "geometry": {"type": "Polygon", "coordinates": [[[0.1754985, 43.5754097], [0.1752008, 43.5754976], [0.1749674, 43.5752983], [0.1748814, 43.5752304], [0.1752283, 43.5751528], [0.1754985, 43.5754097]]]}, "properties": {"kind": "prive_autorisation", "section": "D", "numero": "183", "contenance": 1011, "source": "cadastre.data.gouv.fr (PCI Vecteur Etalab) + BDTOPO_V3:foret_publique (IGN)"}}, {"type": "Feature", "geometry": {"type": "Polygon", "coordinates": [[[0.1762939, 43.5761736], [0.1763301, 43.5759862], [0.1763916, 43.5758527], [0.1765662, 43.5755521], [0.1766048, 43.5754532], [0.1777102, 43.575354], [0.1774072, 43.5758914], [0.1762939, 43.5761736]]]}, "properties": {"kind": "prive_autorisation", "section": "D", "numero": "96", "contenance": 5760, "source": "cadastre.data.gouv.fr (PCI Vecteur Etalab) + BDTOPO_V3:foret_publique (IGN)"}}, {"type": "Feature", "geometry": {"type": "Polygon", "coordinates": [[[0.1752283, 43.5751528], [0.1748814, 43.5752304], [0.1748261, 43.575181], [0.1743874, 43.5747903], [0.1747347, 43.5746834], [0.1752283, 43.5751528]]]}, "properties": {"kind": "prive_autorisation", "section": "D", "numero": "100", "contenance": 1770, "source": "cadastre.data.gouv.fr (PCI Vecteur Etalab) + BDTOPO_V3:foret_publique (IGN)"}}, {"type": "Feature", "geometry": {"type": "Polygon", "coordinates": [[[0.173388, 43.5760095], [0.173388, 43.5759845], [0.1734187, 43.5757873], [0.1734499, 43.5756255], [0.1741055, 43.5753438], [0.1741358, 43.5753886], [0.1743677, 43.5758081], [0.1741082, 43.5759155], [0.1738512, 43.5760262], [0.1737729, 43.5760608], [0.173388, 43.5760095]]]}, "properties": {"kind": "prive_autorisation", "section": "D", "numero": "103", "contenance": 3810, "source": "cadastre.data.gouv.fr (PCI Vecteur Etalab) + BDTOPO_V3:foret_publique (IGN)"}}, {"type": "Feature", "geometry": {"type": "Polygon", "coordinates": [[[0.1754916, 43.5757693], [0.1759397, 43.5761912], [0.1760034, 43.576199], [0.1760072, 43.5763346], [0.1759576, 43.5765912], [0.1758241, 43.5765588], [0.175238, 43.5763119], [0.174976, 43.5762057], [0.1748206, 43.5761601], [0.1746983, 43.5761513], [0.1749082, 43.5759924], [0.1754916, 43.5757693]]]}, "properties": {"kind": "prive_autorisation", "section": "D", "numero": "106", "contenance": 4649, "source": "cadastre.data.gouv.fr (PCI Vecteur Etalab) + BDTOPO_V3:foret_publique (IGN)"}}, {"type": "Feature", "geometry": {"type": "Polygon", "coordinates": [[[0.1733733, 43.5757099], [0.1728457, 43.5757095], [0.1728113, 43.5752443], [0.1728632, 43.5752364], [0.1730533, 43.5751897], [0.1732278, 43.57514], [0.1736297, 43.5750234], [0.173639, 43.5750935], [0.1733917, 43.5756374], [0.1733733, 43.5757099]]]}, "properties": {"kind": "prive_autorisation", "section": "D", "numero": "118", "contenance": 3420, "source": "cadastre.data.gouv.fr (PCI Vecteur Etalab) + BDTOPO_V3:foret_publique (IGN)"}}, {"type": "Feature", "geometry": {"type": "Polygon", "coordinates": [[[0.1766048, 43.5754532], [0.1766379, 43.5753692], [0.177622, 43.5750541], [0.1779407, 43.5749389], [0.1777102, 43.575354], [0.1766048, 43.5754532]]]}, "properties": {"kind": "prive_autorisation", "section": "D", "numero": "88", "contenance": 2298, "source": "cadastre.data.gouv.fr (PCI Vecteur Etalab) + BDTOPO_V3:foret_publique (IGN)"}}, {"type": "Feature", "geometry": {"type": "Polygon", "coordinates": [[[0.1759576, 43.5765912], [0.1759628, 43.5767073], [0.1759339, 43.5770332], [0.1761423, 43.5770365], [0.1760954, 43.5773602], [0.1760896, 43.5774168], [0.1760876, 43.5776049], [0.1760965, 43.5776891], [0.175902, 43.5777169], [0.1758652, 43.5775756], [0.1757999, 43.5770275], [0.1758245, 43.5766113], [0.1758241, 43.5765588], [0.1759576, 43.5765912]]]}, "properties": {"kind": "prive_autorisation", "section": "D", "numero": "107", "contenance": 2165, "source": "cadastre.data.gouv.fr (PCI Vecteur Etalab) + BDTOPO_V3:foret_publique (IGN)"}}, {"type": "Feature", "geometry": {"type": "Polygon", "coordinates": [[[0.1774854, 43.5758716], [0.1782804, 43.5756707], [0.1781396, 43.5759101], [0.1781345, 43.5759231], [0.1774854, 43.5758716]]]}, "properties": {"kind": "prive_autorisation", "section": "D", "numero": "167", "contenance": 770, "source": "cadastre.data.gouv.fr (PCI Vecteur Etalab) + BDTOPO_V3:foret_publique (IGN)"}}, {"type": "Feature", "geometry": {"type": "Polygon", "coordinates": [[[0.182729, 43.5769425], [0.183222, 43.5770179], [0.1833386, 43.5770251], [0.1836875, 43.5770469], [0.1838284, 43.5770214], [0.183888, 43.577843], [0.183276, 43.5778083], [0.1824047, 43.5780397], [0.182423, 43.5779905], [0.1824859, 43.5778293], [0.1825538, 43.5776692], [0.1826268, 43.5775104], [0.1827047, 43.5773527], [0.1826558, 43.577274], [0.1826888, 43.5771948], [0.182729, 43.5769425]]]}, "properties": {"kind": "prive_autorisation", "section": "D", "numero": "77", "contenance": 9370, "source": "cadastre.data.gouv.fr (PCI Vecteur Etalab) + BDTOPO_V3:foret_publique (IGN)"}}, {"type": "Feature", "geometry": {"type": "Polygon", "coordinates": [[[0.163822, 43.5782531], [0.1641553, 43.5782724], [0.1643855, 43.5780621], [0.1644108, 43.577935], [0.1646978, 43.5779287], [0.1649114, 43.5778641], [0.165349, 43.5777815], [0.1655255, 43.5784598], [0.1653492, 43.578469], [0.1651092, 43.5785127], [0.1648812, 43.5785264], [0.1646822, 43.5785573], [0.1644698, 43.5785325], [0.1641114, 43.5785368], [0.1637222, 43.5785414], [0.163556, 43.5785213], [0.1634409, 43.5784478], [0.1633771, 43.5783526], [0.1633751, 43.5782518], [0.1634124, 43.5782543], [0.1634617, 43.5782568], [0.163822, 43.5782531]]]}, "properties": {"kind": "prive_autorisation", "section": "D", "numero": "162", "contenance": 8679, "source": "cadastre.data.gouv.fr (PCI Vecteur Etalab) + BDTOPO_V3:foret_publique (IGN)"}}, {"type": "Feature", "geometry": {"type": "Polygon", "coordinates": [[[0.1633751, 43.5782518], [0.1633771, 43.5783526], [0.1631415, 43.5783225], [0.1632207, 43.5782198], [0.1632263, 43.5781001], [0.1632876, 43.5780143], [0.1634187, 43.5776969], [0.1635521, 43.5777215], [0.1633751, 43.5782518]]]}, "properties": {"kind": "prive_autorisation", "section": "D", "numero": "165", "contenance": 1010, "source": "cadastre.data.gouv.fr (PCI Vecteur Etalab) + BDTOPO_V3:foret_publique (IGN)"}}, {"type": "Feature", "geometry": {"type": "Polygon", "coordinates": [[[0.1642148, 43.5767907], [0.1640803, 43.5766978], [0.1641295, 43.5766671], [0.164175, 43.5766335], [0.1641871, 43.5766235], [0.1642477, 43.5766103], [0.1643794, 43.576593], [0.1644296, 43.5765968], [0.1644316, 43.5766135], [0.1642148, 43.5767907]]]}, "properties": {"kind": "prive_autorisation", "section": "D", "numero": "148", "contenance": 350, "source": "cadastre.data.gouv.fr (PCI Vecteur Etalab) + BDTOPO_V3:foret_publique (IGN)"}}, {"type": "Feature", "geometry": {"type": "Polygon", "coordinates": [[[0.1635521, 43.5777215], [0.1634187, 43.5776969], [0.1634523, 43.5776124], [0.1634809, 43.577527], [0.1634931, 43.5774842], [0.163531, 43.5773909], [0.163749, 43.5774329], [0.1637661, 43.5774381], [0.1636349, 43.5777009], [0.1636089, 43.5777309], [0.1635521, 43.5777215]]]}, "properties": {"kind": "prive_autorisation", "section": "D", "numero": "164", "contenance": 700, "source": "cadastre.data.gouv.fr (PCI Vecteur Etalab) + BDTOPO_V3:foret_publique (IGN)"}}, {"type": "Feature", "geometry": {"type": "Polygon", "coordinates": [[[0.1642148, 43.5767907], [0.1640523, 43.5769472], [0.1638504, 43.5768451], [0.1639513, 43.5767773], [0.1640803, 43.5766978], [0.1642148, 43.5767907]]]}, "properties": {"kind": "prive_autorisation", "section": "D", "numero": "149", "contenance": 420, "source": "cadastre.data.gouv.fr (PCI Vecteur Etalab) + BDTOPO_V3:foret_publique (IGN)"}}, {"type": "Feature", "geometry": {"type": "Polygon", "coordinates": [[[0.163749, 43.5774329], [0.163531, 43.5773909], [0.1635854, 43.5771817], [0.1636785, 43.5770459], [0.1638504, 43.5768451], [0.1640523, 43.5769472], [0.1640214, 43.5769923], [0.1639258, 43.5771376], [0.163835, 43.5772845], [0.163749, 43.5774329]]]}, "properties": {"kind": "prive_autorisation", "section": "D", "numero": "150", "contenance": 1410, "source": "cadastre.data.gouv.fr (PCI Vecteur Etalab) + BDTOPO_V3:foret_publique (IGN)"}}, {"type": "Feature", "geometry": {"type": "Polygon", "coordinates": [[[0.1643068, 43.5770775], [0.1644482, 43.5771494], [0.1643037, 43.5773558], [0.1642408, 43.5774441], [0.1640814, 43.5773834], [0.1638502, 43.5773228], [0.1639674, 43.5771299], [0.1640765, 43.5769603], [0.1643068, 43.5770775]]]}, "properties": {"kind": "prive_autorisation", "section": "D", "numero": "151", "contenance": 1460, "source": "cadastre.data.gouv.fr (PCI Vecteur Etalab) + BDTOPO_V3:foret_publique (IGN)"}}, {"type": "Feature", "geometry": {"type": "Polygon", "coordinates": [[[0.1655188, 43.5777484], [0.1654352, 43.5774014], [0.1657032, 43.5772947], [0.1659307, 43.577213], [0.1663711, 43.5770516], [0.1668092, 43.5768868], [0.1669095, 43.5768394], [0.1669592, 43.5769709], [0.1669666, 43.5770303], [0.1669639, 43.5770484], [0.1669564, 43.5770659], [0.1669438, 43.5770817], [0.1669271, 43.5770952], [0.1663911, 43.5773761], [0.1660788, 43.5776029], [0.1658735, 43.5777165], [0.1656799, 43.5777703], [0.1655302, 43.5777956], [0.1655188, 43.5777484]]]}, "properties": {"kind": "prive_autorisation", "section": "D", "numero": "156", "contenance": 5178, "source": "cadastre.data.gouv.fr (PCI Vecteur Etalab) + BDTOPO_V3:foret_publique (IGN)"}}, {"type": "Feature", "geometry": {"type": "Polygon", "coordinates": [[[0.1657565, 43.576144], [0.1656797, 43.5761738], [0.1651218, 43.5763701], [0.1650741, 43.5762958], [0.1654132, 43.5762109], [0.1656952, 43.576145], [0.1657565, 43.576144]]]}, "properties": {"kind": "prive_autorisation", "section": "D", "numero": "153", "contenance": 329, "source": "cadastre.data.gouv.fr (PCI Vecteur Etalab) + BDTOPO_V3:foret_publique (IGN)"}}, {"type": "Feature", "geometry": {"type": "Polygon", "coordinates": [[[0.165349, 43.5777815], [0.1655188, 43.5777484], [0.1655302, 43.5777956], [0.1655397, 43.5778279], [0.1656599, 43.5778131], [0.165895, 43.577748], [0.1660821, 43.5776548], [0.1661322, 43.5776206], [0.1664103, 43.5774146], [0.166623, 43.5778009], [0.166203, 43.5780476], [0.1658668, 43.5784087], [0.165806, 43.5784452], [0.1655255, 43.5784598], [0.165349, 43.5777815]]]}, "properties": {"kind": "prive_autorisation", "section": "D", "numero": "161", "contenance": 5565, "source": "cadastre.data.gouv.fr (PCI Vecteur Etalab) + BDTOPO_V3:foret_publique (IGN)"}}, {"type": "Feature", "geometry": {"type": "Polygon", "coordinates": [[[0.1642408, 43.5774441], [0.1639979, 43.5777874], [0.163822, 43.5782531], [0.1634617, 43.5782568], [0.1634124, 43.5782543], [0.1634262, 43.5782059], [0.1635802, 43.5777562], [0.1636428, 43.5777529], [0.1636791, 43.5776823], [0.1637671, 43.5775031], [0.1638502, 43.5773228], [0.1640814, 43.5773834], [0.1642408, 43.5774441]]]}, "properties": {"kind": "prive_autorisation", "section": "D", "numero": "163", "contenance": 3345, "source": "cadastre.data.gouv.fr (PCI Vecteur Etalab) + BDTOPO_V3:foret_publique (IGN)"}}, {"type": "Feature", "geometry": {"type": "Polygon", "coordinates": [[[0.16849, 43.5785012], [0.1685066, 43.5784794], [0.168662, 43.5783084], [0.1690252, 43.578078], [0.1692074, 43.5781909], [0.1696254, 43.5785795], [0.1693868, 43.5787647], [0.1693262, 43.5787982], [0.1692227, 43.5787766], [0.16849, 43.5785012]]]}, "properties": {"kind": "bati", "section": "D", "numero": "24", "contenance": 3836, "source": "cadastre.data.gouv.fr (PCI Vecteur Etalab) + BDTOPO_V3:foret_publique (IGN)"}}, {"type": "Feature", "geometry": {"type": "Polygon", "coordinates": [[[0.1671026, 43.5767611], [0.1670581, 43.5765209], [0.1673305, 43.5764895], [0.1673807, 43.5767325], [0.1672599, 43.5767444], [0.1671026, 43.5767611]]]}, "properties": {"kind": "prive_autorisation", "section": "D", "numero": "179", "contenance": 605, "source": "cadastre.data.gouv.fr (PCI Vecteur Etalab) + BDTOPO_V3:foret_publique (IGN)"}}, {"type": "Feature", "geometry": {"type": "Polygon", "coordinates": [[[0.1707884, 43.5767057], [0.1707987, 43.5767054], [0.1704326, 43.5771139], [0.170198, 43.5772251], [0.170159, 43.57718], [0.1706561, 43.5767095], [0.1707884, 43.5767057]]]}, "properties": {"kind": "prive_autorisation", "section": "D", "numero": "31", "contenance": 738, "source": "cadastre.data.gouv.fr (PCI Vecteur Etalab) + BDTOPO_V3:foret_publique (IGN)"}}, {"type": "Feature", "geometry": {"type": "Polygon", "coordinates": [[[0.1723011, 43.5788094], [0.1722315, 43.5784242], [0.1721655, 43.5782995], [0.1721083, 43.5782002], [0.1720467, 43.5778126], [0.1724173, 43.5778104], [0.1725877, 43.5781556], [0.1726944, 43.5783756], [0.1727135, 43.5783723], [0.1728487, 43.5786822], [0.1728495, 43.5786934], [0.1728451, 43.5787043], [0.172836, 43.5787135], [0.1728264, 43.5787188], [0.1723011, 43.5788094]]]}, "properties": {"kind": "prive_autorisation", "section": "D", "numero": "34", "contenance": 3279, "source": "cadastre.data.gouv.fr (PCI Vecteur Etalab) + BDTOPO_V3:foret_publique (IGN)"}}, {"type": "Feature", "geometry": {"type": "Polygon", "coordinates": [[[0.1732725, 43.5788448], [0.172891, 43.5790004], [0.1727991, 43.5790307], [0.1725892, 43.5790633], [0.1723283, 43.5788713], [0.172294, 43.5788498], [0.1723011, 43.5788094], [0.1728264, 43.5787188], [0.172836, 43.5787135], [0.1728451, 43.5787043], [0.1728495, 43.5786934], [0.1728487, 43.5786822], [0.1727135, 43.5783723], [0.1727743, 43.5783619], [0.1729072, 43.5785538], [0.1730731, 43.5787], [0.1732725, 43.5788448]]]}, "properties": {"kind": "prive_autorisation", "section": "D", "numero": "35", "contenance": 2243, "source": "cadastre.data.gouv.fr (PCI Vecteur Etalab) + BDTOPO_V3:foret_publique (IGN)"}}, {"type": "Feature", "geometry": {"type": "Polygon", "coordinates": [[[0.1728876, 43.5774901], [0.1725984, 43.5773305], [0.1724083, 43.5772917], [0.1725445, 43.5768862], [0.1730114, 43.5770337], [0.1732268, 43.5771012], [0.1732957, 43.5771658], [0.1733873, 43.5775379], [0.1734543, 43.5777321], [0.1730891, 43.5776322], [0.1729737, 43.5775665], [0.1728876, 43.5774901]]]}, "properties": {"kind": "prive_autorisation", "section": "D", "numero": "115", "contenance": 3990, "source": "cadastre.data.gouv.fr (PCI Vecteur Etalab) + BDTOPO_V3:foret_publique (IGN)"}}, {"type": "Feature", "geometry": {"type": "Polygon", "coordinates": [[[0.1751265, 43.5780522], [0.1751304, 43.5781128], [0.1741454, 43.5783656], [0.1740047, 43.5779625], [0.1741472, 43.5780476], [0.1742004, 43.5780676], [0.1742554, 43.5780842], [0.1743123, 43.5780972], [0.1743337, 43.5781011], [0.1746509, 43.578116], [0.1749892, 43.578061], [0.1751265, 43.5780522]]]}, "properties": {"kind": "prive_autorisation", "section": "D", "numero": "37", "contenance": 1474, "source": "cadastre.data.gouv.fr (PCI Vecteur Etalab) + BDTOPO_V3:foret_publique (IGN)"}}, {"type": "Feature", "geometry": {"type": "Polygon", "coordinates": [[[0.1739571, 43.5766141], [0.1738931, 43.5764038], [0.1738767, 43.5763547], [0.1738511, 43.5762776], [0.1740126, 43.5763323], [0.1740876, 43.5763459], [0.17416, 43.5763466], [0.1742325, 43.5763437], [0.1743042, 43.5763369], [0.1743322, 43.5763332], [0.1744333, 43.5764409], [0.1745607, 43.5765847], [0.1741435, 43.576605], [0.174055, 43.5766093], [0.1740203, 43.576611], [0.1739571, 43.5766141]]]}, "properties": {"kind": "bati", "section": "D", "numero": "104", "contenance": 1248, "source": "cadastre.data.gouv.fr (PCI Vecteur Etalab) + BDTOPO_V3:foret_publique (IGN)"}}, {"type": "Feature", "geometry": {"type": "Polygon", "coordinates": [[[0.1757445, 43.5775583], [0.1757924, 43.5778542], [0.1746879, 43.5777168], [0.1746979, 43.5774146], [0.1755467, 43.57753], [0.1757445, 43.5775583]]]}, "properties": {"kind": "prive_autorisation", "section": "D", "numero": "110", "contenance": 2840, "source": "cadastre.data.gouv.fr (PCI Vecteur Etalab) + BDTOPO_V3:foret_publique (IGN)"}}, {"type": "Feature", "geometry": {"type": "Polygon", "coordinates": [[[0.1746879, 43.5777168], [0.1757924, 43.5778542], [0.1759244, 43.5778709], [0.1759549, 43.57806], [0.1757893, 43.5780933], [0.1757417, 43.578091], [0.1756459, 43.5780485], [0.1754762, 43.5780569], [0.1753569, 43.5780269], [0.174979, 43.5780499], [0.17468, 43.5781002], [0.1746879, 43.5777168]]]}, "properties": {"kind": "prive_autorisation", "section": "D", "numero": "111", "contenance": 2920, "source": "cadastre.data.gouv.fr (PCI Vecteur Etalab) + BDTOPO_V3:foret_publique (IGN)"}}, {"type": "Feature", "geometry": {"type": "Polygon", "coordinates": [[[0.1746979, 43.5774146], [0.1746879, 43.5777168], [0.17468, 43.5781002], [0.1745437, 43.5780984], [0.1744079, 43.5780928], [0.1743315, 43.578088], [0.1741853, 43.5780496], [0.1741285, 43.5780211], [0.1740058, 43.5779429], [0.1739579, 43.5778761], [0.1740608, 43.5776325], [0.1742277, 43.5776044], [0.1742269, 43.5773753], [0.1742216, 43.5773076], [0.1746979, 43.5774146]]]}, "properties": {"kind": "prive_autorisation", "section": "D", "numero": "112", "contenance": 3790, "source": "cadastre.data.gouv.fr (PCI Vecteur Etalab) + BDTOPO_V3:foret_publique (IGN)"}}, {"type": "Feature", "geometry": {"type": "Polygon", "coordinates": [[[0.1742216, 43.5773076], [0.1742269, 43.5773753], [0.1742277, 43.5776044], [0.1740608, 43.5776325], [0.1739579, 43.5778761], [0.1739449, 43.577858], [0.1736541, 43.5778], [0.1736161, 43.5777871], [0.173623, 43.5775494], [0.1736245, 43.5774916], [0.1737085, 43.5774383], [0.1740599, 43.5773062], [0.1741845, 43.5773062], [0.1742216, 43.5773076]]]}, "properties": {"kind": "prive_autorisation", "section": "D", "numero": "113", "contenance": 2070, "source": "cadastre.data.gouv.fr (PCI Vecteur Etalab) + BDTOPO_V3:foret_publique (IGN)"}}, {"type": "Feature", "geometry": {"type": "Polygon", "coordinates": [[[0.1733873, 43.5775379], [0.173623, 43.5775494], [0.1736161, 43.5777871], [0.1734543, 43.5777321], [0.1733873, 43.5775379]]]}, "properties": {"kind": "prive_autorisation", "section": "D", "numero": "114", "contenance": 352, "source": "cadastre.data.gouv.fr (PCI Vecteur Etalab) + BDTOPO_V3:foret_publique (IGN)"}}, {"type": "Feature", "geometry": {"type": "Polygon", "coordinates": [[[0.1794232, 43.5772428], [0.1793419, 43.5776164], [0.1792847, 43.577632], [0.179212, 43.5775914], [0.1789438, 43.5775919], [0.1789421, 43.5775417], [0.1789412, 43.5775154], [0.1789399, 43.5774798], [0.1789337, 43.5773039], [0.1788139, 43.5773256], [0.1785082, 43.5773807], [0.1784852, 43.5773848], [0.178491, 43.5773397], [0.1784949, 43.5773082], [0.1785114, 43.5773079], [0.1785784, 43.5772734], [0.1789131, 43.5772445], [0.1792023, 43.5772312], [0.1794232, 43.5772428]]]}, "properties": {"kind": "bati", "section": "D", "numero": "48", "contenance": 1671, "source": "cadastre.data.gouv.fr (PCI Vecteur Etalab) + BDTOPO_V3:foret_publique (IGN)"}}, {"type": "Feature", "geometry": {"type": "Polygon", "coordinates": [[[0.177291, 43.5761836], [0.1774941, 43.5761604], [0.1775027, 43.5762098], [0.1773033, 43.576235], [0.177291, 43.5761836]]]}, "properties": {"kind": "prive_autorisation", "section": "D", "numero": "95", "contenance": 80, "source": "cadastre.data.gouv.fr (PCI Vecteur Etalab) + BDTOPO_V3:foret_publique (IGN)"}}, {"type": "Feature", "geometry": {"type": "Polygon", "coordinates": [[[0.1760965, 43.5776891], [0.1760981, 43.5777047], [0.1761396, 43.5778997], [0.1762422, 43.5780414], [0.1759549, 43.57806], [0.1759244, 43.5778709], [0.1759249, 43.5778047], [0.175902, 43.5777169], [0.1760965, 43.5776891]]]}, "properties": {"kind": "prive_autorisation", "section": "D", "numero": "108", "contenance": 650, "source": "cadastre.data.gouv.fr (PCI Vecteur Etalab) + BDTOPO_V3:foret_publique (IGN)"}}, {"type": "Feature", "geometry": {"type": "Polygon", "coordinates": [[[0.1758652, 43.5775756], [0.175902, 43.5777169], [0.1759249, 43.5778047], [0.1759244, 43.5778709], [0.1757924, 43.5778542], [0.1757445, 43.5775583], [0.1758652, 43.5775756]]]}, "properties": {"kind": "prive_autorisation", "section": "D", "numero": "109", "contenance": 340, "source": "cadastre.data.gouv.fr (PCI Vecteur Etalab) + BDTOPO_V3:foret_publique (IGN)"}}, {"type": "Feature", "geometry": {"type": "Polygon", "coordinates": [[[0.179465, 43.5770438], [0.1794232, 43.5772428], [0.1792023, 43.5772312], [0.1789131, 43.5772445], [0.1785784, 43.5772734], [0.1785574, 43.5771746], [0.179465, 43.5770438]]]}, "properties": {"kind": "bati", "section": "D", "numero": "166", "contenance": 1009, "source": "cadastre.data.gouv.fr (PCI Vecteur Etalab) + BDTOPO_V3:foret_publique (IGN)"}}, {"type": "Feature", "geometry": {"type": "Polygon", "coordinates": [[[0.1805811, 43.578145], [0.1804336, 43.5780532], [0.1803337, 43.5778563], [0.181359, 43.5771727], [0.1816163, 43.5775346], [0.1812508, 43.577666], [0.181072, 43.5777736], [0.1809551, 43.5778855], [0.1809208, 43.5779247], [0.1808912, 43.5779659], [0.180875, 43.5779922], [0.1805811, 43.578145]]]}, "properties": {"kind": "prive_autorisation", "section": "D", "numero": "75", "contenance": 4160, "source": "cadastre.data.gouv.fr (PCI Vecteur Etalab) + BDTOPO_V3:foret_publique (IGN)"}}, {"type": "Feature", "geometry": {"type": "Polygon", "coordinates": [[[0.1625365, 43.5787416], [0.1628528, 43.5788408], [0.162704, 43.5789693], [0.1622991, 43.5794673], [0.1618546, 43.5797493], [0.161448, 43.5799039], [0.1612117, 43.5797077], [0.1612011, 43.5796926], [0.1613409, 43.5796442], [0.1618119, 43.5793827], [0.1619301, 43.5793001], [0.1619839, 43.5792229], [0.1620783, 43.5789252], [0.1624448, 43.5787466], [0.1625365, 43.5787416]]]}, "properties": {"kind": "prive_autorisation", "section": "D", "numero": "1", "contenance": 5600, "source": "cadastre.data.gouv.fr (PCI Vecteur Etalab) + BDTOPO_V3:foret_publique (IGN)"}}, {"type": "Feature", "geometry": {"type": "Polygon", "coordinates": [[[0.1632515, 43.5800988], [0.1630669, 43.5803865], [0.1629475, 43.5803835], [0.1624089, 43.5802611], [0.1622363, 43.5802444], [0.1620646, 43.580224], [0.1619796, 43.5802125], [0.1616465, 43.5800461], [0.1615018, 43.5799485], [0.161448, 43.5799039], [0.1618546, 43.5797493], [0.1632515, 43.5800988]]]}, "properties": {"kind": "prive_autorisation", "section": "D", "numero": "2", "contenance": 5146, "source": "cadastre.data.gouv.fr (PCI Vecteur Etalab) + BDTOPO_V3:foret_publique (IGN)"}}, {"type": "Feature", "geometry": {"type": "Polygon", "coordinates": [[[0.1636132, 43.5797139], [0.163572, 43.5799672], [0.1632777, 43.5800578], [0.1632515, 43.5800988], [0.1618546, 43.5797493], [0.1622991, 43.5794673], [0.1625147, 43.5795138], [0.163489, 43.5797205], [0.1636132, 43.5797139]]]}, "properties": {"kind": "prive_autorisation", "section": "D", "numero": "3", "contenance": 5183, "source": "cadastre.data.gouv.fr (PCI Vecteur Etalab) + BDTOPO_V3:foret_publique (IGN)"}}, {"type": "Feature", "geometry": {"type": "Polygon", "coordinates": [[[0.1637125, 43.5795734], [0.1636132, 43.5797139], [0.163489, 43.5797205], [0.1625147, 43.5795138], [0.16269, 43.5794165], [0.1629069, 43.5791041], [0.1634291, 43.5792639], [0.1639196, 43.5794544], [0.1637125, 43.5795734]]]}, "properties": {"kind": "prive_autorisation", "section": "D", "numero": "4", "contenance": 4014, "source": "cadastre.data.gouv.fr (PCI Vecteur Etalab) + BDTOPO_V3:foret_publique (IGN)"}}, {"type": "Feature", "geometry": {"type": "Polygon", "coordinates": [[[0.1622991, 43.5794673], [0.162704, 43.5789693], [0.1628528, 43.5788408], [0.163603, 43.5790381], [0.1634291, 43.5792639], [0.1629069, 43.5791041], [0.16269, 43.5794165], [0.1625147, 43.5795138], [0.1622991, 43.5794673]]]}, "properties": {"kind": "prive_autorisation", "section": "D", "numero": "5", "contenance": 3090, "source": "cadastre.data.gouv.fr (PCI Vecteur Etalab) + BDTOPO_V3:foret_publique (IGN)"}}, {"type": "Feature", "geometry": {"type": "Polygon", "coordinates": [[[0.1625365, 43.5787416], [0.1628848, 43.5785633], [0.1629164, 43.5785397], [0.1631435, 43.5785967], [0.163815, 43.5787436], [0.1641133, 43.5787301], [0.1637302, 43.5789325], [0.1636577, 43.5789673], [0.163603, 43.5790381], [0.1628528, 43.5788408], [0.1625365, 43.5787416]]]}, "properties": {"kind": "prive_autorisation", "section": "D", "numero": "6", "contenance": 3184, "source": "cadastre.data.gouv.fr (PCI Vecteur Etalab) + BDTOPO_V3:foret_publique (IGN)"}}, {"type": "Feature", "geometry": {"type": "Polygon", "coordinates": [[[0.1673954, 43.5790538], [0.1678003, 43.5793086], [0.1677633, 43.5793422], [0.1676081, 43.579509], [0.1675442, 43.5794881], [0.1673294, 43.5794174], [0.1671554, 43.5795626], [0.1671183, 43.5795935], [0.1669292, 43.5796638], [0.1667115, 43.5799294], [0.1664541, 43.5798867], [0.1662992, 43.579861], [0.1673954, 43.5790538]]]}, "properties": {"kind": "prive_autorisation", "section": "D", "numero": "185", "contenance": 3554, "source": "cadastre.data.gouv.fr (PCI Vecteur Etalab) + BDTOPO_V3:foret_publique (IGN)"}}, {"type": "Feature", "geometry": {"type": "Polygon", "coordinates": [[[0.1662992, 43.579861], [0.1664541, 43.5798867], [0.1661959, 43.5805822], [0.1661432, 43.5806182], [0.1658884, 43.5808323], [0.1658366, 43.5808133], [0.1651902, 43.5806062], [0.1656854, 43.5802371], [0.1658122, 43.5797804], [0.1662992, 43.579861]]]}, "properties": {"kind": "prive_autorisation", "section": "D", "numero": "171", "contenance": 6119, "source": "cadastre.data.gouv.fr (PCI Vecteur Etalab) + BDTOPO_V3:foret_publique (IGN)"}}, {"type": "Feature", "geometry": {"type": "Polygon", "coordinates": [[[0.1633771, 43.5783526], [0.1634409, 43.5784478], [0.163556, 43.5785213], [0.1637222, 43.5785414], [0.1641114, 43.5785368], [0.1641133, 43.5787301], [0.163815, 43.5787436], [0.1631435, 43.5785967], [0.1629164, 43.5785397], [0.163039, 43.578448], [0.1631415, 43.5783225], [0.1633771, 43.5783526]]]}, "properties": {"kind": "prive_autorisation", "section": "D", "numero": "7", "contenance": 2096, "source": "cadastre.data.gouv.fr (PCI Vecteur Etalab) + BDTOPO_V3:foret_publique (IGN)"}}, {"type": "Feature", "geometry": {"type": "Polygon", "coordinates": [[[0.1638416, 43.57904], [0.164141, 43.5793269], [0.1639196, 43.5794544], [0.1634291, 43.5792639], [0.163603, 43.5790381], [0.1636577, 43.5789673], [0.1637302, 43.5789325], [0.1638416, 43.57904]]]}, "properties": {"kind": "prive_autorisation", "section": "D", "numero": "8", "contenance": 1660, "source": "cadastre.data.gouv.fr (PCI Vecteur Etalab) + BDTOPO_V3:foret_publique (IGN)"}}, {"type": "Feature", "geometry": {"type": "Polygon", "coordinates": [[[0.1645443, 43.5795015], [0.1637125, 43.5795734], [0.1639196, 43.5794544], [0.164141, 43.5793269], [0.1641662, 43.579351], [0.1646178, 43.5793267], [0.1645443, 43.5795015]]]}, "properties": {"kind": "prive_autorisation", "section": "D", "numero": "9", "contenance": 1102, "source": "cadastre.data.gouv.fr (PCI Vecteur Etalab) + BDTOPO_V3:foret_publique (IGN)"}}, {"type": "Feature", "geometry": {"type": "Polygon", "coordinates": [[[0.1651522, 43.5786787], [0.1651862, 43.5787004], [0.1652747, 43.5787427], [0.1653477, 43.5787538], [0.1646247, 43.5788465], [0.1646791, 43.5789901], [0.1638416, 43.57904], [0.1637302, 43.5789325], [0.1641133, 43.5787301], [0.1643329, 43.5787204], [0.1644611, 43.5787063], [0.1645732, 43.5786982], [0.1646857, 43.5786938], [0.1647189, 43.5787071], [0.1650009, 43.5786934], [0.1651522, 43.5786787]]]}, "properties": {"kind": "prive_autorisation", "section": "D", "numero": "17", "contenance": 2628, "source": "cadastre.data.gouv.fr (PCI Vecteur Etalab) + BDTOPO_V3:foret_publique (IGN)"}}, {"type": "Feature", "geometry": {"type": "Polygon", "coordinates": [[[0.1641114, 43.5785368], [0.1644698, 43.5785325], [0.1646822, 43.5785573], [0.1646857, 43.5786938], [0.1645732, 43.5786982], [0.1644611, 43.5787063], [0.1643329, 43.5787204], [0.1641133, 43.5787301], [0.1641114, 43.5785368]]]}, "properties": {"kind": "prive_autorisation", "section": "D", "numero": "18", "contenance": 900, "source": "cadastre.data.gouv.fr (PCI Vecteur Etalab) + BDTOPO_V3:foret_publique (IGN)"}}, {"type": "Feature", "geometry": {"type": "Polygon", "coordinates": [[[0.1651522, 43.5786787], [0.1650009, 43.5786934], [0.1647189, 43.5787071], [0.1646857, 43.5786938], [0.1646822, 43.5785573], [0.1648812, 43.5785264], [0.1651092, 43.5785127], [0.1651275, 43.5786356], [0.1651522, 43.5786787]]]}, "properties": {"kind": "prive_autorisation", "section": "D", "numero": "19", "contenance": 652, "source": "cadastre.data.gouv.fr (PCI Vecteur Etalab) + BDTOPO_V3:foret_publique (IGN)"}}, {"type": "Feature", "geometry": {"type": "Polygon", "coordinates": [[[0.1664541, 43.5798867], [0.1667115, 43.5799294], [0.167143, 43.5800008], [0.1667601, 43.5807186], [0.1661959, 43.5805822], [0.1664541, 43.5798867]]]}, "properties": {"kind": "prive_autorisation", "section": "D", "numero": "170", "contenance": 4322, "source": "cadastre.data.gouv.fr (PCI Vecteur Etalab) + BDTOPO_V3:foret_publique (IGN)"}}, {"type": "Feature", "geometry": {"type": "Polygon", "coordinates": [[[0.1671554, 43.5795626], [0.1673998, 43.5796903], [0.16729, 43.5797847], [0.1672286, 43.5798702], [0.1671664, 43.5799568], [0.167143, 43.5800008], [0.1667115, 43.5799294], [0.1669292, 43.5796638], [0.1671183, 43.5795935], [0.1671554, 43.5795626]]]}, "properties": {"kind": "bati", "section": "D", "numero": "13", "contenance": 1368, "source": "cadastre.data.gouv.fr (PCI Vecteur Etalab) + BDTOPO_V3:foret_publique (IGN)"}}, {"type": "Feature", "geometry": {"type": "Polygon", "coordinates": [[[0.1671554, 43.5795626], [0.1673294, 43.5794174], [0.1675442, 43.5794881], [0.1676081, 43.579509], [0.1674217, 43.5796713], [0.1673998, 43.5796903], [0.1671554, 43.5795626]]]}, "properties": {"kind": "prive_autorisation", "section": "D", "numero": "14", "contenance": 540, "source": "cadastre.data.gouv.fr (PCI Vecteur Etalab) + BDTOPO_V3:foret_publique (IGN)"}}, {"type": "Feature", "geometry": {"type": "Polygon", "coordinates": [[[0.1725892, 43.5790633], [0.1722879, 43.5790614], [0.1719067, 43.5790677], [0.1717496, 43.578813], [0.1718151, 43.578757], [0.1719692, 43.5787645], [0.172294, 43.5788498], [0.1723283, 43.5788713], [0.1725892, 43.5790633]]]}, "properties": {"kind": "prive_autorisation", "section": "D", "numero": "27", "contenance": 1311, "source": "cadastre.data.gouv.fr (PCI Vecteur Etalab) + BDTOPO_V3:foret_publique (IGN)"}}, {"type": "Feature", "geometry": {"type": "Polygon", "coordinates": [[[0.1713277, 43.5784101], [0.1714212, 43.5784678], [0.171371, 43.5785597], [0.1713814, 43.5787968], [0.1701033, 43.5788085], [0.170146, 43.5787118], [0.1701799, 43.5786035], [0.1702116, 43.5784862], [0.1702379, 43.5783684], [0.1713277, 43.5784101]]]}, "properties": {"kind": "prive_autorisation", "section": "D", "numero": "29", "contenance": 4430, "source": "cadastre.data.gouv.fr (PCI Vecteur Etalab) + BDTOPO_V3:foret_publique (IGN)"}}, {"type": "Feature", "geometry": {"type": "Polygon", "coordinates": [[[0.1741542, 43.5799149], [0.1739707, 43.5795344], [0.1743356, 43.5794253], [0.1743929, 43.5795299], [0.1745536, 43.5794908], [0.1746159, 43.5796281], [0.1746168, 43.579729], [0.1741969, 43.5799053], [0.1741542, 43.5799149]]]}, "properties": {"kind": "bati", "section": "D", "numero": "43", "contenance": 1729, "source": "cadastre.data.gouv.fr (PCI Vecteur Etalab) + BDTOPO_V3:foret_publique (IGN)"}}, {"type": "Feature", "geometry": {"type": "Polygon", "coordinates": [[[0.1743356, 43.5794253], [0.174881, 43.5792621], [0.1749049, 43.5793444], [0.1746159, 43.5796281], [0.1745536, 43.5794908], [0.1743929, 43.5795299], [0.1743356, 43.5794253]]]}, "properties": {"kind": "prive_autorisation", "section": "D", "numero": "44", "contenance": 799, "source": "cadastre.data.gouv.fr (PCI Vecteur Etalab) + BDTOPO_V3:foret_publique (IGN)"}}, {"type": "Feature", "geometry": {"type": "Polygon", "coordinates": [[[0.1785792, 43.5800865], [0.1786687, 43.5798967], [0.1788426, 43.5795235], [0.1789976, 43.5795412], [0.1792897, 43.5798746], [0.1793474, 43.5799407], [0.1792392, 43.5800666], [0.1791632, 43.580218], [0.1790505, 43.58028], [0.1787819, 43.5802919], [0.1787231, 43.5802982], [0.1787201, 43.5802291], [0.1785792, 43.5800865]]]}, "properties": {"kind": "prive_autorisation", "section": "D", "numero": "55", "contenance": 3290, "source": "cadastre.data.gouv.fr (PCI Vecteur Etalab) + BDTOPO_V3:foret_publique (IGN)"}}, {"type": "Feature", "geometry": {"type": "Polygon", "coordinates": [[[0.1814795, 43.5792824], [0.1814687, 43.5793269], [0.1808542, 43.5793699], [0.1804141, 43.5794608], [0.1803538, 43.579476], [0.1802919, 43.5794876], [0.1802288, 43.5794954], [0.1802059, 43.5794973], [0.180065, 43.5795137], [0.1799213, 43.5794159], [0.1800127, 43.5792822], [0.1802857, 43.5791165], [0.1803907, 43.5790528], [0.1803425, 43.578865], [0.1805895, 43.5788229], [0.1807027, 43.5790476], [0.18067, 43.5792484], [0.1814795, 43.5792824]]]}, "properties": {"kind": "prive_autorisation", "section": "D", "numero": "73", "contenance": 3420, "source": "cadastre.data.gouv.fr (PCI Vecteur Etalab) + BDTOPO_V3:foret_publique (IGN)"}}, {"type": "Feature", "geometry": {"type": "Polygon", "coordinates": [[[0.1824572, 43.58106], [0.1825187, 43.580868], [0.1825727, 43.580688], [0.1825983, 43.5806032], [0.1826785, 43.5804414], [0.1826901, 43.5804331], [0.1827468, 43.5803921], [0.1828634, 43.5803079], [0.1831269, 43.5802128], [0.183151, 43.5802041], [0.1832079, 43.5802292], [0.1834648, 43.5803427], [0.1834063, 43.5804204], [0.1831873, 43.5807091], [0.1829727, 43.5809998], [0.1828933, 43.5811096], [0.1824572, 43.58106]]]}, "properties": {"kind": "bati", "section": "D", "numero": "68", "contenance": 4321, "source": "cadastre.data.gouv.fr (PCI Vecteur Etalab) + BDTOPO_V3:foret_publique (IGN)"}}, {"type": "Feature", "geometry": {"type": "Polygon", "coordinates": [[[0.183151, 43.5802041], [0.1832211, 43.580174], [0.183376, 43.5801045], [0.1835279, 43.5800317], [0.1836599, 43.5801088], [0.1834648, 43.5803427], [0.1832079, 43.5802292], [0.183151, 43.5802041]]]}, "properties": {"kind": "prive_autorisation", "section": "D", "numero": "69", "contenance": 564, "source": "cadastre.data.gouv.fr (PCI Vecteur Etalab) + BDTOPO_V3:foret_publique (IGN)"}}, {"type": "Feature", "geometry": {"type": "Polygon", "coordinates": [[[0.1658884, 43.5808323], [0.1661432, 43.5806182], [0.1661959, 43.5805822], [0.1659572, 43.5808577], [0.1658884, 43.5808323]]]}, "properties": {"kind": "prive_autorisation", "section": "D", "numero": "168", "contenance": 101, "source": "cadastre.data.gouv.fr (PCI Vecteur Etalab) + BDTOPO_V3:foret_publique (IGN)"}}, {"type": "Feature", "geometry": {"type": "Polygon", "coordinates": [[[0.1661959, 43.5805822], [0.1667601, 43.5807186], [0.1666905, 43.5808259], [0.1666164, 43.5809318], [0.1665376, 43.5810356], [0.1664791, 43.581108], [0.1659572, 43.5808577], [0.1661959, 43.5805822]]]}, "properties": {"kind": "prive_autorisation", "section": "D", "numero": "169", "contenance": 2051, "source": "cadastre.data.gouv.fr (PCI Vecteur Etalab) + BDTOPO_V3:foret_publique (IGN)"}}, {"type": "Feature", "geometry": {"type": "Polygon", "coordinates": [[[0.1803417, 43.5808387], [0.1802057, 43.5808661], [0.1801963, 43.5810756], [0.1801824, 43.5813371], [0.1799742, 43.5813624], [0.1797212, 43.5813933], [0.1797048, 43.5814175], [0.1792929, 43.5814471], [0.1791932, 43.5813115], [0.1791736, 43.5811398], [0.1791092, 43.5810532], [0.1790998, 43.5810175], [0.1790595, 43.5808283], [0.1790925, 43.5806609], [0.1793673, 43.5806946], [0.1803476, 43.5808101], [0.1803417, 43.5808387]]]}, "properties": {"kind": "prive_autorisation", "section": "D", "numero": "57", "contenance": 6218, "source": "cadastre.data.gouv.fr (PCI Vecteur Etalab) + BDTOPO_V3:foret_publique (IGN)"}}, {"type": "Feature", "geometry": {"type": "Polygon", "coordinates": [[[0.1845988, 43.5798622], [0.1854381, 43.5792723], [0.1855131, 43.5792543], [0.1860397, 43.5791124], [0.1861945, 43.5791866], [0.186209, 43.5791935], [0.1863018, 43.5791631], [0.1871008, 43.5798717], [0.1872424, 43.5797519], [0.1882575, 43.5804885], [0.1885083, 43.5806143], [0.1888335, 43.5808248], [0.1883138, 43.5813527], [0.1881724, 43.5813998], [0.1879937, 43.5813314], [0.1879605, 43.5813089], [0.1879232, 43.5812647], [0.1878872, 43.5812164], [0.1878547, 43.5811666], [0.1871412, 43.5806849], [0.1868243, 43.580911], [0.186571, 43.5810943], [0.1863857, 43.5812294], [0.1862218, 43.581349], [0.1860046, 43.5815053], [0.1857982, 43.5816585], [0.1856755, 43.5815639], [0.1854497, 43.5813864], [0.1852269, 43.5812069], [0.1848448, 43.580885], [0.1845109, 43.5805989], [0.1850096, 43.5802041], [0.1845988, 43.5798622]]]}, "properties": {"kind": "prive_autorisation", "section": "AB", "numero": "41", "contenance": 50842, "source": "cadastre.data.gouv.fr (PCI Vecteur Etalab) + BDTOPO_V3:foret_publique (IGN)"}}, {"type": "Feature", "geometry": {"type": "Polygon", "coordinates": [[[0.1892451, 43.5756589], [0.1896679, 43.5761332], [0.1897141, 43.5762043], [0.1897566, 43.5762772], [0.1896437, 43.5763017], [0.18961, 43.5763776], [0.1895433, 43.5765204], [0.1894724, 43.5766623], [0.1893692, 43.5768276], [0.1890691, 43.5769409], [0.1887953, 43.5770086], [0.1886508, 43.5770858], [0.1885162, 43.577141], [0.1883496, 43.5771971], [0.1880995, 43.5770552], [0.1879664, 43.5772602], [0.1878933, 43.5773637], [0.1878179, 43.5774369], [0.1877146, 43.5775098], [0.187479, 43.5773313], [0.1873916, 43.5772172], [0.1873082, 43.5771021], [0.1872563, 43.577008], [0.1872337, 43.5769518], [0.1872183, 43.5769377], [0.1871935, 43.5769294], [0.1871388, 43.5769305], [0.1871036, 43.5769161], [0.1869838, 43.576804], [0.1868612, 43.5766845], [0.1866156, 43.5765042], [0.1865256, 43.5764189], [0.1863798, 43.5762554], [0.1863334, 43.5761856], [0.1862791, 43.5760674], [0.18625, 43.5759283], [0.1862171, 43.5755135], [0.1861986, 43.5755036], [0.1863493, 43.5754087], [0.1868125, 43.5751069], [0.1869319, 43.5750414], [0.1872173, 43.5749419], [0.187501, 43.5748396], [0.1876362, 43.5747896], [0.1875587, 43.5749881], [0.1875441, 43.5750436], [0.1875229, 43.5750598], [0.1875201, 43.5750931], [0.18757, 43.5751809], [0.1876585, 43.575163], [0.1877095, 43.5751341], [0.1877194, 43.5751239], [0.1877317, 43.5751224], [0.1883922, 43.5750506], [0.1884939, 43.5750537], [0.1886179, 43.5750619], [0.1888204, 43.5752365], [0.1888428, 43.5752274], [0.1889237, 43.5753173], [0.1892451, 43.5756589]]]}, "properties": {"kind": "prive_autorisation", "section": "AB", "numero": "77", "contenance": 52140, "source": "cadastre.data.gouv.fr (PCI Vecteur Etalab) + BDTOPO_V3:foret_publique (IGN)"}}, {"type": "Feature", "geometry": {"type": "Polygon", "coordinates": [[[0.186579, 43.5835754], [0.1862384, 43.5831471], [0.1862773, 43.583103], [0.1866464, 43.5828588], [0.1870897, 43.5825624], [0.187134, 43.5825781], [0.1879548, 43.5828718], [0.1881273, 43.5829383], [0.1882978, 43.5830074], [0.1883837, 43.5830436], [0.1882989, 43.5832466], [0.1882642, 43.5833606], [0.1883043, 43.5836054], [0.1883085, 43.5836797], [0.1883032, 43.5838408], [0.1882686, 43.5839699], [0.1882254, 43.5840574], [0.1881906, 43.5842611], [0.1881585, 43.5843479], [0.1881074, 43.5844759], [0.1880522, 43.584603], [0.1879972, 43.5847031], [0.1879884, 43.5847449], [0.1880068, 43.5848526], [0.1880091, 43.5849441], [0.1879966, 43.5850249], [0.1879787, 43.5850624], [0.1879405, 43.5851107], [0.18787, 43.5851698], [0.1878116, 43.5850997], [0.1875915, 43.5848211], [0.1875714, 43.5848239], [0.1872753, 43.5844566], [0.1869254, 43.5840167], [0.186579, 43.5835754]]]}, "properties": {"kind": "prive_autorisation", "section": "AB", "numero": "16", "contenance": 26795, "source": "cadastre.data.gouv.fr (PCI Vecteur Etalab) + BDTOPO_V3:foret_publique (IGN)"}}, {"type": "Feature", "geometry": {"type": "Polygon", "coordinates": [[[0.1861986, 43.5755036], [0.1860644, 43.5755726], [0.1858698, 43.5759134], [0.1856896, 43.5761581], [0.1854928, 43.5762596], [0.18529, 43.5763608], [0.1851468, 43.5764324], [0.1849481, 43.5761535], [0.1848718, 43.5759115], [0.1848195, 43.5757852], [0.1847291, 43.5755747], [0.1846346, 43.5753653], [0.1845984, 43.5752424], [0.1847197, 43.5751501], [0.184844, 43.5750599], [0.1849549, 43.5749829], [0.1850709, 43.5749116], [0.1852176, 43.5748269], [0.1853631, 43.5747611], [0.1857145, 43.5746064], [0.1861421, 43.5744308], [0.1871177, 43.5740247], [0.1875776, 43.5743965], [0.1879312, 43.5746843], [0.1876362, 43.5747896], [0.187501, 43.5748396], [0.1872173, 43.5749419], [0.1869319, 43.5750414], [0.1868125, 43.5751069], [0.1863493, 43.5754087], [0.1861986, 43.5755036]]]}, "properties": {"kind": "prive_autorisation", "section": "AB", "numero": "76", "contenance": 29400, "source": "cadastre.data.gouv.fr (PCI Vecteur Etalab) + BDTOPO_V3:foret_publique (IGN)"}}, {"type": "Feature", "geometry": {"type": "Polygon", "coordinates": [[[0.1866156, 43.5765042], [0.1863725, 43.5766634], [0.186288, 43.5767388], [0.1862782, 43.5767506], [0.1862793, 43.5767881], [0.1863326, 43.5768494], [0.1863887, 43.5769191], [0.1864409, 43.5769903], [0.1864309, 43.577024], [0.1863635, 43.5770838], [0.1863266, 43.5770238], [0.1863433, 43.5769976], [0.1863165, 43.5770239], [0.1863814, 43.5771326], [0.1860669, 43.5772028], [0.1860289, 43.5772014], [0.1859639, 43.577085], [0.1858779, 43.5769724], [0.1858045, 43.5768835], [0.1856838, 43.5767975], [0.1858648, 43.5765274], [0.1859416, 43.5763451], [0.1860041, 43.5761356], [0.1859622, 43.5759932], [0.1859531, 43.5759769], [0.1859212, 43.5759441], [0.1858698, 43.5759134], [0.1860644, 43.5755726], [0.1861986, 43.5755036], [0.1862171, 43.5755135], [0.18625, 43.5759283], [0.1862791, 43.5760674], [0.1863334, 43.5761856], [0.1863798, 43.5762554], [0.1865256, 43.5764189], [0.1866156, 43.5765042]]]}, "properties": {"kind": "prive_autorisation", "section": "AB", "numero": "79", "contenance": 6440, "source": "cadastre.data.gouv.fr (PCI Vecteur Etalab) + BDTOPO_V3:foret_publique (IGN)"}}, {"type": "Feature", "geometry": {"type": "Polygon", "coordinates": [[[0.1851468, 43.5764324], [0.1849076, 43.5765463], [0.1846893, 43.5766345], [0.1844777, 43.5762678], [0.1844158, 43.5760097], [0.1844603, 43.5759382], [0.1843945, 43.5758093], [0.184334, 43.5756224], [0.1842894, 43.57547], [0.1845984, 43.5752424], [0.1846346, 43.5753653], [0.1847291, 43.5755747], [0.1848195, 43.5757852], [0.1848718, 43.5759115], [0.1849481, 43.5761535], [0.1851468, 43.5764324]]]}, "properties": {"kind": "prive_autorisation", "section": "AB", "numero": "83", "contenance": 4950, "source": "cadastre.data.gouv.fr (PCI Vecteur Etalab) + BDTOPO_V3:foret_publique (IGN)"}}, {"type": "Feature", "geometry": {"type": "Polygon", "coordinates": [[[0.1892451, 43.5756589], [0.1900595, 43.5753364], [0.1900732, 43.5753441], [0.1904771, 43.5754919], [0.1905658, 43.5755351], [0.190673, 43.5756112], [0.1907218, 43.5759018], [0.1907227, 43.5759999], [0.1907193, 43.5760978], [0.1907118, 43.5761926], [0.1906831, 43.5763919], [0.1905909, 43.5767172], [0.1897566, 43.5762772], [0.1897141, 43.5762043], [0.1896679, 43.5761332], [0.1892451, 43.5756589]]]}, "properties": {"kind": "prive_autorisation", "section": "AB", "numero": "54", "contenance": 10725, "source": "cadastre.data.gouv.fr (PCI Vecteur Etalab) + BDTOPO_V3:foret_publique (IGN)"}}, {"type": "Feature", "geometry": {"type": "Polygon", "coordinates": [[[0.1905909, 43.5767172], [0.1906831, 43.5763919], [0.1907118, 43.5761926], [0.1907193, 43.5760978], [0.1907227, 43.5759999], [0.1907218, 43.5759018], [0.190673, 43.5756112], [0.1905658, 43.5755351], [0.1904771, 43.5754919], [0.1900732, 43.5753441], [0.1900595, 43.5753364], [0.1906608, 43.5750965], [0.1906853, 43.5751095], [0.1911429, 43.575447], [0.191285, 43.5755527], [0.1913117, 43.575582], [0.1913913, 43.5757137], [0.1914203, 43.5759306], [0.1913935, 43.5760278], [0.1913664, 43.5760859], [0.191339, 43.5763741], [0.1912699, 43.5766144], [0.1911748, 43.5770459], [0.1907713, 43.576795], [0.1907359, 43.576811], [0.1905909, 43.5767172]]]}, "properties": {"kind": "prive_autorisation", "section": "AB", "numero": "55", "contenance": 10490, "source": "cadastre.data.gouv.fr (PCI Vecteur Etalab) + BDTOPO_V3:foret_publique (IGN)"}}, {"type": "Feature", "geometry": {"type": "Polygon", "coordinates": [[[0.1913935, 43.5760278], [0.1916159, 43.5760739], [0.1916864, 43.5760876], [0.1917033, 43.5763667], [0.1918106, 43.5768825], [0.1918402, 43.5770751], [0.1918222, 43.577436], [0.1918439, 43.5775111], [0.1920018, 43.5779911], [0.1919952, 43.5779963], [0.191858, 43.5778881], [0.191751, 43.5778146], [0.1916139, 43.5776582], [0.1914622, 43.5775031], [0.1914404, 43.577471], [0.1913911, 43.5772893], [0.1913626, 43.5772255], [0.1912697, 43.5771249], [0.1911748, 43.5770459], [0.1912699, 43.5766144], [0.191339, 43.5763741], [0.1913664, 43.5760859], [0.1913935, 43.5760278]]]}, "properties": {"kind": "prive_autorisation", "section": "AB", "numero": "56", "contenance": 6750, "source": "cadastre.data.gouv.fr (PCI Vecteur Etalab) + BDTOPO_V3:foret_publique (IGN)"}}, {"type": "Feature", "geometry": {"type": "Polygon", "coordinates": [[[0.1911429, 43.575447], [0.1906853, 43.5751095], [0.1906608, 43.5750965], [0.1906039, 43.5749385], [0.1905571, 43.5748715], [0.1905138, 43.5748266], [0.1904656, 43.574783], [0.1898915, 43.5743811], [0.1897701, 43.5742687], [0.1899955, 43.5741643], [0.190177, 43.574374], [0.1903859, 43.5745292], [0.1906061, 43.5747236], [0.1906749, 43.5747898], [0.1907407, 43.5747433], [0.1910302, 43.5750133], [0.1911435, 43.5751289], [0.1914922, 43.5753733], [0.1917902, 43.5757552], [0.1917506, 43.5758624], [0.1916864, 43.5760876], [0.1916159, 43.5760739], [0.1916076, 43.57604], [0.191581, 43.57594], [0.1915503, 43.5758407], [0.1915153, 43.5757422], [0.1914732, 43.5756592], [0.191381, 43.575539], [0.1913066, 43.5754625], [0.1912058, 43.5754049], [0.1911429, 43.575447]]]}, "properties": {"kind": "prive_autorisation", "section": "AB", "numero": "58", "contenance": 4895, "source": "cadastre.data.gouv.fr (PCI Vecteur Etalab) + BDTOPO_V3:foret_publique (IGN)"}}, {"type": "Feature", "geometry": {"type": "Polygon", "coordinates": [[[0.1917902, 43.5757552], [0.1914922, 43.5753733], [0.1911435, 43.5751289], [0.1910302, 43.5750133], [0.1907407, 43.5747433], [0.1904335, 43.5743951], [0.1906039, 43.5741664], [0.191387, 43.574676], [0.1913805, 43.5747255], [0.1917136, 43.5749933], [0.1918032, 43.5750531], [0.1918431, 43.575075], [0.1918451, 43.5751521], [0.1917948, 43.5753399], [0.1919986, 43.5755489], [0.1920145, 43.5755686], [0.191889, 43.5756019], [0.1917902, 43.5757552]]]}, "properties": {"kind": "prive_autorisation", "section": "AB", "numero": "59", "contenance": 6860, "source": "cadastre.data.gouv.fr (PCI Vecteur Etalab) + BDTOPO_V3:foret_publique (IGN)"}}, {"type": "Feature", "geometry": {"type": "Polygon", "coordinates": [[[0.1899955, 43.5741643], [0.1897701, 43.5742687], [0.1895183, 43.574035], [0.1892291, 43.574166], [0.188632, 43.5744391], [0.1885906, 43.5743904], [0.1885311, 43.5744163], [0.1885136, 43.5744367], [0.188496, 43.574445], [0.1884597, 43.5744212], [0.188422, 43.5744344], [0.1883877, 43.5743964], [0.1883396, 43.5743383], [0.1883068, 43.5743497], [0.1881239, 43.5741513], [0.1880934, 43.5741634], [0.187889, 43.5738868], [0.1878746, 43.5738673], [0.1879086, 43.5738497], [0.1879776, 43.5738139], [0.1881979, 43.5737008], [0.1881636, 43.5736211], [0.1895219, 43.573198], [0.18957, 43.5732786], [0.1901873, 43.5730907], [0.1901578, 43.5731172], [0.1901545, 43.5731872], [0.1901514, 43.573251], [0.1900936, 43.5735413], [0.1899955, 43.5741643]]]}, "properties": {"kind": "bati", "section": "AB", "numero": "69", "contenance": 16215, "source": "cadastre.data.gouv.fr (PCI Vecteur Etalab) + BDTOPO_V3:foret_publique (IGN)"}}, {"type": "Feature", "geometry": {"type": "Polygon", "coordinates": [[[0.1900595, 43.5753364], [0.1900539, 43.5753204], [0.1900572, 43.5752739], [0.1900971, 43.5749198], [0.1900651, 43.5748439], [0.1900422, 43.5748114], [0.1900165, 43.5747816], [0.1899482, 43.5747261], [0.1897096, 43.5745702], [0.1892291, 43.574166], [0.1895183, 43.574035], [0.1897701, 43.5742687], [0.1898915, 43.5743811], [0.1904656, 43.574783], [0.1905138, 43.5748266], [0.1905571, 43.5748715], [0.1906039, 43.5749385], [0.1906608, 43.5750965], [0.1900595, 43.5753364]]]}, "properties": {"kind": "prive_autorisation", "section": "AB", "numero": "70", "contenance": 4775, "source": "cadastre.data.gouv.fr (PCI Vecteur Etalab) + BDTOPO_V3:foret_publique (IGN)"}}, {"type": "Feature", "geometry": {"type": "Polygon", "coordinates": [[[0.1892451, 43.5756589], [0.1889237, 43.5753173], [0.1888428, 43.5752274], [0.1888734, 43.5752096], [0.1891502, 43.5750915], [0.1886005, 43.5745131], [0.188564, 43.5744747], [0.188632, 43.5744391], [0.1892291, 43.574166], [0.1897096, 43.5745702], [0.1899482, 43.5747261], [0.1900165, 43.5747816], [0.1900422, 43.5748114], [0.1900651, 43.5748439], [0.1900971, 43.5749198], [0.1900572, 43.5752739], [0.1900539, 43.5753204], [0.1900595, 43.5753364], [0.1892451, 43.5756589]]]}, "properties": {"kind": "prive_autorisation", "section": "AB", "numero": "71", "contenance": 11470, "source": "cadastre.data.gouv.fr (PCI Vecteur Etalab) + BDTOPO_V3:foret_publique (IGN)"}}, {"type": "Feature", "geometry": {"type": "Polygon", "coordinates": [[[0.1876362, 43.5747896], [0.1879312, 43.5746843], [0.1875776, 43.5743965], [0.1877237, 43.5743263], [0.187872, 43.5742586], [0.1880476, 43.5741832], [0.187839, 43.5739072], [0.1877316, 43.5737751], [0.187788, 43.5737445], [0.1878001, 43.5737663], [0.187861, 43.5738492], [0.1878696, 43.5738608], [0.1878746, 43.5738673], [0.187889, 43.5738868], [0.1880934, 43.5741634], [0.1881239, 43.5741513], [0.1883068, 43.5743497], [0.1883396, 43.5743383], [0.1883877, 43.5743964], [0.188422, 43.5744344], [0.1884597, 43.5744212], [0.188496, 43.574445], [0.1885136, 43.5744367], [0.1885311, 43.5744163], [0.1885906, 43.5743904], [0.188632, 43.5744391], [0.188564, 43.5744747], [0.1886005, 43.5745131], [0.1884562, 43.5745951], [0.1885471, 43.5747038], [0.1884183, 43.5747675], [0.1884702, 43.5748179], [0.1885963, 43.5749404], [0.1888734, 43.5752096], [0.1888428, 43.5752274], [0.1888204, 43.5752365], [0.1886179, 43.5750619], [0.1884939, 43.5750537], [0.1883922, 43.5750506], [0.1877317, 43.5751224], [0.1877194, 43.5751239], [0.1877095, 43.5751341], [0.1876585, 43.575163], [0.18757, 43.5751809], [0.1875201, 43.5750931], [0.1875229, 43.5750598], [0.1875441, 43.5750436], [0.1875587, 43.5749881], [0.1876362, 43.5747896]]]}, "properties": {"kind": "bati", "section": "AB", "numero": "73", "contenance": 6666, "source": "cadastre.data.gouv.fr (PCI Vecteur Etalab) + BDTOPO_V3:foret_publique (IGN)"}}, {"type": "Feature", "geometry": {"type": "Polygon", "coordinates": [[[0.1920145, 43.5755686], [0.1919986, 43.5755489], [0.1917948, 43.5753399], [0.1918451, 43.5751521], [0.1918431, 43.575075], [0.1920113, 43.5743994], [0.1926473, 43.5741991], [0.1926917, 43.574131], [0.1931172, 43.574519], [0.1931026, 43.5746456], [0.1930832, 43.5748141], [0.1931151, 43.5750149], [0.1929847, 43.5755087], [0.1929476, 43.575517], [0.1927346, 43.575565], [0.192586, 43.5756093], [0.1925387, 43.5756188], [0.1925059, 43.5756254], [0.1923809, 43.5756886], [0.1922852, 43.5757326], [0.1921939, 43.575716], [0.1921621, 43.5756899], [0.1920145, 43.5755686]]]}, "properties": {"kind": "prive_autorisation", "section": "AB", "numero": "87", "contenance": 13756, "source": "cadastre.data.gouv.fr (PCI Vecteur Etalab) + BDTOPO_V3:foret_publique (IGN)"}}, {"type": "Feature", "geometry": {"type": "Polygon", "coordinates": [[[0.1931172, 43.574519], [0.1926917, 43.574131], [0.1926473, 43.5741991], [0.1920113, 43.5743994], [0.1921924, 43.5736768], [0.1924262, 43.5737046], [0.1926268, 43.5733745], [0.1928937, 43.5734369], [0.1933673, 43.5735602], [0.1937548, 43.5736644], [0.194057, 43.5737581], [0.193889, 43.5741225], [0.1942306, 43.5742198], [0.1944765, 43.5739084], [0.1945247, 43.5739259], [0.1943236, 43.5741709], [0.1941924, 43.574331], [0.1941274, 43.5744424], [0.193222, 43.574159], [0.1931631, 43.5742975], [0.193132, 43.5744137], [0.1931172, 43.574519]]]}, "properties": {"kind": "prive_autorisation", "section": "AB", "numero": "89", "contenance": 12833, "source": "cadastre.data.gouv.fr (PCI Vecteur Etalab) + BDTOPO_V3:foret_publique (IGN)"}}, {"type": "Feature", "geometry": {"type": "Polygon", "coordinates": [[[0.1906039, 43.5741664], [0.1906963, 43.5740422], [0.1910871, 43.5736944], [0.1911887, 43.5733826], [0.1912004, 43.5733468], [0.1912995, 43.5730229], [0.1913207, 43.5729311], [0.1916839, 43.5731274], [0.1917224, 43.5730946], [0.1918051, 43.5731369], [0.1920258, 43.5732308], [0.1922808, 43.5732959], [0.1921924, 43.5736768], [0.191881, 43.5736399], [0.191799, 43.5738174], [0.1916777, 43.5742247], [0.1914403, 43.5743499], [0.1914105, 43.5744958], [0.191387, 43.574676], [0.1906039, 43.5741664]]]}, "properties": {"kind": "prive_autorisation", "section": "AB", "numero": "94", "contenance": 11470, "source": "cadastre.data.gouv.fr (PCI Vecteur Etalab) + BDTOPO_V3:foret_publique (IGN)"}}, {"type": "Feature", "geometry": {"type": "Polygon", "coordinates": [[[0.1907407, 43.5747433], [0.1906749, 43.5747898], [0.1906061, 43.5747236], [0.1903859, 43.5745292], [0.190177, 43.574374], [0.1899955, 43.5741643], [0.1900936, 43.5735413], [0.1901514, 43.573251], [0.1901545, 43.5731872], [0.1905263, 43.5731785], [0.190665, 43.5732262], [0.1908096, 43.5733008], [0.1910311, 43.5733269], [0.1911887, 43.5733826], [0.1910871, 43.5736944], [0.1906963, 43.5740422], [0.1906039, 43.5741664], [0.1904335, 43.5743951], [0.1907407, 43.5747433]]]}, "properties": {"kind": "prive_autorisation", "section": "AB", "numero": "98", "contenance": 8920, "source": "cadastre.data.gouv.fr (PCI Vecteur Etalab) + BDTOPO_V3:foret_publique (IGN)"}}, {"type": "Feature", "geometry": {"type": "Polygon", "coordinates": [[[0.1888335, 43.5808248], [0.1885083, 43.5806143], [0.1887155, 43.5802971], [0.1884776, 43.580211], [0.1884431, 43.5801986], [0.1882575, 43.5804885], [0.1872424, 43.5797519], [0.1875117, 43.5790972], [0.1876478, 43.5791076], [0.1883856, 43.5792405], [0.1891288, 43.5794676], [0.1894417, 43.5795711], [0.1899555, 43.579779], [0.1900038, 43.5798223], [0.1900177, 43.5798743], [0.1900682, 43.5798924], [0.1898469, 43.580316], [0.1897343, 43.5805439], [0.1896968, 43.5806078], [0.1894968, 43.580709], [0.1893662, 43.5807699], [0.1892312, 43.5808365], [0.1890988, 43.5809559], [0.1888335, 43.5808248]]]}, "properties": {"kind": "prive_autorisation", "section": "AB", "numero": "36", "contenance": 25830, "source": "cadastre.data.gouv.fr (PCI Vecteur Etalab) + BDTOPO_V3:foret_publique (IGN)"}}, {"type": "Feature", "geometry": {"type": "Polygon", "coordinates": [[[0.1894417, 43.5795711], [0.1891288, 43.5794676], [0.1883856, 43.5792405], [0.1876478, 43.5791076], [0.1875117, 43.5790972], [0.1871282, 43.5790359], [0.1868931, 43.5787886], [0.1867075, 43.5786424], [0.1870364, 43.5785452], [0.1872968, 43.5784576], [0.1875316, 43.5783758], [0.1879097, 43.5785677], [0.1882453, 43.5787832], [0.1886506, 43.579049], [0.1890971, 43.5792979], [0.1894417, 43.5795711]]]}, "properties": {"kind": "prive_autorisation", "section": "AB", "numero": "39", "contenance": 9205, "source": "cadastre.data.gouv.fr (PCI Vecteur Etalab) + BDTOPO_V3:foret_publique (IGN)"}}, {"type": "Feature", "geometry": {"type": "Polygon", "coordinates": [[[0.1846893, 43.5766345], [0.1852056, 43.5774976], [0.1857487, 43.5773937], [0.18576, 43.5774077], [0.186287, 43.57778], [0.1863365, 43.5778083], [0.1864517, 43.577946], [0.1856224, 43.5781524], [0.1856286, 43.5781606], [0.1841874, 43.5785088], [0.1840242, 43.5781856], [0.1839809, 43.5780162], [0.1839684, 43.5779258], [0.183897, 43.5768777], [0.1840976, 43.5768704], [0.1842564, 43.5768315], [0.1844893, 43.5767192], [0.1846893, 43.5766345]]]}, "properties": {"kind": "prive_autorisation", "section": "AB", "numero": "46", "contenance": 22585, "source": "cadastre.data.gouv.fr (PCI Vecteur Etalab) + BDTOPO_V3:foret_publique (IGN)"}}, {"type": "Feature", "geometry": {"type": "Polygon", "coordinates": [[[0.1879097, 43.5785677], [0.187639, 43.5783887], [0.1875887, 43.5783307], [0.1875274, 43.5782653], [0.1874625, 43.5782016], [0.1874013, 43.5781804], [0.187338, 43.5781554], [0.1872769, 43.5781275], [0.1870657, 43.5781016], [0.1870246, 43.5780985], [0.1875316, 43.5783758], [0.1872968, 43.5784576], [0.1870364, 43.5785452], [0.1867075, 43.5786424], [0.1863542, 43.5787769], [0.1863319, 43.5787782], [0.186286, 43.5787785], [0.1862403, 43.5787759], [0.1861363, 43.5787825], [0.1861086, 43.5787871], [0.1860571, 43.5787982], [0.186007, 43.5788122], [0.1859608, 43.57884], [0.1859159, 43.5788829], [0.1859085, 43.578935], [0.1858894, 43.5789448], [0.1858189, 43.5789811], [0.1858058, 43.5789315], [0.1854347, 43.5786109], [0.1857972, 43.5783638], [0.1856286, 43.5781606], [0.1856224, 43.5781524], [0.1864517, 43.577946], [0.1863365, 43.5778083], [0.1864432, 43.5777358], [0.1862901, 43.5775674], [0.1862739, 43.5775338], [0.186311, 43.5775131], [0.1863612, 43.5775101], [0.1864658, 43.5775466], [0.1867553, 43.5776636], [0.1868046, 43.5776771], [0.1869369, 43.5776713], [0.1872896, 43.5778593], [0.1874447, 43.5779354], [0.1876021, 43.5780089], [0.1876771, 43.5780426], [0.1877737, 43.5781082], [0.1878187, 43.5781339], [0.1879583, 43.5781904], [0.1881442, 43.5782836], [0.1882356, 43.5783595], [0.1883876, 43.5784311], [0.1881805, 43.5784468], [0.1881702, 43.5784477], [0.1881202, 43.5784678], [0.1881321, 43.5784893], [0.1880792, 43.578508], [0.1879097, 43.5785677]]]}, "properties": {"kind": "prive_autorisation", "section": "AB", "numero": "48", "contenance": 15597, "source": "cadastre.data.gouv.fr (PCI Vecteur Etalab) + BDTOPO_V3:foret_publique (IGN)"}}, {"type": "Feature", "geometry": {"type": "Polygon", "coordinates": [[[0.1893692, 43.5768276], [0.189469, 43.5769651], [0.1895726, 43.577101], [0.189608, 43.5771463], [0.1897078, 43.5772674], [0.1900396, 43.5776263], [0.1901677, 43.577738], [0.1904736, 43.5779679], [0.1906452, 43.5781399], [0.1906869, 43.5781705], [0.1908017, 43.5782331], [0.1908339, 43.5782943], [0.1904402, 43.5786583], [0.1898737, 43.5791278], [0.1896739, 43.5790319], [0.1893354, 43.5788591], [0.1887246, 43.5786078], [0.1884143, 43.5784328], [0.1882339, 43.5783444], [0.1881525, 43.5782757], [0.1879978, 43.578198], [0.187895, 43.5781531], [0.1878029, 43.5781167], [0.1877914, 43.578109], [0.1879956, 43.5779543], [0.1878026, 43.5778071], [0.1875849, 43.5777438], [0.1874016, 43.5775923], [0.1874797, 43.5775783], [0.1877146, 43.5775098], [0.1878179, 43.5774369], [0.1878933, 43.5773637], [0.1879664, 43.5772602], [0.1880995, 43.5770552], [0.1883496, 43.5771971], [0.1885162, 43.577141], [0.1886508, 43.5770858], [0.1887953, 43.5770086], [0.1890691, 43.5769409], [0.1893692, 43.5768276]]]}, "properties": {"kind": "prive_autorisation", "section": "AB", "numero": "50", "contenance": 36255, "source": "cadastre.data.gouv.fr (PCI Vecteur Etalab) + BDTOPO_V3:foret_publique (IGN)"}}, {"type": "Feature", "geometry": {"type": "Polygon", "coordinates": [[[0.1877146, 43.5775098], [0.1874797, 43.5775783], [0.1874016, 43.5775923], [0.1875849, 43.5777438], [0.1878026, 43.5778071], [0.1879956, 43.5779543], [0.1877914, 43.578109], [0.1876722, 43.5780285], [0.1872683, 43.5778387], [0.1869772, 43.5776808], [0.1867787, 43.5775667], [0.1865123, 43.577383], [0.1864774, 43.5773392], [0.1864573, 43.5772359], [0.1863635, 43.5770838], [0.1864309, 43.577024], [0.1864409, 43.5769903], [0.1863887, 43.5769191], [0.1863326, 43.5768494], [0.1862793, 43.5767881], [0.1862782, 43.5767506], [0.186288, 43.5767388], [0.1863725, 43.5766634], [0.1866156, 43.5765042], [0.1868612, 43.5766845], [0.1869838, 43.576804], [0.1871036, 43.5769161], [0.1871388, 43.5769305], [0.1871935, 43.5769294], [0.1872183, 43.5769377], [0.1872337, 43.5769518], [0.1872563, 43.577008], [0.1873082, 43.5771021], [0.1873916, 43.5772172], [0.187479, 43.5773313], [0.1877146, 43.5775098]]]}, "properties": {"kind": "prive_autorisation", "section": "AB", "numero": "78", "contenance": 9465, "source": "cadastre.data.gouv.fr (PCI Vecteur Etalab) + BDTOPO_V3:foret_publique (IGN)"}}, {"type": "Feature", "geometry": {"type": "Polygon", "coordinates": [[[0.1845988, 43.5798622], [0.1850096, 43.5802041], [0.1845109, 43.5805989], [0.1848448, 43.580885], [0.1852269, 43.5812069], [0.184807, 43.5814871], [0.1846196, 43.5816017], [0.1836456, 43.5807906], [0.1837922, 43.5806824], [0.1838102, 43.5806693], [0.1834713, 43.5804465], [0.1836462, 43.580224], [0.1837546, 43.5800905], [0.1838495, 43.5799805], [0.1839476, 43.5798722], [0.1840011, 43.5797985], [0.1840254, 43.5797576], [0.1840595, 43.5796703], [0.1841209, 43.5794907], [0.1844551, 43.5797433], [0.1845988, 43.5798622]]]}, "properties": {"kind": "prive_autorisation", "section": "AB", "numero": "92", "contenance": 15583, "source": "cadastre.data.gouv.fr (PCI Vecteur Etalab) + BDTOPO_V3:foret_publique (IGN)"}}, {"type": "Feature", "geometry": {"type": "Polygon", "coordinates": [[[0.1894417, 43.5795711], [0.1895443, 43.5794233], [0.1894377, 43.5793025], [0.1893277, 43.5791833], [0.1892735, 43.5791265], [0.1891441, 43.5790595], [0.1889322, 43.5789699], [0.1886689, 43.578893], [0.1885911, 43.5788565], [0.1885136, 43.5787204], [0.1884131, 43.5786346], [0.1882662, 43.5785885], [0.1880792, 43.578508], [0.1881321, 43.5784893], [0.1881202, 43.5784678], [0.1881702, 43.5784477], [0.1881805, 43.5784468], [0.1883876, 43.5784311], [0.18842, 43.5784463], [0.1887295, 43.5786224], [0.1889721, 43.5787183], [0.1893197, 43.5788703], [0.1905035, 43.5794403], [0.190371, 43.5795382], [0.1903766, 43.5795625], [0.1903121, 43.5796634], [0.1902698, 43.5797224], [0.1900682, 43.5798924], [0.1900177, 43.5798743], [0.1900038, 43.5798223], [0.1899555, 43.579779], [0.1894417, 43.5795711]]]}, "properties": {"kind": "prive_autorisation", "section": "AB", "numero": "37", "contenance": 7625, "source": "cadastre.data.gouv.fr (PCI Vecteur Etalab) + BDTOPO_V3:foret_publique (IGN)"}}, {"type": "Feature", "geometry": {"type": "Polygon", "coordinates": [[[0.1919952, 43.5779963], [0.1919516, 43.5780379], [0.1919427, 43.5780557], [0.1919314, 43.5780853], [0.1919243, 43.5781157], [0.1919216, 43.5781238], [0.1919118, 43.5781453], [0.191898, 43.5781656], [0.1918806, 43.5781844], [0.1917791, 43.5782796], [0.1914371, 43.5785815], [0.1913147, 43.5787274], [0.1912215, 43.578813], [0.1910731, 43.5789455], [0.1909215, 43.5790757], [0.1905194, 43.5794354], [0.1903369, 43.5793539], [0.1898737, 43.5791278], [0.1904402, 43.5786583], [0.1908339, 43.5782943], [0.1909429, 43.5782024], [0.1910985, 43.5780571], [0.1916139, 43.5776582], [0.191751, 43.5778146], [0.191858, 43.5778881], [0.1919952, 43.5779963]]]}, "properties": {"kind": "prive_autorisation", "section": "AB", "numero": "51", "contenance": 11980, "source": "cadastre.data.gouv.fr (PCI Vecteur Etalab) + BDTOPO_V3:foret_publique (IGN)"}}, {"type": "Feature", "geometry": {"type": "Polygon", "coordinates": [[[0.1907359, 43.576811], [0.1907713, 43.576795], [0.1911748, 43.5770459], [0.1912697, 43.5771249], [0.1913626, 43.5772255], [0.1913911, 43.5772893], [0.1914404, 43.577471], [0.1914622, 43.5775031], [0.1916139, 43.5776582], [0.1910985, 43.5780571], [0.1909429, 43.5782024], [0.1908339, 43.5782943], [0.1908017, 43.5782331], [0.1906869, 43.5781705], [0.1906452, 43.5781399], [0.1904736, 43.5779679], [0.1901677, 43.577738], [0.1900396, 43.5776263], [0.1902175, 43.5770637], [0.1907359, 43.576811]]]}, "properties": {"kind": "prive_autorisation", "section": "AB", "numero": "52", "contenance": 12270, "source": "cadastre.data.gouv.fr (PCI Vecteur Etalab) + BDTOPO_V3:foret_publique (IGN)"}}, {"type": "Feature", "geometry": {"type": "Polygon", "coordinates": [[[0.1897566, 43.5762772], [0.1905909, 43.5767172], [0.1907359, 43.576811], [0.1902175, 43.5770637], [0.1900396, 43.5776263], [0.1897078, 43.5772674], [0.189608, 43.5771463], [0.1895726, 43.577101], [0.189469, 43.5769651], [0.1893692, 43.5768276], [0.1894724, 43.5766623], [0.1895433, 43.5765204], [0.18961, 43.5763776], [0.1896437, 43.5763017], [0.1897566, 43.5762772]]]}, "properties": {"kind": "prive_autorisation", "section": "AB", "numero": "53", "contenance": 7635, "source": "cadastre.data.gouv.fr (PCI Vecteur Etalab) + BDTOPO_V3:foret_publique (IGN)"}}, {"type": "Feature", "geometry": {"type": "Polygon", "coordinates": [[[0.184807, 43.5814871], [0.1855882, 43.5821229], [0.1858711, 43.5823777], [0.1854623, 43.5826165], [0.1854222, 43.5825877], [0.1852249, 43.5824462], [0.1851753, 43.5824757], [0.1848105, 43.582692], [0.1845199, 43.5828414], [0.1847111, 43.5830414], [0.1844652, 43.5831705], [0.1843231, 43.5830702], [0.1841841, 43.5829956], [0.1839973, 43.5830039], [0.1834909, 43.5831705], [0.1833148, 43.5831958], [0.183291, 43.5831773], [0.183253, 43.583144], [0.1832182, 43.5831088], [0.1829963, 43.5827302], [0.1829305, 43.5826003], [0.1840591, 43.5819415], [0.1846196, 43.5816017], [0.184807, 43.5814871]]]}, "properties": {"kind": "prive_autorisation", "section": "AB", "numero": "20", "contenance": 22160, "source": "cadastre.data.gouv.fr (PCI Vecteur Etalab) + BDTOPO_V3:foret_publique (IGN)"}}, {"type": "Feature", "geometry": {"type": "Polygon", "coordinates": [[[0.1836456, 43.5807906], [0.1846196, 43.5816017], [0.1840591, 43.5819415], [0.1829305, 43.5826003], [0.1826834, 43.5821057], [0.1826223, 43.5819428], [0.1825945, 43.5818119], [0.1826153, 43.5816944], [0.1826859, 43.5815578], [0.1830762, 43.5809641], [0.183182, 43.5808094], [0.183399, 43.5809779], [0.1836456, 43.5807906]]]}, "properties": {"kind": "prive_autorisation", "section": "AB", "numero": "21", "contenance": 17870, "source": "cadastre.data.gouv.fr (PCI Vecteur Etalab) + BDTOPO_V3:foret_publique (IGN)"}}, {"type": "Feature", "geometry": {"type": "Polygon", "coordinates": [[[0.1852269, 43.5812069], [0.1854497, 43.5813864], [0.1856755, 43.5815639], [0.1857982, 43.5816585], [0.18602, 43.5818582], [0.1862489, 43.5820445], [0.1864115, 43.5821749], [0.187079, 43.5825493], [0.1870897, 43.5825624], [0.1866464, 43.5828588], [0.1865683, 43.58281], [0.1862423, 43.5826089], [0.1859136, 43.5824101], [0.1858711, 43.5823777], [0.1855882, 43.5821229], [0.184807, 43.5814871], [0.1852269, 43.5812069]]]}, "properties": {"kind": "prive_autorisation", "section": "AB", "numero": "25", "contenance": 9792, "source": "cadastre.data.gouv.fr (PCI Vecteur Etalab) + BDTOPO_V3:foret_publique (IGN)"}}, {"type": "Feature", "geometry": {"type": "Polygon", "coordinates": [[[0.186571, 43.5810943], [0.1868243, 43.580911], [0.1876772, 43.5813707], [0.1880465, 43.5815633], [0.1878864, 43.5818051], [0.187822, 43.581896], [0.1877158, 43.5820514], [0.1876132, 43.582208], [0.1871811, 43.581965], [0.1874192, 43.5816493], [0.186571, 43.5810943]]]}, "properties": {"kind": "prive_autorisation", "section": "AB", "numero": "32", "contenance": 6009, "source": "cadastre.data.gouv.fr (PCI Vecteur Etalab) + BDTOPO_V3:foret_publique (IGN)"}}, {"type": "Feature", "geometry": {"type": "Polygon", "coordinates": [[[0.1878547, 43.5811666], [0.1878872, 43.5812164], [0.1879232, 43.5812647], [0.1879605, 43.5813089], [0.1879937, 43.5813314], [0.1881724, 43.5813998], [0.1883138, 43.5813527], [0.1888335, 43.5808248], [0.1890988, 43.5809559], [0.1892312, 43.5808365], [0.1893662, 43.5807699], [0.1894968, 43.580709], [0.1896968, 43.5806078], [0.1895581, 43.5807902], [0.1892281, 43.5812115], [0.1891537, 43.5814246], [0.1891277, 43.5815557], [0.1889314, 43.5818866], [0.1885366, 43.5817396], [0.1885268, 43.5817055], [0.1880465, 43.5815633], [0.1876772, 43.5813707], [0.1878547, 43.5811666]]]}, "properties": {"kind": "prive_autorisation", "section": "AB", "numero": "34", "contenance": 7765, "source": "cadastre.data.gouv.fr (PCI Vecteur Etalab) + BDTOPO_V3:foret_publique (IGN)"}}, {"type": "Feature", "geometry": {"type": "Polygon", "coordinates": [[[0.1857592, 43.586458], [0.1852646, 43.585533], [0.1853161, 43.5855103], [0.1854242, 43.58546], [0.1855301, 43.5854074], [0.185699, 43.5853525], [0.1862165, 43.5851209], [0.1863104, 43.5851054], [0.1863276, 43.5851099], [0.1867847, 43.5857956], [0.186624, 43.5859204], [0.18653, 43.5859802], [0.186486, 43.5859909], [0.1863272, 43.5860735], [0.1861332, 43.5861612], [0.1860414, 43.5862733], [0.1859427, 43.5863737], [0.1858478, 43.5864195], [0.1857592, 43.586458]]]}, "properties": {"kind": "prive_autorisation", "section": "AB", "numero": "2", "contenance": 9995, "source": "cadastre.data.gouv.fr (PCI Vecteur Etalab) + BDTOPO_V3:foret_publique (IGN)"}}, {"type": "Feature", "geometry": {"type": "Polygon", "coordinates": [[[0.186579, 43.5835754], [0.1869254, 43.5840167], [0.1872753, 43.5844566], [0.1875714, 43.5848239], [0.1875321, 43.5848364], [0.1863651, 43.5850677], [0.1863256, 43.5850601], [0.1862921, 43.5850502], [0.1862382, 43.5842159], [0.186252, 43.5840769], [0.1860189, 43.5837027], [0.1862356, 43.5836496], [0.186579, 43.5835754]]]}, "properties": {"kind": "prive_autorisation", "section": "AB", "numero": "4", "contenance": 10879, "source": "cadastre.data.gouv.fr (PCI Vecteur Etalab) + BDTOPO_V3:foret_publique (IGN)"}}, {"type": "Feature", "geometry": {"type": "Polygon", "coordinates": [[[0.1860189, 43.5837027], [0.186252, 43.5840769], [0.1862382, 43.5842159], [0.1862921, 43.5850502], [0.1856392, 43.5853238], [0.1854089, 43.5854095], [0.1852383, 43.5854848], [0.1850497, 43.5851391], [0.1850102, 43.58473], [0.1850118, 43.5847042], [0.1849427, 43.5844594], [0.1848187, 43.5841053], [0.1848264, 43.5840656], [0.1850539, 43.583989], [0.1856074, 43.5838111], [0.1860189, 43.5837027]]]}, "properties": {"kind": "prive_autorisation", "section": "AB", "numero": "5", "contenance": 16395, "source": "cadastre.data.gouv.fr (PCI Vecteur Etalab) + BDTOPO_V3:foret_publique (IGN)"}}, {"type": "Feature", "geometry": {"type": "Polygon", "coordinates": [[[0.1888734, 43.5752096], [0.1885963, 43.5749404], [0.1884702, 43.5748179], [0.1884183, 43.5747675], [0.1885471, 43.5747038], [0.1884562, 43.5745951], [0.1886005, 43.5745131], [0.1891502, 43.5750915], [0.1888734, 43.5752096]]]}, "properties": {"kind": "bati", "section": "AB", "numero": "72", "contenance": 1844, "source": "cadastre.data.gouv.fr (PCI Vecteur Etalab) + BDTOPO_V3:foret_publique (IGN)"}}, {"type": "Feature", "geometry": {"type": "Polygon", "coordinates": [[[0.1871177, 43.5740247], [0.1877316, 43.5737751], [0.187839, 43.5739072], [0.1880476, 43.5741832], [0.187872, 43.5742586], [0.1877237, 43.5743263], [0.1875776, 43.5743965], [0.1871177, 43.5740247]]]}, "properties": {"kind": "prive_autorisation", "section": "AB", "numero": "74", "contenance": 2771, "source": "cadastre.data.gouv.fr (PCI Vecteur Etalab) + BDTOPO_V3:foret_publique (IGN)"}}, {"type": "Feature", "geometry": {"type": "Polygon", "coordinates": [[[0.1881636, 43.5736211], [0.1881979, 43.5737008], [0.1879776, 43.5738139], [0.1879086, 43.5738497], [0.1878746, 43.5738673], [0.1878696, 43.5738608], [0.187861, 43.5738492], [0.1878001, 43.5737663], [0.187788, 43.5737445], [0.1881636, 43.5736211]]]}, "properties": {"kind": "bati", "section": "AB", "numero": "75", "contenance": 396, "source": "cadastre.data.gouv.fr (PCI Vecteur Etalab) + BDTOPO_V3:foret_publique (IGN)"}}, {"type": "Feature", "geometry": {"type": "Polygon", "coordinates": [[[0.1931026, 43.5746456], [0.194041, 43.5748573], [0.1940633, 43.5749605], [0.1940645, 43.5750199], [0.1940651, 43.5750463], [0.1940892, 43.5751248], [0.1941079, 43.5751829], [0.1942191, 43.5755283], [0.1940074, 43.5755597], [0.19372, 43.5755966], [0.1937002, 43.575593], [0.1936373, 43.575582], [0.1935706, 43.5755702], [0.1931674, 43.5755604], [0.1929847, 43.5755087], [0.1931151, 43.5750149], [0.1930832, 43.5748141], [0.1931026, 43.5746456]]]}, "properties": {"kind": "prive_autorisation", "section": "AB", "numero": "61", "contenance": 7660, "source": "cadastre.data.gouv.fr (PCI Vecteur Etalab) + BDTOPO_V3:foret_publique (IGN)"}}, {"type": "Feature", "geometry": {"type": "Polygon", "coordinates": [[[0.1901873, 43.5730907], [0.18957, 43.5732786], [0.1895219, 43.573198], [0.1898349, 43.5731001], [0.1901427, 43.5730043], [0.1901716, 43.5729953], [0.1901981, 43.573086], [0.1901873, 43.5730907]]]}, "properties": {"kind": "bati", "section": "AB", "numero": "68", "contenance": 560, "source": "cadastre.data.gouv.fr (PCI Vecteur Etalab) + BDTOPO_V3:foret_publique (IGN)"}}, {"type": "Feature", "geometry": {"type": "Polygon", "coordinates": [[[0.1918431, 43.575075], [0.1918032, 43.5750531], [0.1917136, 43.5749933], [0.1913805, 43.5747255], [0.191387, 43.574676], [0.1914105, 43.5744958], [0.1920113, 43.5743994], [0.1918431, 43.575075]]]}, "properties": {"kind": "prive_autorisation", "section": "AB", "numero": "86", "contenance": 2319, "source": "cadastre.data.gouv.fr (PCI Vecteur Etalab) + BDTOPO_V3:foret_publique (IGN)"}}, {"type": "Feature", "geometry": {"type": "Polygon", "coordinates": [[[0.1920113, 43.5743994], [0.1914105, 43.5744958], [0.1914403, 43.5743499], [0.1916777, 43.5742247], [0.191799, 43.5738174], [0.191881, 43.5736399], [0.1921924, 43.5736768], [0.1920113, 43.5743994]]]}, "properties": {"kind": "prive_autorisation", "section": "AB", "numero": "88", "contenance": 2882, "source": "cadastre.data.gouv.fr (PCI Vecteur Etalab) + BDTOPO_V3:foret_publique (IGN)"}}, {"type": "Feature", "geometry": {"type": "Polygon", "coordinates": [[[0.1926268, 43.5733745], [0.1924262, 43.5737046], [0.1921924, 43.5736768], [0.1922808, 43.5732959], [0.1926268, 43.5733745]]]}, "properties": {"kind": "prive_autorisation", "section": "AB", "numero": "91", "contenance": 1038, "source": "cadastre.data.gouv.fr (PCI Vecteur Etalab) + BDTOPO_V3:foret_publique (IGN)"}}, {"type": "Feature", "geometry": {"type": "Polygon", "coordinates": [[[0.1912004, 43.5733468], [0.1911887, 43.5733826], [0.1910311, 43.5733269], [0.1912004, 43.5733468]]]}, "properties": {"kind": "prive_autorisation", "section": "AB", "numero": "97", "contenance": 30, "source": "cadastre.data.gouv.fr (PCI Vecteur Etalab) + BDTOPO_V3:foret_publique (IGN)"}}, {"type": "Feature", "geometry": {"type": "Polygon", "coordinates": [[[0.1901545, 43.5731872], [0.1901578, 43.5731172], [0.1901873, 43.5730907], [0.1901981, 43.573086], [0.1901716, 43.5729953], [0.1903835, 43.5729296], [0.1905197, 43.5731462], [0.1910311, 43.5733269], [0.1908096, 43.5733008], [0.190665, 43.5732262], [0.1905263, 43.5731785], [0.1901545, 43.5731872]]]}, "properties": {"kind": "prive_autorisation", "section": "AB", "numero": "96", "contenance": 749, "source": "cadastre.data.gouv.fr (PCI Vecteur Etalab) + BDTOPO_V3:foret_publique (IGN)"}}, {"type": "Feature", "geometry": {"type": "Polygon", "coordinates": [[[0.1913207, 43.5729311], [0.1913322, 43.5728813], [0.1917026, 43.5730844], [0.1917224, 43.5730946], [0.1916839, 43.5731274], [0.1913207, 43.5729311]]]}, "properties": {"kind": "prive_autorisation", "section": "AB", "numero": "93", "contenance": 192, "source": "cadastre.data.gouv.fr (PCI Vecteur Etalab) + BDTOPO_V3:foret_publique (IGN)"}}, {"type": "Feature", "geometry": {"type": "Polygon", "coordinates": [[[0.1913207, 43.5729311], [0.1912995, 43.5730229], [0.1912004, 43.5733468], [0.1910311, 43.5733269], [0.1905197, 43.5731462], [0.1903835, 43.5729296], [0.1907552, 43.572814], [0.1908752, 43.5727833], [0.1909103, 43.5727787], [0.1909473, 43.5727804], [0.1909786, 43.5727859], [0.1911556, 43.5728146], [0.1912784, 43.5728548], [0.1913322, 43.5728813], [0.1913207, 43.5729311]]]}, "properties": {"kind": "bati", "section": "AB", "numero": "95", "contenance": 3261, "source": "cadastre.data.gouv.fr (PCI Vecteur Etalab) + BDTOPO_V3:foret_publique (IGN)"}}, {"type": "Feature", "geometry": {"type": "Polygon", "coordinates": [[[0.1931172, 43.574519], [0.193132, 43.5744137], [0.1931631, 43.5742975], [0.193222, 43.574159], [0.1941274, 43.5744424], [0.1940744, 43.5746197], [0.1940541, 43.5747637], [0.194041, 43.5748573], [0.1931026, 43.5746456], [0.1931172, 43.574519]]]}, "properties": {"kind": "prive_autorisation", "section": "AB", "numero": "62", "contenance": 3866, "source": "cadastre.data.gouv.fr (PCI Vecteur Etalab) + BDTOPO_V3:foret_publique (IGN)"}}, {"type": "Feature", "geometry": {"type": "Polygon", "coordinates": [[[0.1944765, 43.5739084], [0.1942306, 43.5742198], [0.193889, 43.5741225], [0.194057, 43.5737581], [0.1941069, 43.5737755], [0.1942687, 43.5738327], [0.1944765, 43.5739084]]]}, "properties": {"kind": "prive_autorisation", "section": "AB", "numero": "63", "contenance": 1350, "source": "cadastre.data.gouv.fr (PCI Vecteur Etalab) + BDTOPO_V3:foret_publique (IGN)"}}, {"type": "Feature", "geometry": {"type": "Polygon", "coordinates": [[[0.1863814, 43.5771326], [0.1864448, 43.5772383], [0.1864535, 43.5772756], [0.186396, 43.5772589], [0.186344, 43.5772018], [0.1857487, 43.5773937], [0.1857388, 43.5773777], [0.1857604, 43.5772827], [0.1858231, 43.5772311], [0.1858684, 43.5772049], [0.1858698, 43.577167], [0.1856287, 43.5768167], [0.1856838, 43.5767975], [0.1858045, 43.5768835], [0.1858779, 43.5769724], [0.1859639, 43.577085], [0.1860289, 43.5772014], [0.1860669, 43.5772028], [0.1863814, 43.5771326]]]}, "properties": {"kind": "prive_autorisation", "section": "AB", "numero": "80", "contenance": 1145, "source": "cadastre.data.gouv.fr (PCI Vecteur Etalab) + BDTOPO_V3:foret_publique (IGN)"}}, {"type": "Feature", "geometry": {"type": "Polygon", "coordinates": [[[0.18529, 43.5763608], [0.1856287, 43.5768167], [0.1858698, 43.577167], [0.1858684, 43.5772049], [0.1858231, 43.5772311], [0.1857604, 43.5772827], [0.1857388, 43.5773777], [0.1857487, 43.5773937], [0.1852056, 43.5774976], [0.1846893, 43.5766345], [0.1849076, 43.5765463], [0.1851468, 43.5764324], [0.18529, 43.5763608]]]}, "properties": {"kind": "prive_autorisation", "section": "AB", "numero": "81", "contenance": 6715, "source": "cadastre.data.gouv.fr (PCI Vecteur Etalab) + BDTOPO_V3:foret_publique (IGN)"}}, {"type": "Feature", "geometry": {"type": "Polygon", "coordinates": [[[0.1858698, 43.5759134], [0.1859212, 43.5759441], [0.1859531, 43.5759769], [0.1859622, 43.5759932], [0.1860041, 43.5761356], [0.1859416, 43.5763451], [0.1858648, 43.5765274], [0.1856838, 43.5767975], [0.1856287, 43.5768167], [0.18529, 43.5763608], [0.1854928, 43.5762596], [0.1856896, 43.5761581], [0.1858698, 43.5759134]]]}, "properties": {"kind": "prive_autorisation", "section": "AB", "numero": "82", "contenance": 2760, "source": "cadastre.data.gouv.fr (PCI Vecteur Etalab) + BDTOPO_V3:foret_publique (IGN)"}}, {"type": "Feature", "geometry": {"type": "Polygon", "coordinates": [[[0.1844158, 43.5760097], [0.1838367, 43.5760879], [0.1838071, 43.5756658], [0.1839662, 43.5756257], [0.1840188, 43.5756112], [0.1840717, 43.5755932], [0.1841796, 43.5755453], [0.1842894, 43.57547], [0.184334, 43.5756224], [0.1843945, 43.5758093], [0.1844603, 43.5759382], [0.1844158, 43.5760097]]]}, "properties": {"kind": "prive_autorisation", "section": "AB", "numero": "84", "contenance": 2312, "source": "cadastre.data.gouv.fr (PCI Vecteur Etalab) + BDTOPO_V3:foret_publique (IGN)"}}, {"type": "Feature", "geometry": {"type": "Polygon", "coordinates": [[[0.1846893, 43.5766345], [0.1844893, 43.5767192], [0.1842564, 43.5768315], [0.1840976, 43.5768704], [0.183897, 43.5768777], [0.1838865, 43.5767603], [0.1838595, 43.5764241], [0.1838367, 43.5760879], [0.1844158, 43.5760097], [0.1844777, 43.5762678], [0.1846893, 43.5766345]]]}, "properties": {"kind": "prive_autorisation", "section": "AB", "numero": "85", "contenance": 4528, "source": "cadastre.data.gouv.fr (PCI Vecteur Etalab) + BDTOPO_V3:foret_publique (IGN)"}}, {"type": "Feature", "geometry": {"type": "Polygon", "coordinates": [[[0.1913935, 43.5760278], [0.1914203, 43.5759306], [0.1913913, 43.5757137], [0.1913117, 43.575582], [0.191285, 43.5755527], [0.1911429, 43.575447], [0.1912058, 43.5754049], [0.1913066, 43.5754625], [0.191381, 43.575539], [0.1914732, 43.5756592], [0.1915153, 43.5757422], [0.1915503, 43.5758407], [0.191581, 43.57594], [0.1916076, 43.57604], [0.1916159, 43.5760739], [0.1913935, 43.5760278]]]}, "properties": {"kind": "prive_autorisation", "section": "AB", "numero": "57", "contenance": 790, "source": "cadastre.data.gouv.fr (PCI Vecteur Etalab) + BDTOPO_V3:foret_publique (IGN)"}}, {"type": "Feature", "geometry": {"type": "Polygon", "coordinates": [[[0.1872424, 43.5797519], [0.1871008, 43.5798717], [0.1863018, 43.5791631], [0.1862964, 43.5791545], [0.1862678, 43.5791103], [0.1863424, 43.5790843], [0.1864561, 43.5790208], [0.186523, 43.5790393], [0.1865189, 43.5789501], [0.1867457, 43.5789749], [0.1871282, 43.5790359], [0.1875117, 43.5790972], [0.1872424, 43.5797519]]]}, "properties": {"kind": "bati", "section": "AB", "numero": "40", "contenance": 5515, "source": "cadastre.data.gouv.fr (PCI Vecteur Etalab) + BDTOPO_V3:foret_publique (IGN)"}}, {"type": "Feature", "geometry": {"type": "Polygon", "coordinates": [[[0.1863018, 43.5791631], [0.186209, 43.5791935], [0.1861945, 43.5791866], [0.1862042, 43.5791849], [0.1861758, 43.5791469], [0.1860936, 43.5790375], [0.1860242, 43.5790547], [0.1859337, 43.5790774], [0.1858189, 43.5789811], [0.1858894, 43.5789448], [0.1859085, 43.578935], [0.1859159, 43.5788829], [0.1859608, 43.57884], [0.186007, 43.5788122], [0.1860571, 43.5787982], [0.1861086, 43.5787871], [0.1861363, 43.5787825], [0.1862403, 43.5787759], [0.186286, 43.5787785], [0.1863319, 43.5787782], [0.1863542, 43.5787769], [0.1867075, 43.5786424], [0.1868931, 43.5787886], [0.1871282, 43.5790359], [0.1867457, 43.5789749], [0.1865189, 43.5789501], [0.186523, 43.5790393], [0.1864561, 43.5790208], [0.1863424, 43.5790843], [0.1862678, 43.5791103], [0.1862964, 43.5791545], [0.1863018, 43.5791631]]]}, "properties": {"kind": "bati", "section": "AB", "numero": "44", "contenance": 2805, "source": "cadastre.data.gouv.fr (PCI Vecteur Etalab) + BDTOPO_V3:foret_publique (IGN)"}}, {"type": "Feature", "geometry": {"type": "Polygon", "coordinates": [[[0.1841874, 43.5785088], [0.1856286, 43.5781606], [0.1857972, 43.5783638], [0.1854347, 43.5786109], [0.1858058, 43.5789315], [0.1858189, 43.5789811], [0.1859337, 43.5790774], [0.1853765, 43.5792113], [0.185238, 43.5792368], [0.1847629, 43.5792835], [0.184614, 43.5792847], [0.1845082, 43.5792579], [0.1844466, 43.5792282], [0.1843953, 43.5791593], [0.1843651, 43.5790989], [0.1843297, 43.5789609], [0.1843152, 43.5789215], [0.1842783, 43.5787492], [0.1841874, 43.5785088]]]}, "properties": {"kind": "prive_autorisation", "section": "AB", "numero": "45", "contenance": 11430, "source": "cadastre.data.gouv.fr (PCI Vecteur Etalab) + BDTOPO_V3:foret_publique (IGN)"}}, {"type": "Feature", "geometry": {"type": "Polygon", "coordinates": [[[0.1863365, 43.5778083], [0.186287, 43.57778], [0.18576, 43.5774077], [0.1857487, 43.5773937], [0.186344, 43.5772018], [0.186396, 43.5772589], [0.1864535, 43.5772756], [0.1864711, 43.5773458], [0.1865021, 43.577386], [0.1867631, 43.5775663], [0.1869369, 43.5776713], [0.1868046, 43.5776771], [0.1867553, 43.5776636], [0.1864658, 43.5775466], [0.1863612, 43.5775101], [0.186311, 43.5775131], [0.1862739, 43.5775338], [0.1862901, 43.5775674], [0.1864432, 43.5777358], [0.1863365, 43.5778083]]]}, "properties": {"kind": "prive_autorisation", "section": "AB", "numero": "47", "contenance": 2485, "source": "cadastre.data.gouv.fr (PCI Vecteur Etalab) + BDTOPO_V3:foret_publique (IGN)"}}, {"type": "Feature", "geometry": {"type": "Polygon", "coordinates": [[[0.1894417, 43.5795711], [0.1890971, 43.5792979], [0.1886506, 43.579049], [0.1882453, 43.5787832], [0.1879097, 43.5785677], [0.1880792, 43.578508], [0.1882662, 43.5785885], [0.1884131, 43.5786346], [0.1885136, 43.5787204], [0.1885911, 43.5788565], [0.1886689, 43.578893], [0.1889322, 43.5789699], [0.1891441, 43.5790595], [0.1892735, 43.5791265], [0.1893277, 43.5791833], [0.1894377, 43.5793025], [0.1895443, 43.5794233], [0.1894417, 43.5795711]]]}, "properties": {"kind": "prive_autorisation", "section": "AB", "numero": "38", "contenance": 3040, "source": "cadastre.data.gouv.fr (PCI Vecteur Etalab) + BDTOPO_V3:foret_publique (IGN)"}}, {"type": "Feature", "geometry": {"type": "Polygon", "coordinates": [[[0.1879097, 43.5785677], [0.1875316, 43.5783758], [0.1870246, 43.5780985], [0.1870657, 43.5781016], [0.1872769, 43.5781275], [0.187338, 43.5781554], [0.1874013, 43.5781804], [0.1874625, 43.5782016], [0.1875274, 43.5782653], [0.1875887, 43.5783307], [0.187639, 43.5783887], [0.1879097, 43.5785677]]]}, "properties": {"kind": "prive_autorisation", "section": "AB", "numero": "49", "contenance": 501, "source": "cadastre.data.gouv.fr (PCI Vecteur Etalab) + BDTOPO_V3:foret_publique (IGN)"}}, {"type": "Feature", "geometry": {"type": "Polygon", "coordinates": [[[0.1862218, 43.581349], [0.1863857, 43.5812294], [0.186571, 43.5810943], [0.1874192, 43.5816493], [0.1871811, 43.581965], [0.1876132, 43.582208], [0.1875978, 43.5822316], [0.1875802, 43.5822836], [0.1874937, 43.5823359], [0.1866445, 43.5819606], [0.1868327, 43.5817558], [0.1862218, 43.581349]]]}, "properties": {"kind": "prive_autorisation", "section": "AB", "numero": "28", "contenance": 5575, "source": "cadastre.data.gouv.fr (PCI Vecteur Etalab) + BDTOPO_V3:foret_publique (IGN)"}}, {"type": "Feature", "geometry": {"type": "Polygon", "coordinates": [[[0.1845988, 43.5798622], [0.1844551, 43.5797433], [0.1841209, 43.5794907], [0.184148, 43.5793884], [0.1842119, 43.5791971], [0.1842197, 43.5791836], [0.1843426, 43.5792313], [0.1844076, 43.5792745], [0.1845643, 43.5793598], [0.1847155, 43.579335], [0.1848676, 43.5793132], [0.1849621, 43.5793012], [0.1852447, 43.5792789], [0.1852946, 43.5792817], [0.185408, 43.5792699], [0.1854381, 43.5792723], [0.1845988, 43.5798622]]]}, "properties": {"kind": "prive_autorisation", "section": "AB", "numero": "42", "contenance": 3739, "source": "cadastre.data.gouv.fr (PCI Vecteur Etalab) + BDTOPO_V3:foret_publique (IGN)"}}, {"type": "Feature", "geometry": {"type": "Polygon", "coordinates": [[[0.1861945, 43.5791866], [0.1860397, 43.5791124], [0.1855131, 43.5792543], [0.1854381, 43.5792723], [0.185408, 43.5792699], [0.1852946, 43.5792817], [0.1852447, 43.5792789], [0.1849621, 43.5793012], [0.1848676, 43.5793132], [0.1847155, 43.579335], [0.1845643, 43.5793598], [0.1844076, 43.5792745], [0.1843426, 43.5792313], [0.1842197, 43.5791836], [0.1843297, 43.5789609], [0.1843651, 43.5790989], [0.1843953, 43.5791593], [0.1844466, 43.5792282], [0.1845082, 43.5792579], [0.184614, 43.5792847], [0.1847629, 43.5792835], [0.185238, 43.5792368], [0.1853765, 43.5792113], [0.1859337, 43.5790774], [0.1860242, 43.5790547], [0.1860936, 43.5790375], [0.1861758, 43.5791469], [0.1862042, 43.5791849], [0.1861945, 43.5791866]]]}, "properties": {"kind": "bati", "section": "AB", "numero": "43", "contenance": 1215, "source": "cadastre.data.gouv.fr (PCI Vecteur Etalab) + BDTOPO_V3:foret_publique (IGN)"}}, {"type": "Feature", "geometry": {"type": "Polygon", "coordinates": [[[0.1885083, 43.5806143], [0.1882575, 43.5804885], [0.1884431, 43.5801986], [0.1884776, 43.580211], [0.1887155, 43.5802971], [0.1885083, 43.5806143]]]}, "properties": {"kind": "prive_autorisation", "section": "AB", "numero": "35", "contenance": 904, "source": "cadastre.data.gouv.fr (PCI Vecteur Etalab) + BDTOPO_V3:foret_publique (IGN)"}}, {"type": "Feature", "geometry": {"type": "Polygon", "coordinates": [[[0.1862384, 43.5831471], [0.1861942, 43.5831624], [0.1860288, 43.5832116], [0.1858499, 43.5832278], [0.1852123, 43.5827799], [0.1854623, 43.5826165], [0.1858711, 43.5823777], [0.1859136, 43.5824101], [0.1862423, 43.5826089], [0.1865683, 43.58281], [0.1866464, 43.5828588], [0.1862773, 43.583103], [0.1862384, 43.5831471]]]}, "properties": {"kind": "prive_autorisation", "section": "AB", "numero": "17", "contenance": 5854, "source": "cadastre.data.gouv.fr (PCI Vecteur Etalab) + BDTOPO_V3:foret_publique (IGN)"}}, {"type": "Feature", "geometry": {"type": "Polygon", "coordinates": [[[0.1836456, 43.5807906], [0.183399, 43.5809779], [0.183182, 43.5808094], [0.1834713, 43.5804465], [0.1838102, 43.5806693], [0.1837922, 43.5806824], [0.1836456, 43.5807906]]]}, "properties": {"kind": "prive_autorisation", "section": "AB", "numero": "22", "contenance": 1392, "source": "cadastre.data.gouv.fr (PCI Vecteur Etalab) + BDTOPO_V3:foret_publique (IGN)"}}, {"type": "Feature", "geometry": {"type": "Polygon", "coordinates": [[[0.1870897, 43.5825624], [0.187079, 43.5825493], [0.1864115, 43.5821749], [0.1862489, 43.5820445], [0.1862622, 43.5820333], [0.1863005, 43.5820003], [0.1864578, 43.5818654], [0.1866445, 43.5819606], [0.1874937, 43.5823359], [0.1875802, 43.5822836], [0.1877345, 43.58234], [0.1876116, 43.582344], [0.1874649, 43.5823716], [0.1874022, 43.5824126], [0.1872695, 43.5824965], [0.187134, 43.5825781], [0.1870897, 43.5825624]]]}, "properties": {"kind": "prive_autorisation", "section": "AB", "numero": "29", "contenance": 3345, "source": "cadastre.data.gouv.fr (PCI Vecteur Etalab) + BDTOPO_V3:foret_publique (IGN)"}}, {"type": "Feature", "geometry": {"type": "Polygon", "coordinates": [[[0.1857982, 43.5816585], [0.1860046, 43.5815053], [0.1864578, 43.5818654], [0.1863005, 43.5820003], [0.1862622, 43.5820333], [0.1862489, 43.5820445], [0.18602, 43.5818582], [0.1857982, 43.5816585]]]}, "properties": {"kind": "prive_autorisation", "section": "AB", "numero": "26", "contenance": 1350, "source": "cadastre.data.gouv.fr (PCI Vecteur Etalab) + BDTOPO_V3:foret_publique (IGN)"}}, {"type": "Feature", "geometry": {"type": "Polygon", "coordinates": [[[0.1860046, 43.5815053], [0.1862218, 43.581349], [0.1868327, 43.5817558], [0.1866445, 43.5819606], [0.1864578, 43.5818654], [0.1860046, 43.5815053]]]}, "properties": {"kind": "prive_autorisation", "section": "AB", "numero": "27", "contenance": 1904, "source": "cadastre.data.gouv.fr (PCI Vecteur Etalab) + BDTOPO_V3:foret_publique (IGN)"}}, {"type": "Feature", "geometry": {"type": "Polygon", "coordinates": [[[0.187134, 43.5825781], [0.1872695, 43.5824965], [0.1874022, 43.5824126], [0.1874649, 43.5823716], [0.1876116, 43.582344], [0.1877345, 43.58234], [0.1885788, 43.5826491], [0.1884996, 43.5827901], [0.1883837, 43.5830436], [0.1882978, 43.5830074], [0.1881273, 43.5829383], [0.1879548, 43.5828718], [0.187134, 43.5825781]]]}, "properties": {"kind": "prive_autorisation", "section": "AB", "numero": "30", "contenance": 4444, "source": "cadastre.data.gouv.fr (PCI Vecteur Etalab) + BDTOPO_V3:foret_publique (IGN)"}}, {"type": "Feature", "geometry": {"type": "Polygon", "coordinates": [[[0.1876132, 43.582208], [0.1877158, 43.5820514], [0.187822, 43.581896], [0.1878864, 43.5818051], [0.1880465, 43.5815633], [0.1885268, 43.5817055], [0.1885366, 43.5817396], [0.1889314, 43.5818866], [0.1887693, 43.5821795], [0.188787, 43.5822386], [0.1887332, 43.5823715], [0.1886372, 43.58253], [0.1886287, 43.5825515], [0.1886056, 43.5826007], [0.1885788, 43.5826491], [0.1877345, 43.58234], [0.1875802, 43.5822836], [0.1875978, 43.5822316], [0.1876132, 43.582208]]]}, "properties": {"kind": "prive_autorisation", "section": "AB", "numero": "31", "contenance": 7670, "source": "cadastre.data.gouv.fr (PCI Vecteur Etalab) + BDTOPO_V3:foret_publique (IGN)"}}, {"type": "Feature", "geometry": {"type": "Polygon", "coordinates": [[[0.1868243, 43.580911], [0.1871412, 43.5806849], [0.1878547, 43.5811666], [0.1876772, 43.5813707], [0.1868243, 43.580911]]]}, "properties": {"kind": "prive_autorisation", "section": "AB", "numero": "33", "contenance": 2538, "source": "cadastre.data.gouv.fr (PCI Vecteur Etalab) + BDTOPO_V3:foret_publique (IGN)"}}, {"type": "Feature", "geometry": {"type": "Polygon", "coordinates": [[[0.1850118, 43.5847042], [0.1849572, 43.5847405], [0.1848457, 43.5849332], [0.1847438, 43.5849721], [0.1845575, 43.5849855], [0.1843785, 43.5847153], [0.1843151, 43.5845641], [0.1843836, 43.5844417], [0.1843359, 43.5843528], [0.1843155, 43.5843226], [0.1846613, 43.5841678], [0.1847964, 43.5841105], [0.1848187, 43.5841053], [0.1849427, 43.5844594], [0.1850118, 43.5847042]]]}, "properties": {"kind": "prive_autorisation", "section": "AB", "numero": "6", "contenance": 3690, "source": "cadastre.data.gouv.fr (PCI Vecteur Etalab) + BDTOPO_V3:foret_publique (IGN)"}}, {"type": "Feature", "geometry": {"type": "Polygon", "coordinates": [[[0.1843838, 43.5837277], [0.184581, 43.5840438], [0.1838369, 43.5842993], [0.1837835, 43.5841973], [0.18354, 43.583707], [0.1833431, 43.5833728], [0.1832898, 43.5832711], [0.1835523, 43.5832295], [0.1839757, 43.583095], [0.1843838, 43.5837277]]]}, "properties": {"kind": "prive_autorisation", "section": "AB", "numero": "11", "contenance": 7258, "source": "cadastre.data.gouv.fr (PCI Vecteur Etalab) + BDTOPO_V3:foret_publique (IGN)"}}, {"type": "Feature", "geometry": {"type": "Polygon", "coordinates": [[[0.1844652, 43.5831705], [0.1843362, 43.5832179], [0.1842517, 43.583102], [0.18418, 43.5830724], [0.1841075, 43.5830653], [0.1840463, 43.5830722], [0.1839757, 43.583095], [0.1835523, 43.5832295], [0.1832898, 43.5832711], [0.1832868, 43.583243], [0.1833041, 43.5832037], [0.1833148, 43.5831958], [0.1834909, 43.5831705], [0.1839973, 43.5830039], [0.1841841, 43.5829956], [0.1843231, 43.5830702], [0.1844652, 43.5831705]]]}, "properties": {"kind": "prive_autorisation", "section": "AB", "numero": "12", "contenance": 817, "source": "cadastre.data.gouv.fr (PCI Vecteur Etalab) + BDTOPO_V3:foret_publique (IGN)"}}, {"type": "Feature", "geometry": {"type": "Polygon", "coordinates": [[[0.1847111, 43.5830414], [0.1850849, 43.5833865], [0.1851119, 43.5834556], [0.1843838, 43.5837277], [0.1839757, 43.583095], [0.1840463, 43.5830722], [0.1841075, 43.5830653], [0.18418, 43.5830724], [0.1842517, 43.583102], [0.1843362, 43.5832179], [0.1844652, 43.5831705], [0.1847111, 43.5830414]]]}, "properties": {"kind": "bati", "section": "AB", "numero": "13", "contenance": 3629, "source": "cadastre.data.gouv.fr (PCI Vecteur Etalab) + BDTOPO_V3:foret_publique (IGN)"}}, {"type": "Feature", "geometry": {"type": "Polygon", "coordinates": [[[0.1847111, 43.5830414], [0.1850117, 43.5828845], [0.1852123, 43.5827799], [0.1858499, 43.5832278], [0.1854522, 43.5833121], [0.1850849, 43.5833865], [0.1847111, 43.5830414]]]}, "properties": {"kind": "prive_autorisation", "section": "AB", "numero": "14", "contenance": 3179, "source": "cadastre.data.gouv.fr (PCI Vecteur Etalab) + BDTOPO_V3:foret_publique (IGN)"}}, {"type": "Feature", "geometry": {"type": "Polygon", "coordinates": [[[0.186579, 43.5835754], [0.1862356, 43.5836496], [0.1860189, 43.5837027], [0.1856074, 43.5838111], [0.1850539, 43.583989], [0.1848264, 43.5840656], [0.1848187, 43.5841053], [0.1847964, 43.5841105], [0.1846613, 43.5841678], [0.184581, 43.5840438], [0.1843838, 43.5837277], [0.1851119, 43.5834556], [0.1850849, 43.5833865], [0.1854522, 43.5833121], [0.1858499, 43.5832278], [0.1860288, 43.5832116], [0.1861942, 43.5831624], [0.1862384, 43.5831471], [0.186579, 43.5835754]]]}, "properties": {"kind": "prive_autorisation", "section": "AB", "numero": "15", "contenance": 8875, "source": "cadastre.data.gouv.fr (PCI Vecteur Etalab) + BDTOPO_V3:foret_publique (IGN)"}}, {"type": "Feature", "geometry": {"type": "Polygon", "coordinates": [[[0.1854623, 43.5826165], [0.1852123, 43.5827799], [0.1850117, 43.5828845], [0.1848105, 43.582692], [0.1851753, 43.5824757], [0.1852249, 43.5824462], [0.1854222, 43.5825877], [0.1854623, 43.5826165]]]}, "properties": {"kind": "prive_autorisation", "section": "AB", "numero": "18", "contenance": 1209, "source": "cadastre.data.gouv.fr (PCI Vecteur Etalab) + BDTOPO_V3:foret_publique (IGN)"}}, {"type": "Feature", "geometry": {"type": "Polygon", "coordinates": [[[0.1848105, 43.582692], [0.1850117, 43.5828845], [0.1847111, 43.5830414], [0.1845199, 43.5828414], [0.1848105, 43.582692]]]}, "properties": {"kind": "prive_autorisation", "section": "AB", "numero": "19", "contenance": 789, "source": "cadastre.data.gouv.fr (PCI Vecteur Etalab) + BDTOPO_V3:foret_publique (IGN)"}}, {"type": "Feature", "geometry": {"type": "Polygon", "coordinates": [[[0.1857592, 43.586458], [0.1853187, 43.5865931], [0.1851704, 43.5866932], [0.1850916, 43.5865706], [0.1849819, 43.5863938], [0.184876, 43.5862157], [0.1847738, 43.5860365], [0.1846758, 43.5858561], [0.1847086, 43.585843], [0.1848328, 43.5857911], [0.1849546, 43.5857366], [0.184987, 43.5857178], [0.1850392, 43.5856763], [0.1851234, 43.5856019], [0.1851606, 43.585579], [0.1852646, 43.585533], [0.1857592, 43.586458]]]}, "properties": {"kind": "prive_autorisation", "section": "AB", "numero": "1", "contenance": 5731, "source": "cadastre.data.gouv.fr (PCI Vecteur Etalab) + BDTOPO_V3:foret_publique (IGN)"}}, {"type": "Feature", "geometry": {"type": "Polygon", "coordinates": [[[0.1867847, 43.5857956], [0.1863276, 43.5851099], [0.1867965, 43.5850136], [0.1872176, 43.5849239], [0.1873472, 43.5849068], [0.1875629, 43.5848629], [0.1878154, 43.5851852], [0.187847, 43.5852183], [0.1878386, 43.5852303], [0.1877649, 43.5852323], [0.1874282, 43.585438], [0.1872905, 43.5855458], [0.1867847, 43.5857956]]]}, "properties": {"kind": "prive_autorisation", "section": "AB", "numero": "3", "contenance": 6750, "source": "cadastre.data.gouv.fr (PCI Vecteur Etalab) + BDTOPO_V3:foret_publique (IGN)"}}, {"type": "Feature", "geometry": {"type": "Polygon", "coordinates": [[[0.1850118, 43.5847042], [0.1850102, 43.58473], [0.1850497, 43.5851391], [0.1852383, 43.5854848], [0.185133, 43.5855314], [0.185072, 43.5855763], [0.185, 43.5856539], [0.1845575, 43.5849855], [0.1847438, 43.5849721], [0.1848457, 43.5849332], [0.1849572, 43.5847405], [0.1850118, 43.5847042]]]}, "properties": {"kind": "prive_autorisation", "section": "AB", "numero": "7", "contenance": 2270, "source": "cadastre.data.gouv.fr (PCI Vecteur Etalab) + BDTOPO_V3:foret_publique (IGN)"}}, {"type": "Feature", "geometry": {"type": "Polygon", "coordinates": [[[0.1845575, 43.5849855], [0.185, 43.5856539], [0.184867, 43.5857304], [0.1846393, 43.5858117], [0.1841443, 43.5848826], [0.1842211, 43.5848568], [0.1841765, 43.5847762], [0.1843785, 43.5847153], [0.1845575, 43.5849855]]]}, "properties": {"kind": "prive_autorisation", "section": "AB", "numero": "8", "contenance": 3345, "source": "cadastre.data.gouv.fr (PCI Vecteur Etalab) + BDTOPO_V3:foret_publique (IGN)"}}, {"type": "Feature", "geometry": {"type": "Polygon", "coordinates": [[[0.1843359, 43.5843528], [0.1843836, 43.5844417], [0.1843151, 43.5845641], [0.1843785, 43.5847153], [0.1841765, 43.5847762], [0.1842211, 43.5848568], [0.1841443, 43.5848826], [0.184003, 43.5846149], [0.1839659, 43.5845446], [0.1839076, 43.5844339], [0.1841814, 43.5843555], [0.1841942, 43.5843753], [0.1842534, 43.5843817], [0.1843359, 43.5843528]]]}, "properties": {"kind": "prive_autorisation", "section": "AB", "numero": "9", "contenance": 1315, "source": "cadastre.data.gouv.fr (PCI Vecteur Etalab) + BDTOPO_V3:foret_publique (IGN)"}}, {"type": "Feature", "geometry": {"type": "Polygon", "coordinates": [[[0.1846613, 43.5841678], [0.1843155, 43.5843226], [0.1843359, 43.5843528], [0.1842534, 43.5843817], [0.1841942, 43.5843753], [0.1841814, 43.5843555], [0.1839076, 43.5844339], [0.1838369, 43.5842993], [0.184581, 43.5840438], [0.1846613, 43.5841678]]]}, "properties": {"kind": "prive_autorisation", "section": "AB", "numero": "10", "contenance": 1235, "source": "cadastre.data.gouv.fr (PCI Vecteur Etalab) + BDTOPO_V3:foret_publique (IGN)"}}]}