{"type": "FeatureCollection", "features": [{"type": "Feature", "geometry": {"type": "LineString", "coordinates": [[0.22784537, 43.59049141], [0.22790792, 43.59052992]]}, "properties": {"nature": "Route empierr\u00e9e", "prive": false, "acces_pieton": null, "acces_vehicule_leger": "Libre", "nom": "", "source": "BDTOPO_V3:troncon_de_route (IGN, WFS data.geopf.fr)"}}, {"type": "Feature", "geometry": {"type": "LineString", "coordinates": [[0.23382674, 43.606241], [0.23384634, 43.60616858], [0.23388347, 43.60598946], [0.23390789, 43.60591985], [0.23396407, 43.60583395], [0.23401626, 43.60577946], [0.23407283, 43.60573679], [0.23416646, 43.60567075], [0.23425191, 43.6055946], [0.23430815, 43.60553301], [0.23433409, 43.60548325], [0.23434506, 43.60543581], [0.23436054, 43.60516611], [0.2343637, 43.60504915], [0.23437816, 43.6050063], [0.23441028, 43.6049567], [0.23447386, 43.6048971], [0.2345935, 43.60480561], [0.23477003, 43.60469036], [0.23480824, 43.60466883]]}, "properties": {"nature": "Route \u00e0 1 chauss\u00e9e", "prive": false, "acces_pieton": null, "acces_vehicule_leger": "Libre", "nom": "Chemin du lac Saint-Laurent", "source": "BDTOPO_V3:troncon_de_route (IGN, WFS data.geopf.fr)"}}, {"type": "Feature", "geometry": {"type": "LineString", "coordinates": [[0.21896106, 43.60964368], [0.21886142, 43.60947547], [0.21876494, 43.60934426], [0.21860604, 43.60904398], [0.21822874, 43.60823933], [0.21795421, 43.60771731], [0.21790609, 43.60758553], [0.21787745, 43.60751187], [0.21784674, 43.60745526], [0.21782616, 43.60741962], [0.21778902, 43.60739346], [0.21775203, 43.60738981], [0.21758111, 43.60743946], [0.21743821, 43.60747361], [0.21740608, 43.60747189], [0.21739661, 43.60746264], [0.21737919, 43.60743878], [0.21736687, 43.60738625], [0.21740031, 43.60715662], [0.21738617, 43.60709054], [0.2173649, 43.60706928], [0.21711811, 43.60699724], [0.21701602, 43.6069307], [0.21695978, 43.60688964], [0.2168059, 43.60681818], [0.21670055, 43.60676776], [0.21664281, 43.60673207], [0.2165677, 43.60669683], [0.21645171, 43.60666145], [0.21629976, 43.60657562], [0.21614215, 43.60647885], [0.21594154, 43.60632335], [0.21578453, 43.60618878], [0.21576938, 43.60614338], [0.21576973, 43.60605966], [0.21577305, 43.60599132], [0.21574831, 43.60593936], [0.21569894, 43.60585887], [0.21568101, 43.60579449], [0.2156579, 43.60565794]]}, "properties": {"nature": "Chemin", "prive": false, "acces_pieton": null, "acces_vehicule_leger": "Libre", "nom": "", "source": "BDTOPO_V3:troncon_de_route (IGN, WFS data.geopf.fr)"}}, {"type": "Feature", "geometry": {"type": "LineString", "coordinates": [[0.2033309, 43.60660352], [0.20330547, 43.606439], [0.20329353, 43.60630275], [0.20326596, 43.60597882], [0.20326555, 43.60560607], [0.2032747, 43.60549466], [0.20330528, 43.60527397], [0.20332516, 43.60514573], [0.20338701, 43.60486822], [0.20341164, 43.60476982], [0.20344281, 43.60468959]]}, "properties": {"nature": "Route \u00e0 1 chauss\u00e9e", "prive": false, "acces_pieton": null, "acces_vehicule_leger": "Libre", "nom": "Route de Lupiac", "source": "BDTOPO_V3:troncon_de_route (IGN, WFS data.geopf.fr)"}}, {"type": "Feature", "geometry": {"type": "LineString", "coordinates": [[0.19194075, 43.60804281], [0.19227083, 43.60843759], [0.19248196, 43.60868073], [0.19254677, 43.60874903], [0.19258841, 43.60878432], [0.19268308, 43.60882458], [0.19273223, 43.60883306], [0.19333246, 43.60882246], [0.19396283, 43.60880363], [0.19470219, 43.60878581], [0.1951509, 43.60875688], [0.19522586, 43.60876962], [0.19571102, 43.60898383], [0.19601281, 43.60907085], [0.19610126, 43.60908663], [0.19616326, 43.60908553], [0.19618306, 43.60908604], [0.19629364, 43.60905469], [0.19636469, 43.60902051], [0.19641184, 43.60899381], [0.19647817, 43.6089298], [0.19653136, 43.60885554], [0.19657933, 43.60876135], [0.19662908, 43.60852944], [0.19664397, 43.60837677], [0.19666838, 43.60823245], [0.1967953, 43.60789179], [0.19692849, 43.60765124], [0.19699973, 43.60751173], [0.19705937, 43.60740702], [0.19711636, 43.60733107], [0.19720273, 43.60723696], [0.19739949, 43.60706467], [0.19748945, 43.60699857], [0.19761856, 43.60691727], [0.19777954, 43.60684309], [0.19818304, 43.60669954], [0.19843139, 43.60661231], [0.19877633, 43.60647535], [0.19915737, 43.60630961], [0.19943593, 43.60618715], [0.19971675, 43.60606924], [0.19999712, 43.60593512], [0.20060632, 43.60576535], [0.20077384, 43.60570935], [0.20106817, 43.60556838], [0.20117382, 43.60551078], [0.20128096, 43.6054226], [0.20145033, 43.6052523], [0.20160641, 43.60507536], [0.20164714, 43.605053], [0.20166734, 43.60504542], [0.20183177, 43.60500193], [0.20235736, 43.60489483], [0.20287721, 43.60477857], [0.20332371, 43.60469283], [0.20337355, 43.60468691], [0.20344281, 43.60468959]]}, "properties": {"nature": "Route \u00e0 1 chauss\u00e9e", "prive": false, "acces_pieton": null, "acces_vehicule_leger": "Libre", "nom": "CHE DE COSSOU", "source": "BDTOPO_V3:troncon_de_route (IGN, WFS data.geopf.fr)"}}, {"type": "Feature", "geometry": {"type": "LineString", "coordinates": [[0.19155219, 43.60664084], [0.19176967, 43.60642498], [0.1918831, 43.60630997], [0.19191756, 43.60626404], [0.1919587, 43.60620838], [0.19206857, 43.60601405], [0.19221524, 43.60570092], [0.19229607, 43.60549234]]}, "properties": {"nature": "Route \u00e0 1 chauss\u00e9e", "prive": false, "acces_pieton": null, "acces_vehicule_leger": "Libre", "nom": "Route de Bassoues", "source": "BDTOPO_V3:troncon_de_route (IGN, WFS data.geopf.fr)"}}, {"type": "Feature", "geometry": {"type": "LineString", "coordinates": [[0.18617611, 43.60641257], [0.18631611, 43.6064126], [0.18643407, 43.60640755], [0.18648264, 43.60640251], [0.18660748, 43.60635802], [0.18668257, 43.60634286], [0.18690778, 43.60632348], [0.18709667, 43.60631217], [0.18734225, 43.60628161], [0.18783037, 43.60623213], [0.18830183, 43.60616871], [0.18855546, 43.60612575], [0.18909836, 43.60599485], [0.18940254, 43.60593159], [0.18966894, 43.60588087], [0.18994241, 43.60583752], [0.19035574, 43.60577169], [0.19055541, 43.60574264], [0.19084058, 43.60568789], [0.19113, 43.60564766], [0.1913956, 43.60561311], [0.19170482, 43.60557339], [0.19209115, 43.60550234], [0.19218603, 43.60548769], [0.19223331, 43.60548351], [0.19229607, 43.60549234]]}, "properties": {"nature": "Route \u00e0 1 chauss\u00e9e", "prive": false, "acces_pieton": null, "acces_vehicule_leger": "Libre", "nom": "Impasse de Guillanne", "source": "BDTOPO_V3:troncon_de_route (IGN, WFS data.geopf.fr)"}}, {"type": "Feature", "geometry": {"type": "LineString", "coordinates": [[0.1718788, 43.60468263], [0.17169158, 43.60476059], [0.17163254, 43.60477706], [0.17134757, 43.60480205], [0.17091041, 43.60482308], [0.17070226, 43.60482306], [0.1705813, 43.60481361], [0.17037418, 43.60476769], [0.17023189, 43.60471357]]}, "properties": {"nature": "Chemin", "prive": false, "acces_pieton": null, "acces_vehicule_leger": "Libre", "nom": "", "source": "BDTOPO_V3:troncon_de_route (IGN, WFS data.geopf.fr)"}}, {"type": "Feature", "geometry": {"type": "LineString", "coordinates": [[0.17023189, 43.60471357], [0.17015155, 43.60468446], [0.16994857, 43.60468008], [0.16972164, 43.60468407], [0.16959926, 43.60470339], [0.16945952, 43.60474836], [0.16931795, 43.604805], [0.16920816, 43.60487056], [0.16912242, 43.60492595], [0.16904918, 43.60495375], [0.16895473, 43.6049846], [0.16887633, 43.60499156], [0.16877884, 43.60498362], [0.16863359, 43.60496453], [0.1685464, 43.60494875], [0.16852563, 43.60494281], [0.16849027, 43.60493108], [0.16847706, 43.60492263]]}, "properties": {"nature": "Route empierr\u00e9e", "prive": false, "acces_pieton": null, "acces_vehicule_leger": "Libre", "nom": "", "source": "BDTOPO_V3:troncon_de_route (IGN, WFS data.geopf.fr)"}}, {"type": "Feature", "geometry": {"type": "LineString", "coordinates": [[0.17248487, 43.60990601], [0.17239118, 43.60987116], [0.17219103, 43.60975881], [0.17200715, 43.60961807], [0.17186309, 43.60947386], [0.17078131, 43.60831936], [0.17035349, 43.60784904], [0.17018873, 43.60764757], [0.16993677, 43.60740512], [0.16958517, 43.60709794], [0.16954214, 43.607041], [0.16950149, 43.60698592], [0.16946964, 43.60692837], [0.16944843, 43.60688099], [0.16940398, 43.60682762], [0.16929683, 43.60673929], [0.1690037, 43.60647775], [0.16892509, 43.60638837], [0.16883858, 43.60630869], [0.16880707, 43.60626915], [0.16875401, 43.60618944], [0.16870529, 43.60609723], [0.16867411, 43.60597577], [0.16861559, 43.60580588], [0.16856892, 43.60559669], [0.16852097, 43.60541357], [0.16849882, 43.60523472], [0.16847921, 43.60500462], [0.16847737, 43.60494155], [0.16847706, 43.60492263]]}, "properties": {"nature": "Route \u00e0 1 chauss\u00e9e", "prive": false, "acces_pieton": null, "acces_vehicule_leger": "Libre", "nom": "Chemin du lac de Bourges", "source": "BDTOPO_V3:troncon_de_route (IGN, WFS data.geopf.fr)"}}, {"type": "Feature", "geometry": {"type": "LineString", "coordinates": [[0.16336396, 43.60441648], [0.16325375, 43.60451534], [0.16309457, 43.60465253], [0.16294887, 43.60476757], [0.16278422, 43.60489022], [0.16268025, 43.60496314]]}, "properties": {"nature": "Route \u00e0 1 chauss\u00e9e", "prive": false, "acces_pieton": null, "acces_vehicule_leger": "Libre", "nom": "Route de Mondebat", "source": "BDTOPO_V3:troncon_de_route (IGN, WFS data.geopf.fr)"}}, {"type": "Feature", "geometry": {"type": "LineString", "coordinates": [[0.15952181, 43.60514259], [0.15947581, 43.60514588], [0.15932373, 43.60516442], [0.15911852, 43.60520497], [0.15884529, 43.60526805], [0.15856464, 43.60533093], [0.15837701, 43.60539175], [0.15820344, 43.60544393], [0.15805586, 43.60549679], [0.15793528, 43.60552965], [0.15773189, 43.60555854], [0.15748634, 43.60558813], [0.1571546, 43.60563167]]}, "properties": {"nature": "Route \u00e0 1 chauss\u00e9e", "prive": false, "acces_pieton": null, "acces_vehicule_leger": "Libre", "nom": "Route de Mondebat", "source": "BDTOPO_V3:troncon_de_route (IGN, WFS data.geopf.fr)"}}, {"type": "Feature", "geometry": {"type": "LineString", "coordinates": [[0.15981026, 43.60514743], [0.15964105, 43.6051367], [0.15952181, 43.60514259]]}, "properties": {"nature": "Route \u00e0 1 chauss\u00e9e", "prive": false, "acces_pieton": null, "acces_vehicule_leger": "Libre", "nom": "Route de Mondebat", "source": "BDTOPO_V3:troncon_de_route (IGN, WFS data.geopf.fr)"}}, {"type": "Feature", "geometry": {"type": "LineString", "coordinates": [[0.1571546, 43.60563167], [0.15704981, 43.60564603], [0.15689252, 43.60566983], [0.15666582, 43.60571881], [0.15646755, 43.60576944]]}, "properties": {"nature": "Route \u00e0 1 chauss\u00e9e", "prive": false, "acces_pieton": null, "acces_vehicule_leger": "Libre", "nom": "Route de Mondebat", "source": "BDTOPO_V3:troncon_de_route (IGN, WFS data.geopf.fr)"}}, {"type": "Feature", "geometry": {"type": "LineString", "coordinates": [[0.16168129, 43.60527016], [0.16160045, 43.60527616], [0.16148882, 43.60527864], [0.16130762, 43.60528471]]}, "properties": {"nature": "Route \u00e0 1 chauss\u00e9e", "prive": false, "acces_pieton": null, "acces_vehicule_leger": "Libre", "nom": "Route de Mondebat", "source": "BDTOPO_V3:troncon_de_route (IGN, WFS data.geopf.fr)"}}, {"type": "Feature", "geometry": {"type": "LineString", "coordinates": [[0.16211878, 43.60519246], [0.16206986, 43.60520469], [0.16179734, 43.60525339], [0.16168624, 43.60527029], [0.16168129, 43.60527016]]}, "properties": {"nature": "Route \u00e0 1 chauss\u00e9e", "prive": false, "acces_pieton": null, "acces_vehicule_leger": "Libre", "nom": "Route de Mondebat", "source": "BDTOPO_V3:troncon_de_route (IGN, WFS data.geopf.fr)"}}, {"type": "Feature", "geometry": {"type": "LineString", "coordinates": [[0.16228144, 43.60566129], [0.16238102, 43.60562698], [0.16247, 43.60558158], [0.16253816, 43.60553115], [0.16263759, 43.60539959], [0.16271078, 43.60527275], [0.1627825, 43.60515038], [0.16278752, 43.60507398], [0.16275099, 43.6050109], [0.16273089, 43.60499147], [0.16270455, 43.60497277], [0.16268025, 43.60496314]]}, "properties": {"nature": "Route empierr\u00e9e", "prive": false, "acces_pieton": null, "acces_vehicule_leger": "Libre", "nom": null, "source": "BDTOPO_V3:troncon_de_route (IGN, WFS data.geopf.fr)"}}, {"type": "Feature", "geometry": {"type": "LineString", "coordinates": [[0.16130762, 43.60528471], [0.16127784, 43.60528573], [0.16105002, 43.60528248], [0.16083953, 43.60527968], [0.16061132, 43.60525931], [0.16039628, 43.60522307], [0.16017498, 43.60518848], [0.15996715, 43.60515693], [0.15981026, 43.60514743]]}, "properties": {"nature": "Route \u00e0 1 chauss\u00e9e", "prive": false, "acces_pieton": null, "acces_vehicule_leger": "Libre", "nom": "Route de Mondebat", "source": "BDTOPO_V3:troncon_de_route (IGN, WFS data.geopf.fr)"}}, {"type": "Feature", "geometry": {"type": "LineString", "coordinates": [[0.16268025, 43.60496314], [0.16264688, 43.60498657], [0.16254468, 43.60504873], [0.16245548, 43.60509862], [0.1623559, 43.60513293], [0.16211878, 43.60519246]]}, "properties": {"nature": "Route \u00e0 1 chauss\u00e9e", "prive": false, "acces_pieton": null, "acces_vehicule_leger": "Libre", "nom": "Route de Mondebat", "source": "BDTOPO_V3:troncon_de_route (IGN, WFS data.geopf.fr)"}}, {"type": "Feature", "geometry": {"type": "LineString", "coordinates": [[0.15593819, 43.60597527], [0.15591303, 43.60590799], [0.15588524, 43.60579381], [0.15585629, 43.60570302], [0.15581395, 43.60560738], [0.15575972, 43.60550151], [0.15573647, 43.60542077], [0.15572038, 43.60532041], [0.15572435, 43.60524039], [0.15571654, 43.60512314], [0.15571503, 43.60502856], [0.15569895, 43.6049282], [0.15567044, 43.60482842], [0.15563593, 43.60472487], [0.15559113, 43.60460395], [0.15552053, 43.60445354], [0.15541571, 43.60424372], [0.1552975, 43.60402904], [0.15522499, 43.6039173], [0.15514709, 43.60378921], [0.15505743, 43.60367342], [0.1550028, 43.60360086]]}, "properties": {"nature": "Route \u00e0 1 chauss\u00e9e", "prive": false, "acces_pieton": null, "acces_vehicule_leger": "Libre", "nom": "Chemin de Lagut", "source": "BDTOPO_V3:troncon_de_route (IGN, WFS data.geopf.fr)"}}, {"type": "Feature", "geometry": {"type": "LineString", "coordinates": [[0.1550028, 43.60360086], [0.15495481, 43.6035942], [0.1549252, 43.60359162], [0.15480713, 43.60357412], [0.154488, 43.60351354], [0.15426617, 43.60346452], [0.1539398, 43.60340014], [0.15368108, 43.60334564], [0.15340936, 43.60330341], [0.1529904, 43.60325731], [0.15254558, 43.60323305], [0.15217326, 43.60322059], [0.15184253, 43.60321912], [0.15151811, 43.60324032], [0.15132317, 43.60324871], [0.15109576, 43.60323735], [0.15103214, 43.60322127], [0.15097483, 43.60320266], [0.15090161, 43.60318003], [0.1507149, 43.6030977], [0.15064673, 43.60307341], [0.15059367, 43.6030441], [0.15055435, 43.60301246], [0.15053072, 43.60298933], [0.15049221, 43.6029415], [0.15045795, 43.60288298], [0.15040127, 43.60277705], [0.1503102, 43.60251536], [0.15028604, 43.60247782], [0.15019471, 43.60237098], [0.15016609, 43.60234862], [0.15012734, 43.6023305], [0.14992143, 43.60221075], [0.14978674, 43.60212888], [0.14958132, 43.60199924], [0.14941203, 43.60191557], [0.14928355, 43.60185818], [0.14905607, 43.60174866], [0.14894095, 43.60167181], [0.14885204, 43.60159115], [0.14860691, 43.60136323], [0.14832642, 43.60114878], [0.14791496, 43.60085257], [0.14762784, 43.60064695], [0.14747727, 43.60053585]]}, "properties": {"nature": "Route \u00e0 1 chauss\u00e9e", "prive": false, "acces_pieton": null, "acces_vehicule_leger": "Libre", "nom": "Chemin de Lagut", "source": "BDTOPO_V3:troncon_de_route (IGN, WFS data.geopf.fr)"}}, {"type": "Feature", "geometry": {"type": "LineString", "coordinates": [[0.20145744, 43.59863146], [0.20135006, 43.59849634], [0.20112876, 43.59823314], [0.20087993, 43.59795033]]}, "properties": {"nature": "Route \u00e0 1 chauss\u00e9e", "prive": false, "acces_pieton": null, "acces_vehicule_leger": "Libre", "nom": "Route de Lupiac", "source": "BDTOPO_V3:troncon_de_route (IGN, WFS data.geopf.fr)"}}, {"type": "Feature", "geometry": {"type": "LineString", "coordinates": [[0.23487419, 43.60232428], [0.23483894, 43.60215592], [0.23478744, 43.60199075], [0.23469852, 43.60175351], [0.23461862, 43.60150929], [0.23454488, 43.60129133], [0.23446544, 43.60106333], [0.23433427, 43.60067465], [0.23420489, 43.60030043], [0.23404492, 43.59986691], [0.23394249, 43.5995762], [0.23385172, 43.5993263], [0.23377455, 43.59907674], [0.23374296, 43.59893549], [0.23369993, 43.59869761], [0.2336662, 43.59849778], [0.23361943, 43.5982346], [0.23356178, 43.59791442], [0.23352203, 43.59768563], [0.23348075, 43.59748831], [0.23342899, 43.59717458], [0.23338256, 43.59685289], [0.23332635, 43.59655435], [0.23329769, 43.59637806], [0.23324148, 43.59623348], [0.23319937, 43.59613067], [0.23309476, 43.59585971], [0.2329868, 43.59560667], [0.2327549, 43.59514971], [0.23234051, 43.59434147]]}, "properties": {"nature": "Route \u00e0 1 chauss\u00e9e", "prive": false, "acces_pieton": null, "acces_vehicule_leger": "Libre", "nom": "Route de Belmont", "source": "BDTOPO_V3:troncon_de_route (IGN, WFS data.geopf.fr)"}}, {"type": "Feature", "geometry": {"type": "LineString", "coordinates": [[0.22962832, 43.60687137], [0.2296106, 43.6068277], [0.2295773, 43.60674762], [0.22951354, 43.60660555], [0.22946428, 43.60652236], [0.22939878, 43.60646757], [0.22932436, 43.60641795], [0.22922396, 43.60636768], [0.22908011, 43.60631899], [0.22887721, 43.6062616], [0.22830858, 43.60608053], [0.22781523, 43.60590588], [0.22744062, 43.60576127], [0.22735582, 43.60572129], [0.22730921, 43.60568589], [0.22729141, 43.60564402], [0.22728846, 43.60555121], [0.22729092, 43.60547475], [0.22732629, 43.60543514], [0.22741775, 43.60541406], [0.22755337, 43.60540222], [0.22813908, 43.60540906], [0.22835355, 43.60540643], [0.2284357, 43.60539863], [0.22851006, 43.60537261], [0.22858532, 43.60532772], [0.22866748, 43.60526859], [0.22874346, 43.60523452], [0.22892641, 43.60516626], [0.22901064, 43.60511529], [0.22906344, 43.60504821], [0.22910281, 43.60492587], [0.22913351, 43.60454672], [0.22909754, 43.60444497], [0.22904368, 43.60435446], [0.22892107, 43.60422529], [0.22868586, 43.60404192], [0.22848966, 43.60389737], [0.22841322, 43.60386391], [0.22828711, 43.60383278], [0.22820618, 43.60381541], [0.22803555, 43.60380835], [0.22788667, 43.60381266], [0.22713629, 43.60382951], [0.22680803, 43.60382834], [0.22662964, 43.60385349], [0.2263792, 43.60390832], [0.22623175, 43.60393426], [0.22610916, 43.60393293], [0.22601768, 43.6039288], [0.22578268, 43.60389489], [0.22557421, 43.60387606], [0.22528288, 43.60385421], [0.22521803, 43.60383725], [0.22517599, 43.60381006], [0.22512812, 43.60374942], [0.22506285, 43.60363881], [0.22504219, 43.60360497], [0.22499762, 43.60357863], [0.22483772, 43.60355473], [0.22470419, 43.60352341], [0.22453715, 43.60346782], [0.22436763, 43.60341217], [0.22425125, 43.60338489], [0.22417898, 43.60336774], [0.22413159, 43.60334852], [0.22411742, 43.60330854], [0.22412941, 43.60326564], [0.22418538, 43.60323555], [0.22425899, 43.60322483], [0.22443108, 43.60322743], [0.22460362, 43.60324624], [0.22489925, 43.60328171], [0.22509154, 43.60330192], [0.22528471, 43.60330416], [0.22542365, 43.60330051], [0.22563362, 43.60326265], [0.2260215, 43.60315822], [0.22637069, 43.60303389], [0.22669129, 43.60296285], [0.22696292, 43.60293107], [0.22712308, 43.60289825], [0.22731556, 43.60281223], [0.2275899, 43.60264727], [0.22794181, 43.60244107], [0.22821712, 43.60233286], [0.22834435, 43.60228929], [0.22843664, 43.60225113], [0.2285256, 43.60220478], [0.22860197, 43.60216262]]}, "properties": {"nature": "Chemin", "prive": false, "acces_pieton": null, "acces_vehicule_leger": "Libre", "nom": null, "source": "BDTOPO_V3:troncon_de_route (IGN, WFS data.geopf.fr)"}}, {"type": "Feature", "geometry": {"type": "LineString", "coordinates": [[0.21648109, 43.6014097], [0.21673086, 43.6014197], [0.21685393, 43.60141115], [0.21704379, 43.6013791], [0.21733621, 43.60132717], [0.21763762, 43.60129438], [0.21823875, 43.60123775], [0.21879132, 43.60118618], [0.21944273, 43.60111463], [0.22009831, 43.60108459], [0.22034865, 43.6010829]]}, "properties": {"nature": "Chemin", "prive": false, "acces_pieton": null, "acces_vehicule_leger": "Libre", "nom": "", "source": "BDTOPO_V3:troncon_de_route (IGN, WFS data.geopf.fr)"}}, {"type": "Feature", "geometry": {"type": "LineString", "coordinates": [[0.21544114, 43.60088426], [0.21549188, 43.60088556], [0.21562203, 43.60090961], [0.21578743, 43.60097327], [0.21604308, 43.60114278], [0.21614603, 43.60119134], [0.21625189, 43.60123096], [0.21632713, 43.6012635], [0.21642051, 43.60135593], [0.21648109, 43.6014097]]}, "properties": {"nature": "Route \u00e0 1 chauss\u00e9e", "prive": false, "acces_pieton": null, "acces_vehicule_leger": "Libre", "nom": "Chemin de Baccarisse", "source": "BDTOPO_V3:troncon_de_route (IGN, WFS data.geopf.fr)"}}, {"type": "Feature", "geometry": {"type": "LineString", "coordinates": [[0.21648109, 43.6014097], [0.21649355, 43.60148475], [0.21647517, 43.6015572], [0.21633235, 43.60192177], [0.21619058, 43.60257088], [0.21606143, 43.60296011], [0.21599694, 43.60301247], [0.21584711, 43.60306175], [0.21581779, 43.60310422], [0.21581452, 43.60317166], [0.21581723, 43.60319243], [0.21582826, 43.60345021]]}, "properties": {"nature": "Chemin", "prive": false, "acces_pieton": null, "acces_vehicule_leger": "Libre", "nom": null, "source": "BDTOPO_V3:troncon_de_route (IGN, WFS data.geopf.fr)"}}, {"type": "Feature", "geometry": {"type": "LineString", "coordinates": [[0.20707202, 43.59860312], [0.20709565, 43.59857582], [0.2071363, 43.59855526], [0.20719139, 43.59854317], [0.20747807, 43.59850733], [0.20775043, 43.59846031], [0.20797552, 43.59836616], [0.20813347, 43.5983027], [0.20844459, 43.59819725], [0.20894071, 43.59805785], [0.20939486, 43.59794077], [0.20983462, 43.59783953], [0.20991096, 43.59782349], [0.21013506, 43.59777522], [0.2105355, 43.59761625], [0.21075929, 43.59749775], [0.21079352, 43.59745631], [0.21079099, 43.59743194], [0.21076074, 43.59739155], [0.21074342, 43.5973911], [0.21062828, 43.59741516]]}, "properties": {"nature": "Route \u00e0 1 chauss\u00e9e", "prive": false, "acces_pieton": null, "acces_vehicule_leger": "Libre", "nom": null, "source": "BDTOPO_V3:troncon_de_route (IGN, WFS data.geopf.fr)"}}, {"type": "Feature", "geometry": {"type": "LineString", "coordinates": [[0.20707202, 43.59860312], [0.20711812, 43.59862322], [0.20723857, 43.59869384], [0.20739199, 43.59879952], [0.20755131, 43.59893686], [0.20791085, 43.59926212], [0.20810641, 43.59949493], [0.20834296, 43.59977651], [0.20847056, 43.59992925], [0.2085786, 43.60002566], [0.20867952, 43.60009037], [0.2087578, 43.6001365], [0.20884479, 43.60018195], [0.2089381, 43.60022487], [0.20917758, 43.60026793], [0.20956846, 43.60030589], [0.20997471, 43.60033343], [0.21022766, 43.60035433], [0.21067144, 43.60039994], [0.21097975, 43.60040336], [0.21140308, 43.60038542], [0.21176677, 43.60039656], [0.21220719, 43.60043487], [0.21266097, 43.60050414], [0.21290673, 43.60054556], [0.21329079, 43.60062204], [0.21368374, 43.60071945], [0.21392346, 43.60078322], [0.21409168, 43.60083975], [0.21428676, 43.60087897], [0.21444908, 43.60090384], [0.2145924, 43.60091202], [0.21474088, 43.60091583], [0.21496306, 43.60090712], [0.2151917, 43.60089317], [0.21541397, 43.60088267], [0.21544114, 43.60088426]]}, "properties": {"nature": "Route \u00e0 1 chauss\u00e9e", "prive": false, "acces_pieton": null, "acces_vehicule_leger": "Libre", "nom": "Chemin de Baccarisse", "source": "BDTOPO_V3:troncon_de_route (IGN, WFS data.geopf.fr)"}}, {"type": "Feature", "geometry": {"type": "LineString", "coordinates": [[0.20344281, 43.60468959], [0.20349821, 43.60454427], [0.20351238, 43.60450772], [0.20358946, 43.60429903], [0.2036734, 43.60410221], [0.2037057, 43.60399861], [0.20373732, 43.60383286], [0.20374234, 43.60378077]]}, "properties": {"nature": "Route \u00e0 1 chauss\u00e9e", "prive": false, "acces_pieton": null, "acces_vehicule_leger": "Libre", "nom": "Route de Lupiac", "source": "BDTOPO_V3:troncon_de_route (IGN, WFS data.geopf.fr)"}}, {"type": "Feature", "geometry": {"type": "LineString", "coordinates": [[0.20066681, 43.59769725], [0.20059666, 43.59761171], [0.20053813, 43.59754178], [0.20043181, 43.59741029], [0.20019699, 43.59711973], [0.20014256, 43.59701659], [0.20013394, 43.59699026]]}, "properties": {"nature": "Route \u00e0 1 chauss\u00e9e", "prive": false, "acces_pieton": null, "acces_vehicule_leger": "Libre", "nom": "Route de Lupiac", "source": "BDTOPO_V3:troncon_de_route (IGN, WFS data.geopf.fr)"}}, {"type": "Feature", "geometry": {"type": "LineString", "coordinates": [[0.20252841, 43.59831422], [0.20256885, 43.59832337], [0.20262276, 43.59833556], [0.2028827, 43.59839087], [0.20323689, 43.59844411], [0.20339049, 43.59844446], [0.20369034, 43.59841797], [0.20398059, 43.59835972], [0.20433867, 43.59830772], [0.20487527, 43.5982531], [0.20531348, 43.59823467], [0.20566654, 43.59823475], [0.20571334, 43.59824046], [0.20580556, 43.59825453], [0.20588034, 43.59827086], [0.2060153, 43.59829774], [0.20627048, 43.59837453], [0.20657577, 43.59846522], [0.20683417, 43.59852678], [0.2068891, 43.5985435], [0.20703812, 43.59858695], [0.20707202, 43.59860312]]}, "properties": {"nature": "Route \u00e0 1 chauss\u00e9e", "prive": false, "acces_pieton": null, "acces_vehicule_leger": "Libre", "nom": "Chemin de Baccarisse", "source": "BDTOPO_V3:troncon_de_route (IGN, WFS data.geopf.fr)"}}, {"type": "Feature", "geometry": {"type": "LineString", "coordinates": [[0.20252841, 43.59831422], [0.20213395, 43.59822303], [0.20170826, 43.59813734], [0.20141951, 43.59806327], [0.20124901, 43.59800306], [0.20112632, 43.59795308], [0.20101795, 43.59788906], [0.20082998, 43.59778068], [0.20070919, 43.59769204], [0.20068696, 43.59769056], [0.20066681, 43.59769725]]}, "properties": {"nature": "Route \u00e0 1 chauss\u00e9e", "prive": false, "acces_pieton": null, "acces_vehicule_leger": "Libre", "nom": "Chemin de Baccarisse", "source": "BDTOPO_V3:troncon_de_route (IGN, WFS data.geopf.fr)"}}, {"type": "Feature", "geometry": {"type": "LineString", "coordinates": [[0.20023692, 43.59734224], [0.20034841, 43.59746936], [0.20057589, 43.59773272], [0.20070665, 43.59789635], [0.20075611, 43.59794894], [0.20078528, 43.5979605], [0.20081105, 43.59796566], [0.20083464, 43.59796447], [0.20087993, 43.59795033]]}, "properties": {"nature": "Route \u00e0 1 chauss\u00e9e", "prive": false, "acces_pieton": null, "acces_vehicule_leger": "Libre", "nom": "", "source": "BDTOPO_V3:troncon_de_route (IGN, WFS data.geopf.fr)"}}, {"type": "Feature", "geometry": {"type": "LineString", "coordinates": [[0.20145744, 43.59863146], [0.20163276, 43.59856755], [0.20187622, 43.5985036], [0.20242936, 43.59836389], [0.20247584, 43.59835068], [0.20250619, 43.59833796], [0.20252841, 43.59831422]]}, "properties": {"nature": "Route \u00e0 1 chauss\u00e9e", "prive": false, "acces_pieton": null, "acces_vehicule_leger": "Libre", "nom": "Chemin de Baccarisse", "source": "BDTOPO_V3:troncon_de_route (IGN, WFS data.geopf.fr)"}}, {"type": "Feature", "geometry": {"type": "LineString", "coordinates": [[0.20374234, 43.60378077], [0.20395352, 43.60374389], [0.20441565, 43.60364234], [0.20474693, 43.60358155], [0.20505197, 43.60352547], [0.20529306, 43.60348486], [0.20561777, 43.60343199], [0.20606841, 43.60336255], [0.20640301, 43.60330994], [0.20667327, 43.60328088], [0.20691844, 43.60325837], [0.20714465, 43.60324348], [0.20730856, 43.60323599], [0.20764534, 43.60321494], [0.20786555, 43.6032215], [0.2079641, 43.60323303]]}, "properties": {"nature": "Route \u00e0 1 chauss\u00e9e", "prive": false, "acces_pieton": null, "acces_vehicule_leger": "Libre", "nom": "Impasse de Lamoul\u00e8re", "source": "BDTOPO_V3:troncon_de_route (IGN, WFS data.geopf.fr)"}}, {"type": "Feature", "geometry": {"type": "LineString", "coordinates": [[0.20374234, 43.60378077], [0.20375637, 43.60359476], [0.20375573, 43.60342999], [0.20375022, 43.60326328], [0.20374181, 43.60320725], [0.20371471, 43.6030769], [0.20364078, 43.60286522], [0.20353495, 43.60264732], [0.20342751, 43.60241136], [0.20332074, 43.60216192], [0.20326107, 43.60201363], [0.20318625, 43.60179473], [0.20306938, 43.601473], [0.20292562, 43.60111817], [0.20280907, 43.60081536], [0.20270878, 43.60053458], [0.20260029, 43.60026979], [0.20254558, 43.60014683], [0.20248734, 43.6000454], [0.20241067, 43.59991557], [0.20229867, 43.59974793], [0.20216595, 43.59957345], [0.20203331, 43.59937196], [0.20194338, 43.59923459], [0.20178754, 43.5990262], [0.20158574, 43.59879502], [0.20145744, 43.59863146]]}, "properties": {"nature": "Route \u00e0 1 chauss\u00e9e", "prive": false, "acces_pieton": null, "acces_vehicule_leger": "Libre", "nom": "Route de Lupiac", "source": "BDTOPO_V3:troncon_de_route (IGN, WFS data.geopf.fr)"}}, {"type": "Feature", "geometry": {"type": "LineString", "coordinates": [[0.20087993, 43.59795033], [0.20085296, 43.59791902], [0.20066681, 43.59769725]]}, "properties": {"nature": "Route \u00e0 1 chauss\u00e9e", "prive": false, "acces_pieton": null, "acces_vehicule_leger": "Libre", "nom": "Route de Lupiac", "source": "BDTOPO_V3:troncon_de_route (IGN, WFS data.geopf.fr)"}}, {"type": "Feature", "geometry": {"type": "LineString", "coordinates": [[0.19480809, 43.59828615], [0.19501594, 43.59821589], [0.19534338, 43.59808119], [0.19561885, 43.59789474], [0.19574578, 43.59780708], [0.19587018, 43.59769505], [0.19595857, 43.59758479], [0.19604551, 43.597479], [0.19618454, 43.59737185]]}, "properties": {"nature": "Route empierr\u00e9e", "prive": false, "acces_pieton": null, "acces_vehicule_leger": "Libre", "nom": "", "source": "BDTOPO_V3:troncon_de_route (IGN, WFS data.geopf.fr)"}}, {"type": "Feature", "geometry": {"type": "LineString", "coordinates": [[0.19502871, 43.60076686], [0.19516968, 43.60059494], [0.19538686, 43.60035925], [0.19551399, 43.60019147], [0.1955412, 43.60014176], [0.19559093, 43.60001159], [0.19566372, 43.59971366], [0.1957492, 43.59928281], [0.19591008, 43.59855139], [0.1960628, 43.59788549], [0.19611351, 43.59763381], [0.19615637, 43.59746655], [0.19618454, 43.59737185]]}, "properties": {"nature": "Route \u00e0 1 chauss\u00e9e", "prive": false, "acces_pieton": null, "acces_vehicule_leger": "Libre", "nom": "Route de Bassoues", "source": "BDTOPO_V3:troncon_de_route (IGN, WFS data.geopf.fr)"}}, {"type": "Feature", "geometry": {"type": "LineString", "coordinates": [[0.19238477, 43.60527495], [0.19249805, 43.60488443], [0.19267208, 43.60423978], [0.19280503, 43.60385247], [0.19285485, 43.60374572], [0.19292426, 43.60364398], [0.19299614, 43.60356751], [0.19316214, 43.60341604], [0.19335369, 43.60329944], [0.19362261, 43.60314613], [0.19396496, 43.60293529], [0.19431504, 43.60271835], [0.19467379, 43.60250164], [0.19493319, 43.60231477], [0.19503847, 43.60221395], [0.19507708, 43.60215912], [0.19510968, 43.60210054], [0.19512832, 43.6020488], [0.19513922, 43.60200317], [0.19515462, 43.60191623], [0.19515761, 43.60182988], [0.1950895, 43.60160124], [0.19498674, 43.60134649], [0.19494339, 43.6011689], [0.19492613, 43.60109103], [0.19492797, 43.60102805], [0.19492981, 43.60096508], [0.19493661, 43.60092744], [0.1949564, 43.60087753], [0.1950075, 43.60079512], [0.19502871, 43.60076686]]}, "properties": {"nature": "Route \u00e0 1 chauss\u00e9e", "prive": false, "acces_pieton": null, "acces_vehicule_leger": "Libre", "nom": "Route de Bassoues", "source": "BDTOPO_V3:troncon_de_route (IGN, WFS data.geopf.fr)"}}, {"type": "Feature", "geometry": {"type": "LineString", "coordinates": [[0.18900357, 43.60315093], [0.18891414, 43.60320624], [0.18882987, 43.60325718], [0.18874185, 43.60330892], [0.18866558, 43.60334836], [0.18860892, 43.6033667], [0.18851656, 43.60338052], [0.18846331, 43.60338004], [0.18823153, 43.60338214], [0.18816749, 43.60337418], [0.18799836, 43.60333649], [0.18776294, 43.60328628], [0.1875791, 43.60324551], [0.18740224, 43.60318871], [0.18729631, 43.60315085], [0.18705784, 43.60308705], [0.18697586, 43.60306602], [0.18673033, 43.60302005], [0.18662559, 43.60300833], [0.18648714, 43.60300204], [0.18626786, 43.60300177], [0.18598631, 43.60300798], [0.18573353, 43.60300863], [0.18521419, 43.60301318], [0.1849596, 43.60302549], [0.18481169, 43.60303516], [0.18468592, 43.60304811], [0.18457222, 43.60306767], [0.1844499, 43.60311131], [0.18438427, 43.60313572], [0.1842696, 43.60317507], [0.18406565, 43.60324091], [0.18403295, 43.60325086]]}, "properties": {"nature": "Route empierr\u00e9e", "prive": false, "acces_pieton": null, "acces_vehicule_leger": "Libre", "nom": "Impasse des Tulipes", "source": "BDTOPO_V3:troncon_de_route (IGN, WFS data.geopf.fr)"}}, {"type": "Feature", "geometry": {"type": "LineString", "coordinates": [[0.18184704, 43.60363713], [0.18186344, 43.60365647], [0.18187157, 43.60369269], [0.18188743, 43.60374802], [0.18193636, 43.60381142], [0.18199199, 43.60386418], [0.18205395, 43.6039144], [0.1821757, 43.60395808], [0.18232172, 43.60398708], [0.18248656, 43.60401116], [0.18262965, 43.60402387], [0.1828062, 43.60401135], [0.18294603, 43.60398976], [0.18304254, 43.60396706], [0.18316058, 43.60393501], [0.18324061, 43.60389477], [0.1833099, 43.60384614], [0.18340125, 43.60377739], [0.18346749, 43.60371518], [0.1835625, 43.60362221], [0.18363586, 43.60356649], [0.18367952, 43.60353521], [0.18383838, 43.6034538], [0.18391868, 43.60340816], [0.18399699, 43.60335257], [0.18402942, 43.6033228], [0.18404241, 43.60328532], [0.18403295, 43.60325086]]}, "properties": {"nature": "Route empierr\u00e9e", "prive": false, "acces_pieton": null, "acces_vehicule_leger": "Libre", "nom": null, "source": "BDTOPO_V3:troncon_de_route (IGN, WFS data.geopf.fr)"}}, {"type": "Feature", "geometry": {"type": "LineString", "coordinates": [[0.18403295, 43.60325086], [0.18400021, 43.60326172], [0.18389622, 43.60328513], [0.18348073, 43.60334458], [0.18329513, 43.60336498], [0.1831211, 43.60337667], [0.1830427, 43.60338364], [0.18294398, 43.60340089], [0.18278895, 43.60340407], [0.18269363, 43.6034025], [0.18258553, 43.6034087], [0.18251522, 43.60342758], [0.18234491, 43.603515], [0.18184704, 43.60363713]]}, "properties": {"nature": "Route empierr\u00e9e", "prive": false, "acces_pieton": null, "acces_vehicule_leger": "Libre", "nom": "Impasse des Tulipes", "source": "BDTOPO_V3:troncon_de_route (IGN, WFS data.geopf.fr)"}}, {"type": "Feature", "geometry": {"type": "LineString", "coordinates": [[0.16653943, 43.60238625], [0.16657271, 43.60236461], [0.16679114, 43.60223165], [0.16693677, 43.60214272], [0.16721393, 43.60199959], [0.16739544, 43.60191159], [0.16757926, 43.60180204], [0.16772529, 43.6016798], [0.16789887, 43.60150155], [0.16808518, 43.60131644], [0.16828907, 43.60115159], [0.1684449, 43.60105662], [0.168791, 43.60084686], [0.16907174, 43.6006561], [0.16933913, 43.60045959], [0.16958336, 43.60028048], [0.16986935, 43.60005835], [0.17014059, 43.59983403], [0.17042473, 43.59959924], [0.17070387, 43.59936522], [0.17099061, 43.5991278], [0.1710832, 43.59905908]]}, "properties": {"nature": "Route \u00e0 1 chauss\u00e9e", "prive": false, "acces_pieton": null, "acces_vehicule_leger": "Libre", "nom": "Route de Mondebat", "source": "BDTOPO_V3:troncon_de_route (IGN, WFS data.geopf.fr)"}}, {"type": "Feature", "geometry": {"type": "LineString", "coordinates": [[0.1710832, 43.59905908], [0.17115643, 43.59900607], [0.17155965, 43.59874287], [0.17197988, 43.59848641], [0.17240572, 43.5982418], [0.17267396, 43.59807772], [0.17297571, 43.5978875]]}, "properties": {"nature": "Route \u00e0 1 chauss\u00e9e", "prive": false, "acces_pieton": null, "acces_vehicule_leger": "Libre", "nom": "Route de Mondebat", "source": "BDTOPO_V3:troncon_de_route (IGN, WFS data.geopf.fr)"}}, {"type": "Feature", "geometry": {"type": "LineString", "coordinates": [[0.17297571, 43.5978875], [0.17300001, 43.59787193], [0.17306224, 43.59781593], [0.17326689, 43.59766009], [0.17344273, 43.59753592], [0.17352656, 43.59749398], [0.17362793, 43.597448], [0.17388353, 43.59733941], [0.17413377, 43.59726399], [0.17465856, 43.59709758], [0.1753897, 43.59689151], [0.1761094, 43.59669145], [0.17654165, 43.59656764], [0.1773056, 43.59639932], [0.17761628, 43.59635428], [0.17786325, 43.59629497], [0.17817614, 43.59620497], [0.17861598, 43.59607774], [0.17879578, 43.59599868], [0.17919072, 43.59582707], [0.17931679, 43.59578263], [0.17938466, 43.59576278]]}, "properties": {"nature": "Route \u00e0 1 chauss\u00e9e", "prive": false, "acces_pieton": null, "acces_vehicule_leger": "Libre", "nom": "Route de Mondebat", "source": "BDTOPO_V3:troncon_de_route (IGN, WFS data.geopf.fr)"}}, {"type": "Feature", "geometry": {"type": "LineString", "coordinates": [[0.16653943, 43.60238625], [0.16655255, 43.6023965], [0.16658768, 43.60241272], [0.16662431, 43.60242358], [0.16679285, 43.60244778], [0.16694283, 43.6024715], [0.16708025, 43.6025237], [0.16715475, 43.60257066], [0.16723605, 43.60263041], [0.16735286, 43.6027487], [0.167558, 43.60293502], [0.16775956, 43.60311854], [0.16794769, 43.6032729], [0.1680893, 43.60341615], [0.16817853, 43.60356613], [0.16822982, 43.60383217], [0.16825412, 43.6040678], [0.16828984, 43.60422269], [0.16833486, 43.60428958], [0.1683934, 43.60435864], [0.16840885, 43.60442206], [0.16841777, 43.60446731], [0.16844042, 43.60456064], [0.16847352, 43.60476858], [0.16847706, 43.60492263]]}, "properties": {"nature": "Route \u00e0 1 chauss\u00e9e", "prive": false, "acces_pieton": null, "acces_vehicule_leger": "Libre", "nom": "Chemin du Lac de Bourg\u00e8s", "source": "BDTOPO_V3:troncon_de_route (IGN, WFS data.geopf.fr)"}}, {"type": "Feature", "geometry": {"type": "LineString", "coordinates": [[0.16444621, 43.60347686], [0.16460161, 43.60339088], [0.1646257, 43.60337981], [0.16472444, 43.60333737], [0.16500509, 43.60322405], [0.16532932, 43.60308125], [0.1656997, 43.60290725], [0.16596427, 43.6027683], [0.16625744, 43.60257697], [0.16640091, 43.60248167], [0.16653943, 43.60238625]]}, "properties": {"nature": "Route \u00e0 1 chauss\u00e9e", "prive": false, "acces_pieton": null, "acces_vehicule_leger": "Libre", "nom": "Route de Mondebat", "source": "BDTOPO_V3:troncon_de_route (IGN, WFS data.geopf.fr)"}}, {"type": "Feature", "geometry": {"type": "LineString", "coordinates": [[0.16444621, 43.60347686], [0.16441948, 43.60344105], [0.16438533, 43.60340505], [0.16427696, 43.60329147], [0.16413128, 43.60320574], [0.16340905, 43.60280333], [0.16320683, 43.6026585], [0.16295657, 43.6025079], [0.16277374, 43.60239689], [0.16245655, 43.60222204], [0.16175172, 43.6018939], [0.16140443, 43.60175157], [0.16125094, 43.60167373], [0.16098559, 43.60150293], [0.16067553, 43.60128415], [0.16051052, 43.60116369], [0.16036783, 43.60104291], [0.16019643, 43.60090158], [0.16012204, 43.60082761], [0.16008012, 43.60077339], [0.16007855, 43.60070492], [0.16000537, 43.60060667], [0.15992672, 43.60046866], [0.15979321, 43.60036253], [0.15956015, 43.60014035], [0.15921669, 43.59984596], [0.15883195, 43.59955949], [0.15865887, 43.59942711], [0.15861457, 43.59937103], [0.15860986, 43.5993412], [0.15861968, 43.59929284], [0.15872495, 43.59916864], [0.15873949, 43.59915012], [0.15897858, 43.59885025], [0.15917221, 43.59864284], [0.15951383, 43.59829884], [0.15974139, 43.5980815], [0.16005168, 43.59781951], [0.16023578, 43.59767937], [0.16029753, 43.59763327], [0.16031496, 43.59755629]]}, "properties": {"nature": "Route \u00e0 1 chauss\u00e9e", "prive": false, "acces_pieton": null, "acces_vehicule_leger": "Libre", "nom": "Chemin du Sentulet", "source": "BDTOPO_V3:troncon_de_route (IGN, WFS data.geopf.fr)"}}, {"type": "Feature", "geometry": {"type": "LineString", "coordinates": [[0.16032445, 43.59746471], [0.16033562, 43.59736416], [0.16033174, 43.5972173], [0.1603071, 43.5970645], [0.16027292, 43.59687904], [0.16023777, 43.59668815], [0.16020023, 43.5965206], [0.16010157, 43.59613627]]}, "properties": {"nature": "Route \u00e0 1 chauss\u00e9e", "prive": false, "acces_pieton": null, "acces_vehicule_leger": "Libre", "nom": "Chemin du Sentulet", "source": "BDTOPO_V3:troncon_de_route (IGN, WFS data.geopf.fr)"}}, {"type": "Feature", "geometry": {"type": "LineString", "coordinates": [[0.15663403, 43.60098664], [0.1566513, 43.60101321], [0.15668442, 43.6010699], [0.15678122, 43.60121649], [0.15687556, 43.6013378], [0.15694406, 43.60143053], [0.15697938, 43.60151789], [0.15698271, 43.6015756], [0.15701301, 43.60171414], [0.15705608, 43.60177019]]}, "properties": {"nature": "Route empierr\u00e9e", "prive": false, "acces_pieton": null, "acces_vehicule_leger": "Libre", "nom": "Impasse de Herregat", "source": "BDTOPO_V3:troncon_de_route (IGN, WFS data.geopf.fr)"}}, {"type": "Feature", "geometry": {"type": "LineString", "coordinates": [[0.15231503, 43.59714604], [0.15227115, 43.5971566], [0.15202009, 43.59722294], [0.15172138, 43.59730064], [0.15147563, 43.59735992], [0.1511722, 43.59743299], [0.1508122, 43.59752259], [0.15053966, 43.59757216], [0.15032325, 43.5976142], [0.15013955, 43.59764629], [0.14993427, 43.59768863], [0.14977163, 43.59774558], [0.14967568, 43.59778178], [0.14931361, 43.59793794], [0.14895608, 43.59810232], [0.14826758, 43.59842008], [0.14796688, 43.59856254], [0.14769147, 43.59869486], [0.14736297, 43.59884829], [0.14699654, 43.59901694], [0.14662573, 43.59919897], [0.14649397, 43.59925763]]}, "properties": {"nature": "Route \u00e0 1 chauss\u00e9e", "prive": false, "acces_pieton": null, "acces_vehicule_leger": "Libre", "nom": "Route du Midour", "source": "BDTOPO_V3:troncon_de_route (IGN, WFS data.geopf.fr)"}}, {"type": "Feature", "geometry": {"type": "LineString", "coordinates": [[0.15252822, 43.59709401], [0.1524317, 43.59711669]]}, "properties": {"nature": "Route \u00e0 1 chauss\u00e9e", "prive": false, "acces_pieton": null, "acces_vehicule_leger": "Libre", "nom": "Route du Midour", "source": "BDTOPO_V3:troncon_de_route (IGN, WFS data.geopf.fr)"}}, {"type": "Feature", "geometry": {"type": "LineString", "coordinates": [[0.1474031, 43.60048259], [0.14721785, 43.60034627], [0.14691456, 43.6000673], [0.14676326, 43.59992106], [0.14668126, 43.59982617], [0.14662354, 43.59969141], [0.14657312, 43.59953432], [0.14651508, 43.59935633], [0.14649397, 43.59925763]]}, "properties": {"nature": "Route \u00e0 1 chauss\u00e9e", "prive": false, "acces_pieton": null, "acces_vehicule_leger": "Libre", "nom": "Chemin de Lagut", "source": "BDTOPO_V3:troncon_de_route (IGN, WFS data.geopf.fr)"}}, {"type": "Feature", "geometry": {"type": "LineString", "coordinates": [[0.14747727, 43.60053585], [0.1474031, 43.60048259]]}, "properties": {"nature": "Route \u00e0 1 chauss\u00e9e", "prive": false, "acces_pieton": null, "acces_vehicule_leger": "Libre", "nom": "Chemin de Lagut", "source": "BDTOPO_V3:troncon_de_route (IGN, WFS data.geopf.fr)"}}, {"type": "Feature", "geometry": {"type": "LineString", "coordinates": [[0.22893633, 43.59670352], [0.2293325, 43.5980677]]}, "properties": {"nature": "Sentier", "prive": false, "acces_pieton": "Libre", "acces_vehicule_leger": "Physiquement impossible", "nom": null, "source": "BDTOPO_V3:troncon_de_route (IGN, WFS data.geopf.fr)"}}, {"type": "Feature", "geometry": {"type": "LineString", "coordinates": [[0.22790792, 43.59052992], [0.22802531, 43.59063826]]}, "properties": {"nature": "Route empierr\u00e9e", "prive": false, "acces_pieton": null, "acces_vehicule_leger": "Libre", "nom": "", "source": "BDTOPO_V3:troncon_de_route (IGN, WFS data.geopf.fr)"}}, {"type": "Feature", "geometry": {"type": "LineString", "coordinates": [[0.22810798, 43.59010648], [0.22811411, 43.59008233], [0.22811437, 43.59007693], [0.22812767, 43.58998094], [0.22818557, 43.5896286], [0.22823971, 43.58932837], [0.22830608, 43.58895464], [0.22836447, 43.58856629], [0.22842228, 43.58826706], [0.22847726, 43.5880776], [0.22854507, 43.58790467], [0.22860795, 43.58775683], [0.22866023, 43.58767443], [0.22871851, 43.58757058], [0.22879132, 43.58747341]]}, "properties": {"nature": "Route \u00e0 1 chauss\u00e9e", "prive": false, "acces_pieton": null, "acces_vehicule_leger": "Libre", "nom": "Route de Gazax-et-Baccarisse", "source": "BDTOPO_V3:troncon_de_route (IGN, WFS data.geopf.fr)"}}, {"type": "Feature", "geometry": {"type": "LineString", "coordinates": [[0.22810798, 43.59010648], [0.22809672, 43.59016021]]}, "properties": {"nature": "Route \u00e0 1 chauss\u00e9e", "prive": false, "acces_pieton": null, "acces_vehicule_leger": "Libre", "nom": null, "source": "BDTOPO_V3:troncon_de_route (IGN, WFS data.geopf.fr)"}}, {"type": "Feature", "geometry": {"type": "LineString", "coordinates": [[0.23234051, 43.59434147], [0.23218049, 43.59406369], [0.23196294, 43.59364311], [0.23164719, 43.59307596], [0.23156382, 43.59292979], [0.23151515, 43.5928088], [0.23141893, 43.59251825], [0.23139414, 43.59241588], [0.23135233, 43.59210151], [0.23134845, 43.59200238], [0.23135016, 43.59188988], [0.23136874, 43.59181293], [0.23139239, 43.5917334]]}, "properties": {"nature": "Route \u00e0 1 chauss\u00e9e", "prive": false, "acces_pieton": null, "acces_vehicule_leger": "Libre", "nom": "Route de Belmont", "source": "BDTOPO_V3:troncon_de_route (IGN, WFS data.geopf.fr)"}}, {"type": "Feature", "geometry": {"type": "LineString", "coordinates": [[0.23157747, 43.59439224], [0.23157721, 43.59444896], [0.23159191, 43.59463209], [0.23163118, 43.5949221], [0.23167505, 43.59506546], [0.23181248, 43.59522112], [0.23198715, 43.59537502], [0.23213234, 43.59552368], [0.23217556, 43.59562921], [0.23226702, 43.59596736], [0.23239598, 43.59624705], [0.23250643, 43.59647404], [0.23259042, 43.59660762], [0.23267026, 43.59669879], [0.23285503, 43.59687456], [0.23293472, 43.59699453], [0.23299058, 43.59719762], [0.23297915, 43.59730627], [0.23294928, 43.59741175], [0.23289869, 43.59751039], [0.23281794, 43.59764338], [0.23260401, 43.59791793], [0.23254478, 43.59804156], [0.23248249, 43.59820293], [0.23243851, 43.59834406], [0.23243073, 43.59863377], [0.23239084, 43.59894696], [0.23236632, 43.59924974], [0.23235456, 43.59939079], [0.23239372, 43.59950343], [0.23245271, 43.59959046], [0.23252193, 43.59967055], [0.23257121, 43.59972763], [0.23264196, 43.59987888], [0.23269307, 43.59994951], [0.23278995, 43.6000213], [0.23294412, 43.60011256], [0.23309699, 43.60017948], [0.23322366, 43.60025023], [0.23326812, 43.60030448], [0.23324889, 43.60039492], [0.23323287, 43.60047014], [0.23322862, 43.60055826], [0.23326325, 43.60063657], [0.23333122, 43.60074274], [0.23334431, 43.6008052], [0.2333338, 43.60110023], [0.23336033, 43.60121795], [0.23335977, 43.60128096], [0.23333972, 43.60138849], [0.23330154, 43.60148655], [0.23328717, 43.60157891], [0.23328214, 43.60173454], [0.23330258, 43.6018503], [0.23328982, 43.6019094], [0.23324996, 43.6019651], [0.23313027, 43.60213491], [0.23308054, 43.6022669], [0.23306739, 43.6023854], [0.23296177, 43.60267441], [0.23292533, 43.60278783], [0.23286587, 43.60286464], [0.23281421, 43.60295966], [0.23280926, 43.60306217], [0.23285407, 43.60321186], [0.23288237, 43.60342146], [0.23290274, 43.60356423], [0.23292312, 43.60362957], [0.23294605, 43.60366797], [0.23299019, 43.6037033], [0.23316923, 43.6038186], [0.23339911, 43.60395861], [0.23348717, 43.60403377], [0.23350686, 43.60406219], [0.23350671, 43.60409099], [0.2335081, 43.60411354], [0.23354687, 43.60413163], [0.23384803, 43.60425814], [0.23418501, 43.60441257], [0.23432471, 43.60447015], [0.2346234, 43.6045966], [0.23468167, 43.60462149], [0.23480824, 43.60466883]]}, "properties": {"nature": "Chemin", "prive": false, "acces_pieton": null, "acces_vehicule_leger": "Libre", "nom": null, "source": "BDTOPO_V3:troncon_de_route (IGN, WFS data.geopf.fr)"}}, {"type": "Feature", "geometry": {"type": "LineString", "coordinates": [[0.22809672, 43.59016021], [0.2280807, 43.59023543], [0.22805467, 43.59028698], [0.2280214, 43.59033475], [0.22793399, 43.59042615], [0.22784537, 43.59049141]]}, "properties": {"nature": "Route \u00e0 1 chauss\u00e9e", "prive": false, "acces_pieton": null, "acces_vehicule_leger": "Libre", "nom": "Route de Bassoues", "source": "BDTOPO_V3:troncon_de_route (IGN, WFS data.geopf.fr)"}}, {"type": "Feature", "geometry": {"type": "LineString", "coordinates": [[0.22802531, 43.59063826], [0.22803784, 43.5909942], [0.22806269, 43.59145399], [0.22808106, 43.59186861], [0.22810516, 43.59226716], [0.22812784, 43.59266928], [0.22814018, 43.59305493], [0.22816595, 43.59334189], [0.22818138, 43.5934071], [0.22829901, 43.5936901], [0.22832825, 43.59377728], [0.22836843, 43.59407361], [0.22842613, 43.59449463]]}, "properties": {"nature": "Route empierr\u00e9e", "prive": false, "acces_pieton": null, "acces_vehicule_leger": "Libre", "nom": null, "source": "BDTOPO_V3:troncon_de_route (IGN, WFS data.geopf.fr)"}}, {"type": "Feature", "geometry": {"type": "LineString", "coordinates": [[0.23157747, 43.59439224], [0.2316129, 43.59437694], [0.23168172, 43.59436249], [0.23172077, 43.59434908], [0.23176566, 43.5942917], [0.23178999, 43.5942239], [0.23179672, 43.59413584], [0.23181603, 43.59409492], [0.23183572, 43.59407201], [0.231881, 43.59405786], [0.23191149, 43.59406764], [0.23193795, 43.59410973], [0.23196148, 43.59418686], [0.23199587, 43.59429577], [0.23203774, 43.59432655], [0.23210231, 43.5943489], [0.23216873, 43.5943587], [0.23224535, 43.59436245], [0.23229903, 43.59435392], [0.23234051, 43.59434147]]}, "properties": {"nature": "Chemin", "prive": false, "acces_pieton": null, "acces_vehicule_leger": "Libre", "nom": null, "source": "BDTOPO_V3:troncon_de_route (IGN, WFS data.geopf.fr)"}}, {"type": "Feature", "geometry": {"type": "LineString", "coordinates": [[0.22952125, 43.59018396], [0.22941108, 43.59020816], [0.22889867, 43.59032833], [0.22847425, 43.59042194], [0.22811044, 43.59051709]]}, "properties": {"nature": "Route empierr\u00e9e", "prive": false, "acces_pieton": null, "acces_vehicule_leger": "Libre", "nom": null, "source": "BDTOPO_V3:troncon_de_route (IGN, WFS data.geopf.fr)"}}, {"type": "Feature", "geometry": {"type": "LineString", "coordinates": [[0.22869676, 43.59581599], [0.22855451, 43.59537571], [0.22842613, 43.59449463]]}, "properties": {"nature": "Route empierr\u00e9e", "prive": false, "acces_pieton": null, "acces_vehicule_leger": "Libre", "nom": null, "source": "BDTOPO_V3:troncon_de_route (IGN, WFS data.geopf.fr)"}}, {"type": "Feature", "geometry": {"type": "LineString", "coordinates": [[0.22811044, 43.59051709], [0.22790792, 43.59052992]]}, "properties": {"nature": "Route empierr\u00e9e", "prive": false, "acces_pieton": null, "acces_vehicule_leger": "Libre", "nom": null, "source": "BDTOPO_V3:troncon_de_route (IGN, WFS data.geopf.fr)"}}, {"type": "Feature", "geometry": {"type": "LineString", "coordinates": [[0.22842613, 43.59449463], [0.22846338, 43.59449288], [0.22863323, 43.59449001], [0.22886285, 43.59448056], [0.22997218, 43.59444134], [0.23130826, 43.59440069]]}, "properties": {"nature": "Chemin", "prive": false, "acces_pieton": null, "acces_vehicule_leger": "Libre", "nom": null, "source": "BDTOPO_V3:troncon_de_route (IGN, WFS data.geopf.fr)"}}, {"type": "Feature", "geometry": {"type": "LineString", "coordinates": [[0.22811044, 43.59051709], [0.22802531, 43.59063826]]}, "properties": {"nature": "Route empierr\u00e9e", "prive": false, "acces_pieton": null, "acces_vehicule_leger": "Libre", "nom": null, "source": "BDTOPO_V3:troncon_de_route (IGN, WFS data.geopf.fr)"}}, {"type": "Feature", "geometry": {"type": "LineString", "coordinates": [[0.23137648, 43.59439882], [0.23157747, 43.59439224]]}, "properties": {"nature": "Chemin", "prive": false, "acces_pieton": null, "acces_vehicule_leger": "Libre", "nom": "", "source": "BDTOPO_V3:troncon_de_route (IGN, WFS data.geopf.fr)"}}, {"type": "Feature", "geometry": {"type": "LineString", "coordinates": [[0.22848231, 43.59992137], [0.22852646, 43.59998192], [0.22854359, 43.60001206], [0.22854662, 43.60005176], [0.22853955, 43.60009569]]}, "properties": {"nature": "Route empierr\u00e9e", "prive": false, "acces_pieton": null, "acces_vehicule_leger": "Libre", "nom": null, "source": "BDTOPO_V3:troncon_de_route (IGN, WFS data.geopf.fr)"}}, {"type": "Feature", "geometry": {"type": "LineString", "coordinates": [[0.22463314, 43.59462194], [0.22580928, 43.59458447], [0.22672146, 43.59454924], [0.22757395, 43.59451879], [0.22786786, 43.59451189], [0.22818679, 43.59450022], [0.22839887, 43.59449483], [0.22842613, 43.59449463]]}, "properties": {"nature": "Route empierr\u00e9e", "prive": false, "acces_pieton": null, "acces_vehicule_leger": "Libre", "nom": "Chemin du bois de l'Etat", "source": "BDTOPO_V3:troncon_de_route (IGN, WFS data.geopf.fr)"}}, {"type": "Feature", "geometry": {"type": "LineString", "coordinates": [[0.22463314, 43.59462194], [0.22457192, 43.59465819], [0.22454896, 43.59467201], [0.22448985, 43.5946903], [0.22443767, 43.59469347], [0.22437829, 43.59469195], [0.22433388, 43.59468812], [0.22427642, 43.59467224], [0.22424128, 43.59465604]]}, "properties": {"nature": "Route empierr\u00e9e", "prive": false, "acces_pieton": null, "acces_vehicule_leger": "Libre", "nom": "Chemin du bois de l'Etat", "source": "BDTOPO_V3:troncon_de_route (IGN, WFS data.geopf.fr)"}}, {"type": "Feature", "geometry": {"type": "LineString", "coordinates": [[0.21521196, 43.59215697], [0.2158347, 43.59203609], [0.21664731, 43.59188226], [0.21692047, 43.59184335], [0.21749292, 43.59178869], [0.21818872, 43.59171919], [0.2182921, 43.59170743], [0.21831825, 43.5917045], [0.21893342, 43.59163743], [0.21981131, 43.59154196], [0.22072774, 43.59144388], [0.22147685, 43.59137302], [0.22231164, 43.59129804], [0.22288001, 43.59125045], [0.22398907, 43.59116447], [0.22471048, 43.59110278], [0.22516068, 43.59106567], [0.22533156, 43.59104123], [0.22558244, 43.59100172], [0.22608089, 43.59091452], [0.22688922, 43.59077131], [0.22718833, 43.59070782], [0.22745117, 43.59065151], [0.22757146, 43.59062307], [0.22772795, 43.59056314], [0.22783892, 43.59049665], [0.22784537, 43.59049141]]}, "properties": {"nature": "Route \u00e0 1 chauss\u00e9e", "prive": false, "acces_pieton": null, "acces_vehicule_leger": "Libre", "nom": "Route de Bassoues", "source": "BDTOPO_V3:troncon_de_route (IGN, WFS data.geopf.fr)"}}, {"type": "Feature", "geometry": {"type": "LineString", "coordinates": [[0.21394522, 43.59240268], [0.2138027, 43.59242964], [0.21320099, 43.59255104], [0.21273331, 43.59264168], [0.21250057, 43.59268972], [0.2123182, 43.59272105], [0.21215734, 43.59274303], [0.21204167, 43.59275267], [0.21187819, 43.59275207], [0.21167034, 43.59274674], [0.21150031, 43.59272797], [0.21120488, 43.59268977], [0.21064967, 43.59261879], [0.21058087, 43.59260712], [0.21020678, 43.59255609], [0.20997276, 43.59250327], [0.20976715, 43.59245207], [0.20929298, 43.59229403], [0.20904432, 43.59221111], [0.20887975, 43.59215646], [0.2085861, 43.59205618], [0.20821521, 43.59193951], [0.20786542, 43.59184769], [0.20758628, 43.59178019], [0.20739764, 43.59173662], [0.20724952, 43.5917004], [0.20705337, 43.59165845], [0.20687265, 43.59163039], [0.20665155, 43.5916175], [0.20659447, 43.59161963]]}, "properties": {"nature": "Route \u00e0 1 chauss\u00e9e", "prive": false, "acces_pieton": null, "acces_vehicule_leger": "Libre", "nom": "Route de Bassoues", "source": "BDTOPO_V3:troncon_de_route (IGN, WFS data.geopf.fr)"}}, {"type": "Feature", "geometry": {"type": "LineString", "coordinates": [[0.21394522, 43.59240268], [0.21414902, 43.59236379], [0.21455162, 43.59228679], [0.21471049, 43.59225485], [0.21475422, 43.59224697], [0.21521196, 43.59215697]]}, "properties": {"nature": "Route \u00e0 1 chauss\u00e9e", "prive": false, "acces_pieton": null, "acces_vehicule_leger": "Libre", "nom": "Route de Bassoues", "source": "BDTOPO_V3:troncon_de_route (IGN, WFS data.geopf.fr)"}}, {"type": "Feature", "geometry": {"type": "LineString", "coordinates": [[0.20965527, 43.58986257], [0.20931143, 43.58992846], [0.20891718, 43.58998675], [0.20858787, 43.59003411], [0.20843047, 43.59006157], [0.20825808, 43.59009135], [0.20799898, 43.59014681], [0.20785483, 43.59018182], [0.20779144, 43.5902117], [0.20773014, 43.59024974], [0.20756738, 43.5903617], [0.20736466, 43.59053115], [0.20714286, 43.59071091], [0.20695484, 43.59085823], [0.20666174, 43.59107757], [0.20654302, 43.59117535], [0.20649635, 43.59124347], [0.20648426, 43.59128818], [0.20649338, 43.59132983], [0.20656908, 43.59145422], [0.2065889, 43.59150515], [0.20659404, 43.5915521], [0.20659447, 43.59161963]]}, "properties": {"nature": "Route \u00e0 1 chauss\u00e9e", "prive": false, "acces_pieton": null, "acces_vehicule_leger": "Libre", "nom": "Impasse de Capcrut Sud", "source": "BDTOPO_V3:troncon_de_route (IGN, WFS data.geopf.fr)"}}, {"type": "Feature", "geometry": {"type": "LineString", "coordinates": [[0.19732686, 43.59574653], [0.19742731, 43.59566809], [0.19759895, 43.59555277], [0.19800707, 43.59531301], [0.19844841, 43.5950525], [0.19881734, 43.59485404], [0.19901063, 43.5947771], [0.19922915, 43.59471611], [0.19967296, 43.59460781], [0.20013652, 43.59450092], [0.20091213, 43.59432014], [0.20104874, 43.59428765], [0.20108753, 43.59427965], [0.20109371, 43.59427981], [0.2011098, 43.59428022], [0.2011509, 43.59430109]]}, "properties": {"nature": "Route \u00e0 1 chauss\u00e9e", "prive": false, "acces_pieton": null, "acces_vehicule_leger": "Libre", "nom": "Route de Bassoues", "source": "BDTOPO_V3:troncon_de_route (IGN, WFS data.geopf.fr)"}}, {"type": "Feature", "geometry": {"type": "LineString", "coordinates": [[0.19732686, 43.59574653], [0.19716562, 43.59590262], [0.19700184, 43.59611087], [0.19689255, 43.5962431], [0.19669644, 43.59652975], [0.19642179, 43.5969026], [0.19626428, 43.59715963], [0.19620992, 43.59728337], [0.19618454, 43.59737185]]}, "properties": {"nature": "Route \u00e0 1 chauss\u00e9e", "prive": false, "acces_pieton": null, "acces_vehicule_leger": "Libre", "nom": "Route de Bassoues", "source": "BDTOPO_V3:troncon_de_route (IGN, WFS data.geopf.fr)"}}, {"type": "Feature", "geometry": {"type": "LineString", "coordinates": [[0.2011509, 43.59430109], [0.20112868, 43.59432482], [0.20103232, 43.59447179], [0.20091587, 43.59467497], [0.20074879, 43.59500198], [0.20047519, 43.59553152], [0.20038892, 43.59572557], [0.20030415, 43.59593946], [0.20020737, 43.596298], [0.20014344, 43.59659256], [0.20011163, 43.59673669], [0.20010623, 43.59684729], [0.20011412, 43.59691412], [0.20013394, 43.59699026]]}, "properties": {"nature": "Route \u00e0 1 chauss\u00e9e", "prive": false, "acces_pieton": null, "acces_vehicule_leger": "Libre", "nom": "Route de Lupiac", "source": "BDTOPO_V3:troncon_de_route (IGN, WFS data.geopf.fr)"}}, {"type": "Feature", "geometry": {"type": "LineString", "coordinates": [[0.20200959, 43.59307716], [0.2020119, 43.59310603], [0.2020078, 43.59313924], [0.20191945, 43.59329992], [0.20177444, 43.59355548], [0.20165177, 43.5937846], [0.20156262, 43.59393626], [0.20155869, 43.59394066], [0.20150463, 43.59400769], [0.2013396, 43.59414029], [0.20120306, 43.59424751], [0.2011509, 43.59430109]]}, "properties": {"nature": "Route \u00e0 1 chauss\u00e9e", "prive": false, "acces_pieton": null, "acces_vehicule_leger": "Libre", "nom": "Route de Bassoues", "source": "BDTOPO_V3:troncon_de_route (IGN, WFS data.geopf.fr)"}}, {"type": "Feature", "geometry": {"type": "LineString", "coordinates": [[0.20659447, 43.59161963], [0.20651008, 43.59162286], [0.20639022, 43.59164229], [0.2062424, 43.5916763], [0.20573931, 43.59183262], [0.20515188, 43.59201647], [0.20436317, 43.59226356], [0.20368279, 43.59247383], [0.20322872, 43.59261519], [0.20285417, 43.59272619], [0.2024085, 43.59287316], [0.20228202, 43.59292663], [0.20211831, 43.59303225], [0.20200959, 43.59307716]]}, "properties": {"nature": "Route \u00e0 1 chauss\u00e9e", "prive": false, "acces_pieton": null, "acces_vehicule_leger": "Libre", "nom": "Route de Bassoues", "source": "BDTOPO_V3:troncon_de_route (IGN, WFS data.geopf.fr)"}}, {"type": "Feature", "geometry": {"type": "LineString", "coordinates": [[0.19732686, 43.59574653], [0.19748497, 43.59578122], [0.19767622, 43.59582217], [0.19798316, 43.59590391], [0.19811065, 43.59595672], [0.19821561, 43.59601435], [0.19831444, 43.59609613], [0.19844028, 43.59623352], [0.19858116, 43.59641812], [0.19877102, 43.59666521], [0.19899696, 43.59698525], [0.19923987, 43.59731293], [0.19933756, 43.5974433], [0.19939392, 43.59750687], [0.19945855, 43.59757877], [0.19950235, 43.59762041], [0.19964348, 43.59772399], [0.19998732, 43.59791292], [0.20044377, 43.59815517], [0.20090293, 43.59839298], [0.20117893, 43.59852524], [0.20137817, 43.59863121], [0.20141374, 43.59863843], [0.20145744, 43.59863146]]}, "properties": {"nature": "Route \u00e0 1 chauss\u00e9e", "prive": false, "acces_pieton": null, "acces_vehicule_leger": "Libre", "nom": "Route de Baccarisse", "source": "BDTOPO_V3:troncon_de_route (IGN, WFS data.geopf.fr)"}}, {"type": "Feature", "geometry": {"type": "LineString", "coordinates": [[0.19732686, 43.59574653], [0.1971467, 43.59570676], [0.19669423, 43.59553573], [0.19633973, 43.59538793], [0.1960318, 43.59525033], [0.19579879, 43.59515158], [0.1956351, 43.59507893], [0.19549975, 43.59500971], [0.19536497, 43.59495401], [0.19523827, 43.59491022], [0.19505882, 43.59485607], [0.19491897, 43.59482815], [0.19475623, 43.59481224], [0.19454997, 43.59479971], [0.19447622, 43.5947879], [0.19444794, 43.59478357]]}, "properties": {"nature": "Route \u00e0 1 chauss\u00e9e", "prive": false, "acces_pieton": null, "acces_vehicule_leger": "Libre", "nom": "Route de Marciac", "source": "BDTOPO_V3:troncon_de_route (IGN, WFS data.geopf.fr)"}}, {"type": "Feature", "geometry": {"type": "LineString", "coordinates": [[0.18818033, 43.59355908], [0.1881487, 43.59354745], [0.18803956, 43.59352482]]}, "properties": {"nature": "Route \u00e0 1 chauss\u00e9e", "prive": false, "acces_pieton": null, "acces_vehicule_leger": "Libre", "nom": "Route de Marciac", "source": "BDTOPO_V3:troncon_de_route (IGN, WFS data.geopf.fr)"}}, {"type": "Feature", "geometry": {"type": "LineString", "coordinates": [[0.19157563, 43.59414302], [0.19138528, 43.59413449], [0.19099548, 43.59412621], [0.19080924, 43.5941349], [0.19065905, 43.59414092], [0.19055372, 43.59414179], [0.19046504, 43.5941314], [0.19039208, 43.5941034], [0.19037392, 43.59409483], [0.19030308, 43.59404888], [0.19023375, 43.59397236], [0.19000413, 43.59375394], [0.1899572, 43.59372571], [0.18986688, 43.59369817], [0.18976066, 43.59369182], [0.18963244, 43.59370471], [0.18951968, 43.5937306], [0.1893536, 43.59378302], [0.18921906, 43.59382365], [0.1891303, 43.59384026], [0.18898555, 43.59386173], [0.18892851, 43.59386295], [0.18880771, 43.59385082], [0.18876127, 43.59383791], [0.18869322, 43.59381094], [0.18855213, 43.59373256], [0.18843918, 43.59366121], [0.18828139, 43.59359501], [0.18818033, 43.59355908]]}, "properties": {"nature": "Route \u00e0 1 chauss\u00e9e", "prive": false, "acces_pieton": null, "acces_vehicule_leger": "Libre", "nom": "Route de Marciac", "source": "BDTOPO_V3:troncon_de_route (IGN, WFS data.geopf.fr)"}}, {"type": "Feature", "geometry": {"type": "LineString", "coordinates": [[0.19444794, 43.59478357], [0.194384, 43.59477381], [0.19425696, 43.59473722], [0.1941521, 43.594703], [0.19400415, 43.59463795], [0.19380596, 43.5945365], [0.19373817, 43.59450413], [0.19354219, 43.59443334], [0.19332934, 43.59437833], [0.19289312, 43.59428062], [0.19263543, 43.59423074], [0.19216767, 43.59417003], [0.19181777, 43.59415648], [0.19157563, 43.59414302]]}, "properties": {"nature": "Route \u00e0 1 chauss\u00e9e", "prive": false, "acces_pieton": null, "acces_vehicule_leger": "Libre", "nom": "Route de Marciac", "source": "BDTOPO_V3:troncon_de_route (IGN, WFS data.geopf.fr)"}}, {"type": "Feature", "geometry": {"type": "LineString", "coordinates": [[0.17533663, 43.59039691], [0.17532505, 43.5903804], [0.175264, 43.59028698]]}, "properties": {"nature": "Route \u00e0 1 chauss\u00e9e", "prive": false, "acces_pieton": null, "acces_vehicule_leger": "Libre", "nom": "Route de Marciac", "source": "BDTOPO_V3:troncon_de_route (IGN, WFS data.geopf.fr)"}}, {"type": "Feature", "geometry": {"type": "LineString", "coordinates": [[0.18818033, 43.59355908], [0.18804124, 43.59359149], [0.18791625, 43.59361436], [0.18769003, 43.59365532], [0.18747848, 43.59372547], [0.18728606, 43.59378441], [0.18714724, 43.59386184], [0.18693985, 43.59397352], [0.18681976, 43.59402262], [0.18677301, 43.59404122], [0.18668968, 43.59407327], [0.18649448, 43.59411323], [0.1863142, 43.59412657], [0.18623944, 43.59413544], [0.1858759, 43.59424846], [0.18562197, 43.59434902]]}, "properties": {"nature": "Route \u00e0 1 chauss\u00e9e", "prive": false, "acces_pieton": null, "acces_vehicule_leger": "Libre", "nom": "Route de Mondebat", "source": "BDTOPO_V3:troncon_de_route (IGN, WFS data.geopf.fr)"}}, {"type": "Feature", "geometry": {"type": "LineString", "coordinates": [[0.18562197, 43.59434902], [0.18549552, 43.59440156]]}, "properties": {"nature": "Route \u00e0 1 chauss\u00e9e", "prive": false, "acces_pieton": null, "acces_vehicule_leger": "Libre", "nom": "Route de Mondebat", "source": "BDTOPO_V3:troncon_de_route (IGN, WFS data.geopf.fr)"}}, {"type": "Feature", "geometry": {"type": "LineString", "coordinates": [[0.18549552, 43.59440156], [0.18503067, 43.59468573], [0.18490324, 43.59475805], [0.18480025, 43.5948121], [0.18465086, 43.59487755], [0.18448013, 43.59494876], [0.18433525, 43.59499812], [0.18412625, 43.59506653], [0.18387374, 43.59513831], [0.18363924, 43.59519615], [0.1834481, 43.59522901], [0.18320477, 43.59526501], [0.18297557, 43.59529058], [0.18270847, 43.59530616], [0.18245034, 43.59531567], [0.18219649, 43.59531358], [0.18184746, 43.59530723], [0.18156419, 43.59529898], [0.18137344, 43.59529853], [0.18122338, 43.59530184], [0.18114376, 43.59530877], [0.18101261, 43.59533058], [0.18071299, 43.59540293], [0.17938466, 43.59576278]]}, "properties": {"nature": "Route \u00e0 1 chauss\u00e9e", "prive": false, "acces_pieton": null, "acces_vehicule_leger": "Libre", "nom": "Route de Mondebat", "source": "BDTOPO_V3:troncon_de_route (IGN, WFS data.geopf.fr)"}}, {"type": "Feature", "geometry": {"type": "LineString", "coordinates": [[0.18803956, 43.59352482], [0.18801627, 43.59351972], [0.18791606, 43.59351712], [0.1877942, 43.59352657], [0.18767243, 43.59353422], [0.1875328, 43.593527], [0.18741695, 43.593515], [0.18714287, 43.59347099], [0.18689689, 43.5934097], [0.18643492, 43.59325638], [0.18639688, 43.59324909], [0.18621948, 43.59322919], [0.18597103, 43.59321825], [0.18584515, 43.59320868], [0.18573566, 43.59319324], [0.18525484, 43.59309615], [0.18512551, 43.59305588], [0.18502114, 43.59301176], [0.18487285, 43.5929539], [0.18476257, 43.59290422], [0.18421993, 43.59267857], [0.18412979, 43.59264743], [0.1839645, 43.59260803], [0.18382452, 43.59258279], [0.18372993, 43.59256683], [0.18365645, 43.59254962], [0.18356035, 43.59251382], [0.18332506, 43.59241138], [0.18309906, 43.59229658], [0.18293717, 43.59221315], [0.18257075, 43.59198126], [0.18233472, 43.59181848], [0.18205742, 43.59163842], [0.18189169, 43.59153238], [0.18152059, 43.59132017], [0.18138133, 43.59125534], [0.18116814, 43.59115707], [0.18093623, 43.59106192], [0.18077395, 43.59101179], [0.18063265, 43.59098831], [0.18046608, 43.59097498], [0.18032753, 43.59097138], [0.18014244, 43.59098188], [0.17993739, 43.59099547], [0.17984196, 43.59099659], [0.1796916, 43.59098098], [0.17953803, 43.59095538], [0.17936293, 43.59091392], [0.17919968, 43.59085836], [0.17898774, 43.59078533], [0.17884543, 43.59075733], [0.17869357, 43.59074708], [0.1785548, 43.59074797], [0.17841664, 43.59076149], [0.17825665, 43.59079065], [0.17808518, 43.5908267], [0.17783236, 43.59087956], [0.17773631, 43.59089327], [0.17772637, 43.59089391]]}, "properties": {"nature": "Route \u00e0 1 chauss\u00e9e", "prive": false, "acces_pieton": null, "acces_vehicule_leger": "Libre", "nom": "Route de Marciac", "source": "BDTOPO_V3:troncon_de_route (IGN, WFS data.geopf.fr)"}}, {"type": "Feature", "geometry": {"type": "LineString", "coordinates": [[0.17728023, 43.59195551], [0.17723834, 43.59192561], [0.17717711, 43.59191141], [0.17708666, 43.59191176], [0.17694205, 43.59193051], [0.17678127, 43.59195064], [0.17646981, 43.59198666], [0.17641724, 43.5919979], [0.17638675, 43.59201331], [0.17630629, 43.59206254], [0.17624005, 43.59209953], [0.17618765, 43.59210717], [0.17613096, 43.5921012], [0.17608872, 43.59207849], [0.17608488, 43.59205588], [0.17610768, 43.59202046], [0.17643302, 43.59180294], [0.1765951, 43.59170631], [0.17707243, 43.5913955], [0.17714171, 43.59134688], [0.17748171, 43.59110813], [0.17762814, 43.59102731], [0.17766888, 43.59100496], [0.17768823, 43.59098925], [0.17770317, 43.59096263], [0.17772637, 43.59089391]]}, "properties": {"nature": "Route \u00e0 1 chauss\u00e9e", "prive": false, "acces_pieton": null, "acces_vehicule_leger": "Libre", "nom": "Impasse de Hajaou", "source": "BDTOPO_V3:troncon_de_route (IGN, WFS data.geopf.fr)"}}, {"type": "Feature", "geometry": {"type": "LineString", "coordinates": [[0.17722628, 43.5946128], [0.17731642, 43.59461874], [0.17735574, 43.59462516], [0.17739962, 43.59463981], [0.17759986, 43.59469903], [0.17779242, 43.59476346], [0.17803022, 43.59483987], [0.1781493, 43.59488708], [0.17824721, 43.59493644], [0.17834791, 43.59500478], [0.17851042, 43.59512605], [0.17871371, 43.59527448], [0.17924128, 43.5956051], [0.17938466, 43.59576278]]}, "properties": {"nature": "Route \u00e0 1 chauss\u00e9e", "prive": false, "acces_pieton": null, "acces_vehicule_leger": "Libre", "nom": "Impasse d'Arboug\u00e8res", "source": "BDTOPO_V3:troncon_de_route (IGN, WFS data.geopf.fr)"}}, {"type": "Feature", "geometry": {"type": "LineString", "coordinates": [[0.18549552, 43.59440156], [0.1854455, 43.59438586], [0.18539672, 43.59437019], [0.18434125, 43.59404302], [0.18419526, 43.59398882], [0.18401405, 43.5939202]]}, "properties": {"nature": "Route empierr\u00e9e", "prive": false, "acces_pieton": null, "acces_vehicule_leger": "Libre", "nom": "", "source": "BDTOPO_V3:troncon_de_route (IGN, WFS data.geopf.fr)"}}, {"type": "Feature", "geometry": {"type": "LineString", "coordinates": [[0.175264, 43.59028698], [0.17523516, 43.59024392]]}, "properties": {"nature": "Route \u00e0 1 chauss\u00e9e", "prive": false, "acces_pieton": null, "acces_vehicule_leger": "Libre", "nom": "Route de Marciac", "source": "BDTOPO_V3:troncon_de_route (IGN, WFS data.geopf.fr)"}}, {"type": "Feature", "geometry": {"type": "LineString", "coordinates": [[0.1758843, 43.59094685], [0.17579448, 43.59090941], [0.17571748, 43.59086329], [0.17560389, 43.5907802], [0.17552866, 43.59069812], [0.17542241, 43.5905414], [0.17533663, 43.59039691]]}, "properties": {"nature": "Route \u00e0 1 chauss\u00e9e", "prive": false, "acces_pieton": null, "acces_vehicule_leger": "Libre", "nom": "Route de Marciac", "source": "BDTOPO_V3:troncon_de_route (IGN, WFS data.geopf.fr)"}}, {"type": "Feature", "geometry": {"type": "LineString", "coordinates": [[0.166284, 43.59075438], [0.16639169, 43.59070587], [0.16661515, 43.59059556], [0.16696229, 43.59038853], [0.16728902, 43.59021879], [0.16742785, 43.59016659], [0.16754171, 43.59014345], [0.16767673, 43.59014337], [0.16783419, 43.59016548], [0.16801568, 43.59022784], [0.16813596, 43.59035072], [0.16826046, 43.59056375], [0.1683797, 43.59080815], [0.16851971, 43.59100807], [0.168605, 43.59116245], [0.1686977, 43.59131702], [0.16879907, 43.59147182], [0.16888238, 43.59156583], [0.16894016, 43.59162496], [0.16899189, 43.59165602], [0.16923187, 43.5917379], [0.16937356, 43.59177851], [0.16971247, 43.59186387], [0.16989185, 43.59189376], [0.17042747, 43.59198424], [0.17054606, 43.59199093], [0.17064821, 43.59197919], [0.17080697, 43.59195001], [0.1714131, 43.59181635], [0.1714883, 43.5917985], [0.17171497, 43.59174858]]}, "properties": {"nature": "Route \u00e0 1 chauss\u00e9e", "prive": false, "acces_pieton": null, "acces_vehicule_leger": "Libre", "nom": "Chemin du Mounicat", "source": "BDTOPO_V3:troncon_de_route (IGN, WFS data.geopf.fr)"}}, {"type": "Feature", "geometry": {"type": "LineString", "coordinates": [[0.17227372, 43.5913949], [0.17219419, 43.59142524], [0.17200441, 43.59150583], [0.17187556, 43.5915817], [0.17180353, 43.59163565], [0.17177043, 43.5916789], [0.17171497, 43.59174858]]}, "properties": {"nature": "Route \u00e0 1 chauss\u00e9e", "prive": false, "acces_pieton": null, "acces_vehicule_leger": "Libre", "nom": "Route du Midour", "source": "BDTOPO_V3:troncon_de_route (IGN, WFS data.geopf.fr)"}}, {"type": "Feature", "geometry": {"type": "LineString", "coordinates": [[0.16500926, 43.59466729], [0.16510151, 43.59468051], [0.16518723, 43.59467554], [0.16536907, 43.59463077], [0.16547685, 43.59458046], [0.16563638, 43.5945108], [0.16581027, 43.59445141], [0.16586952, 43.59443045], [0.16589687, 43.59442846], [0.16608153, 43.59440177], [0.16629734, 43.59437139], [0.16656564, 43.59433157], [0.16673944, 43.59427398], [0.16688959, 43.59421848], [0.16721952, 43.59405962], [0.16753208, 43.59390121], [0.16779169, 43.59378644], [0.16810468, 43.59364424], [0.168411, 43.59351178], [0.16860499, 43.5934214], [0.16890874, 43.59329066], [0.16920003, 43.59316141], [0.16940643, 43.59307045], [0.16972507, 43.5929392], [0.16993214, 43.59285997], [0.1701209, 43.59280006], [0.17022624, 43.592774], [0.17038761, 43.59274219], [0.17072969, 43.59268808], [0.17126, 43.59261006], [0.1716593, 43.59255113], [0.17172615, 43.59252676], [0.17175801, 43.59250869], [0.17177644, 43.59248666], [0.17178718, 43.59246983], [0.17179536, 43.59245474], [0.17180178, 43.59237478], [0.17178659, 43.59228075], [0.17173842, 43.59210213], [0.17169864, 43.59190392], [0.17169729, 43.59180574], [0.17171497, 43.59174858]]}, "properties": {"nature": "Route \u00e0 1 chauss\u00e9e", "prive": false, "acces_pieton": null, "acces_vehicule_leger": "Libre", "nom": "Route du Midour", "source": "BDTOPO_V3:troncon_de_route (IGN, WFS data.geopf.fr)"}}, {"type": "Feature", "geometry": {"type": "LineString", "coordinates": [[0.166284, 43.59075438], [0.16633976, 43.5909296], [0.16636056, 43.59113542], [0.16637396, 43.59126542], [0.16637416, 43.59151211], [0.16637938, 43.5916572], [0.16639034, 43.59198701], [0.16638525, 43.59221557], [0.16636312, 43.59236265], [0.16632824, 43.59244187], [0.16623711, 43.59268168], [0.16616952, 43.59282127], [0.16613053, 43.59290848], [0.16607201, 43.59296458], [0.16592882, 43.59307969], [0.1657997, 43.59313574], [0.16571397, 43.59319112], [0.16559677, 43.5932817], [0.16554815, 43.59333805], [0.16550943, 43.59339466], [0.16548201, 43.59347318], [0.16548622, 43.59358853], [0.16549771, 43.5937572], [0.16549525, 43.59388228], [0.16545013, 43.59404316], [0.16539354, 43.59416053], [0.165284, 43.59434674], [0.16514009, 43.59452665], [0.16506305, 43.59460657], [0.16500926, 43.59466729]]}, "properties": {"nature": "Route \u00e0 1 chauss\u00e9e", "prive": false, "acces_pieton": null, "acces_vehicule_leger": "Libre", "nom": "Route du Village", "source": "BDTOPO_V3:troncon_de_route (IGN, WFS data.geopf.fr)"}}, {"type": "Feature", "geometry": {"type": "LineString", "coordinates": [[0.16502004, 43.58976163], [0.16512297, 43.58980933], [0.16522873, 43.58987512], [0.1653146, 43.58994218], [0.16536491, 43.58997681], [0.16571026, 43.59023251], [0.16605348, 43.59050617], [0.16624174, 43.59068215], [0.166284, 43.59075438]]}, "properties": {"nature": "Route \u00e0 1 chauss\u00e9e", "prive": false, "acces_pieton": null, "acces_vehicule_leger": "Libre", "nom": "Route du Village", "source": "BDTOPO_V3:troncon_de_route (IGN, WFS data.geopf.fr)"}}, {"type": "Feature", "geometry": {"type": "LineString", "coordinates": [[0.16502004, 43.58976163], [0.16515534, 43.58973095], [0.16553446, 43.58972914], [0.1663991, 43.5897283], [0.16684979, 43.58973195], [0.16733832, 43.58969698], [0.16760716, 43.58969589], [0.16771315, 43.58970676], [0.1677572, 43.58971781], [0.16777779, 43.58972735], [0.16781078, 43.58978673]]}, "properties": {"nature": "Chemin", "prive": false, "acces_pieton": null, "acces_vehicule_leger": "Libre", "nom": "", "source": "BDTOPO_V3:troncon_de_route (IGN, WFS data.geopf.fr)"}}, {"type": "Feature", "geometry": {"type": "LineString", "coordinates": [[0.1633129, 43.59547832], [0.16321807, 43.59551726], [0.16302557, 43.59560227], [0.16276148, 43.5956818], [0.16250863, 43.59573462], [0.16218027, 43.59578636], [0.16179565, 43.59584833], [0.16142848, 43.59590806], [0.16116724, 43.59595526], [0.16101288, 43.59599534], [0.16069719, 43.59606632], [0.16044956, 43.59608865], [0.16027342, 43.59611826], [0.16010157, 43.59613627]]}, "properties": {"nature": "Route \u00e0 1 chauss\u00e9e", "prive": false, "acces_pieton": null, "acces_vehicule_leger": "Libre", "nom": "Route du Midour", "source": "BDTOPO_V3:troncon_de_route (IGN, WFS data.geopf.fr)"}}, {"type": "Feature", "geometry": {"type": "LineString", "coordinates": [[0.1633129, 43.59547832], [0.16310838, 43.59528031], [0.16278879, 43.59497935], [0.1625333, 43.59473498], [0.16232446, 43.59452425], [0.1621908, 43.59439651], [0.16209526, 43.59429947]]}, "properties": {"nature": "Route \u00e0 1 chauss\u00e9e", "prive": false, "acces_pieton": null, "acces_vehicule_leger": "Libre", "nom": "Chemin de Gardia", "source": "BDTOPO_V3:troncon_de_route (IGN, WFS data.geopf.fr)"}}, {"type": "Feature", "geometry": {"type": "LineString", "coordinates": [[0.16485387, 43.59477848], [0.16475381, 43.5948479], [0.1646507, 43.59495414], [0.1644475, 43.59508029], [0.1642953, 43.59515194], [0.16416043, 43.59519884], [0.16398323, 43.59525003], [0.16380196, 43.59530833], [0.16353364, 43.59539855], [0.16340137, 43.59544282], [0.1633129, 43.59547832]]}, "properties": {"nature": "Route \u00e0 1 chauss\u00e9e", "prive": false, "acces_pieton": null, "acces_vehicule_leger": "Libre", "nom": "Route du Midour", "source": "BDTOPO_V3:troncon_de_route (IGN, WFS data.geopf.fr)"}}, {"type": "Feature", "geometry": {"type": "LineString", "coordinates": [[0.15441614, 43.59145152], [0.15453469, 43.59133398], [0.1547583, 43.59114626], [0.15487693, 43.59105213], [0.15505076, 43.59091893], [0.15522273, 43.59079829], [0.15535324, 43.59071438], [0.1555095, 43.59063564], [0.15572268, 43.59053318], [0.15631939, 43.59036514], [0.15686849, 43.59025797], [0.15715313, 43.59021321], [0.15765789, 43.59015079], [0.15817965, 43.59012033], [0.15869237, 43.59014725], [0.15972754, 43.59030488], [0.15980543, 43.59030782], [0.15987286, 43.59029698], [0.1599307, 43.59027958], [0.15997643, 43.59025647], [0.16002783, 43.5902191], [0.16006155, 43.59018847], [0.1600932, 43.59014968], [0.160113, 43.59012499], [0.16014762, 43.59007638], [0.1602069, 43.58997979], [0.16024359, 43.58993933], [0.16030342, 43.58990669], [0.1605849, 43.5898006], [0.16080782, 43.5897263], [0.16105694, 43.58964818], [0.16114982, 43.5896236], [0.16121416, 43.58960007], [0.16128097, 43.58957661], [0.16141739, 43.58947304], [0.16174871, 43.5892107], [0.16189715, 43.58908943], [0.16205895, 43.5889487], [0.16226214, 43.58879735], [0.16239038, 43.58870887], [0.16253586, 43.58862264], [0.16270713, 43.58854068], [0.1628514, 43.58847873], [0.16305064, 43.58838219], [0.16312422, 43.58832199]]}, "properties": {"nature": "Route \u00e0 1 chauss\u00e9e", "prive": false, "acces_pieton": null, "acces_vehicule_leger": "Libre", "nom": "Chemin de Lasserre", "source": "BDTOPO_V3:troncon_de_route (IGN, WFS data.geopf.fr)"}}, {"type": "Feature", "geometry": {"type": "LineString", "coordinates": [[0.23018334, 43.58580914], [0.23010191, 43.58590519]]}, "properties": {"nature": "Route \u00e0 1 chauss\u00e9e", "prive": false, "acces_pieton": null, "acces_vehicule_leger": "Libre", "nom": "Route de Gazax-et-Baccarisse", "source": "BDTOPO_V3:troncon_de_route (IGN, WFS data.geopf.fr)"}}, {"type": "Feature", "geometry": {"type": "LineString", "coordinates": [[0.23010191, 43.58590519], [0.23009666, 43.58591136], [0.22999682, 43.58602946], [0.22961483, 43.58647617], [0.22924189, 43.58691501], [0.22892372, 43.58729672], [0.22879132, 43.58747341]]}, "properties": {"nature": "Route \u00e0 1 chauss\u00e9e", "prive": false, "acces_pieton": null, "acces_vehicule_leger": "Libre", "nom": "Route de Gazax-et-Baccarisse", "source": "BDTOPO_V3:troncon_de_route (IGN, WFS data.geopf.fr)"}}, {"type": "Feature", "geometry": {"type": "LineString", "coordinates": [[0.23551224, 43.58659226], [0.23550796, 43.58668128], [0.23549195, 43.5867565], [0.23545818, 43.58684027], [0.23539693, 43.58695485], [0.23531179, 43.58705081], [0.23516308, 43.58718117], [0.23491655, 43.58736216], [0.23468794, 43.587531], [0.23444282, 43.58770842], [0.23413461, 43.58793555], [0.23391607, 43.58810104]]}, "properties": {"nature": "Route \u00e0 1 chauss\u00e9e", "prive": false, "acces_pieton": null, "acces_vehicule_leger": "Libre", "nom": "Route de Belmont", "source": "BDTOPO_V3:troncon_de_route (IGN, WFS data.geopf.fr)"}}, {"type": "Feature", "geometry": {"type": "LineString", "coordinates": [[0.23391607, 43.58810104], [0.23333481, 43.58851928], [0.23298017, 43.58875873], [0.23262452, 43.58901886], [0.23229709, 43.58931032], [0.23217729, 43.58943151], [0.23205189, 43.58956606], [0.23196643, 43.58969443], [0.2319042, 43.58977747], [0.23185231, 43.58990309], [0.23177232, 43.59007211], [0.23170094, 43.59024225], [0.2316395, 43.59046306], [0.23146735, 43.59125815], [0.23139239, 43.5917334]]}, "properties": {"nature": "Route \u00e0 1 chauss\u00e9e", "prive": false, "acces_pieton": null, "acces_vehicule_leger": "Libre", "nom": "Route de Belmont", "source": "BDTOPO_V3:troncon_de_route (IGN, WFS data.geopf.fr)"}}, {"type": "Feature", "geometry": {"type": "LineString", "coordinates": [[0.20770041, 43.57816132], [0.20771827, 43.57817619], [0.20772141, 43.57818797], [0.20772036, 43.57820955], [0.20771909, 43.57823563], [0.20769754, 43.57834761], [0.20765807, 43.57857348], [0.20763445, 43.57870251], [0.20763546, 43.57878357], [0.2076452, 43.57883784], [0.20766719, 43.57892033], [0.20775166, 43.57904225], [0.20790947, 43.57926058], [0.20805489, 43.57945339], [0.20818391, 43.57962686], [0.20833091, 43.5797873], [0.2084661, 43.57991051], [0.20860547, 43.57999873], [0.20880329, 43.58010735], [0.20899399, 43.58020949], [0.20909407, 43.58026518], [0.20927312, 43.58037782], [0.20987519, 43.58075612], [0.21017515, 43.58095469], [0.21035301, 43.5810664], [0.21059398, 43.58123014], [0.21088971, 43.58143941], [0.21115468, 43.58161908], [0.21134651, 43.58174915], [0.2114337, 43.58181531], [0.21152007, 43.58189856], [0.21162868, 43.58203369], [0.21174548, 43.58220415], [0.21187479, 43.58237223], [0.21200213, 43.58250424], [0.21222789, 43.58270091], [0.21251094, 43.58289094], [0.21268311, 43.58299259], [0.21296328, 43.58316544], [0.21338217, 43.58341478], [0.21382939, 43.58366754], [0.21415809, 43.58386144], [0.21460606, 43.58412412], [0.21511565, 43.58441898], [0.21537603, 43.58456611], [0.21547777, 43.58463895], [0.21550535, 43.58465766], [0.215516, 43.58466784], [0.21557059, 43.58471695]]}, "properties": {"nature": "Route \u00e0 1 chauss\u00e9e", "prive": false, "acces_pieton": null, "acces_vehicule_leger": "Libre", "nom": "Chemin de Mounicat", "source": "BDTOPO_V3:troncon_de_route (IGN, WFS data.geopf.fr)"}}, {"type": "Feature", "geometry": {"type": "LineString", "coordinates": [[0.22369022, 43.58740882], [0.22361975, 43.58740612], [0.22343714, 43.58739155], [0.22335116, 43.58737675], [0.22329193, 43.58734642], [0.22324658, 43.58731105], [0.22320292, 43.58724061], [0.22305702, 43.58703071], [0.22296526, 43.5868537]]}, "properties": {"nature": "Route empierr\u00e9e", "prive": false, "acces_pieton": null, "acces_vehicule_leger": "Libre", "nom": "", "source": "BDTOPO_V3:troncon_de_route (IGN, WFS data.geopf.fr)"}}, {"type": "Feature", "geometry": {"type": "LineString", "coordinates": [[0.21568037, 43.58860553], [0.21571543, 43.58864874], [0.21575707, 43.58868402], [0.21581811, 43.5887279], [0.21587112, 43.58878418], [0.2159024, 43.58885431], [0.21590994, 43.58890312], [0.21588777, 43.58892596], [0.2158486, 43.58894206], [0.21576912, 43.58894632], [0.21569066, 43.58895511], [0.21564692, 43.588963], [0.21561981, 43.58898571], [0.21560144, 43.58900685], [0.21560018, 43.58903292], [0.21559712, 43.58909587], [0.2155877, 43.58936662], [0.21554449, 43.58966982], [0.2154589, 43.5901574], [0.21537677, 43.59062436], [0.21531127, 43.59110615], [0.21525321, 43.59146028], [0.21522942, 43.59179729], [0.21522881, 43.59203946], [0.21521258, 43.59209307]]}, "properties": {"nature": "Chemin", "prive": false, "acces_pieton": null, "acces_vehicule_leger": "Libre", "nom": "", "source": "BDTOPO_V3:troncon_de_route (IGN, WFS data.geopf.fr)"}}, {"type": "Feature", "geometry": {"type": "LineString", "coordinates": [[0.20169159, 43.58837198], [0.20185132, 43.58806819], [0.2019405, 43.58789042], [0.20206796, 43.58763892], [0.20218071, 43.58740954], [0.20224796, 43.58730053]]}, "properties": {"nature": "Route \u00e0 1 chauss\u00e9e", "prive": false, "acces_pieton": null, "acces_vehicule_leger": "Libre", "nom": "Route de Mascaras", "source": "BDTOPO_V3:troncon_de_route (IGN, WFS data.geopf.fr)"}}, {"type": "Feature", "geometry": {"type": "LineString", "coordinates": [[0.18451165, 43.5832768], [0.18445126, 43.58322032], [0.18436842, 43.58316685], [0.18424963, 43.58308904], [0.18418067, 43.58305574], [0.18413804, 43.58304113], [0.18406475, 43.58304553], [0.18392957, 43.58307444], [0.18351445, 43.58320502], [0.18340414, 43.58323187], [0.18333487, 43.58323008], [0.18326975, 43.58321938], [0.18324404, 43.58321332], [0.18322425, 43.5832128], [0.18321188, 43.58321248], [0.18319054, 43.58321823]]}, "properties": {"nature": "Route empierr\u00e9e", "prive": false, "acces_pieton": null, "acces_vehicule_leger": "Libre", "nom": "", "source": "BDTOPO_V3:troncon_de_route (IGN, WFS data.geopf.fr)"}}, {"type": "Feature", "geometry": {"type": "LineString", "coordinates": [[0.16324783, 43.58805152], [0.16318915, 43.5878105], [0.16316167, 43.58763962], [0.1631182, 43.58749173], [0.16306336, 43.5872481], [0.1630744, 43.58715025], [0.16308901, 43.5870552], [0.16312022, 43.58697498], [0.1631761, 43.5868468], [0.16324502, 43.58673065], [0.16335365, 43.58646249], [0.16343226, 43.58625026], [0.16350142, 43.586054], [0.1635769, 43.58582998], [0.16365118, 43.58563025], [0.16374232, 43.58549038], [0.16389892, 43.58525408], [0.16397724, 43.58512287], [0.16401048, 43.58505171], [0.16402587, 43.58499089], [0.16403712, 43.58491376], [0.16401617, 43.58478626], [0.16398246, 43.58464133], [0.16394107, 43.5845016], [0.16393058, 43.58441309], [0.16392659, 43.58429324], [0.16393038, 43.58404125], [0.16392897, 43.58389446], [0.1639056, 43.58374079], [0.16387881, 43.58365636], [0.1638265, 43.58351184], [0.1637719, 43.58336366], [0.16373794, 43.58332406], [0.16369687, 43.58327797]]}, "properties": {"nature": "Route \u00e0 1 chauss\u00e9e", "prive": false, "acces_pieton": null, "acces_vehicule_leger": "Libre", "nom": "Route du Village", "source": "BDTOPO_V3:troncon_de_route (IGN, WFS data.geopf.fr)"}}, {"type": "Feature", "geometry": {"type": "LineString", "coordinates": [[0.16336482, 43.58834088], [0.16338671, 43.58839908], [0.16348063, 43.5885789], [0.1635652, 43.58869725], [0.16364277, 43.5887569], [0.16370465, 43.58880803], [0.16377567, 43.58887471], [0.16397212, 43.58911033], [0.16404949, 43.58922399], [0.16414162, 43.58931463], [0.1642449, 43.58938035], [0.16441444, 43.58948382], [0.16469297, 43.58961263], [0.16486618, 43.58969189], [0.16502004, 43.58976163]]}, "properties": {"nature": "Route \u00e0 1 chauss\u00e9e", "prive": false, "acces_pieton": null, "acces_vehicule_leger": "Libre", "nom": "Route du Village", "source": "BDTOPO_V3:troncon_de_route (IGN, WFS data.geopf.fr)"}}, {"type": "Feature", "geometry": {"type": "LineString", "coordinates": [[0.15647124, 43.5855523], [0.15648909, 43.58554196], [0.15668453, 43.58544714], [0.15692384, 43.58534177], [0.15709357, 43.58526608], [0.15734396, 43.5851871], [0.1574807, 43.58515197], [0.1576843, 43.58509247], [0.15798662, 43.58496534], [0.15820795, 43.58484778], [0.15842563, 43.58470402], [0.1586331, 43.5845663], [0.15878241, 43.58447747], [0.1591077, 43.58433653], [0.15938942, 43.58422505], [0.15987345, 43.58402974], [0.15999801, 43.58396547], [0.16025145, 43.58384966], [0.16088945, 43.58362145], [0.16108465, 43.58355633], [0.16144804, 43.58344608], [0.16165392, 43.58339024], [0.16177675, 43.58336104], [0.16195001, 43.58333856], [0.16221142, 43.58331208]]}, "properties": {"nature": "Route \u00e0 1 chauss\u00e9e", "prive": false, "acces_pieton": null, "acces_vehicule_leger": "Libre", "nom": "Chemin du Berret", "source": "BDTOPO_V3:troncon_de_route (IGN, WFS data.geopf.fr)"}}, {"type": "Feature", "geometry": {"type": "LineString", "coordinates": [[0.16369687, 43.58327797], [0.16354385, 43.58326677], [0.16316437, 43.58325145], [0.16274898, 43.5832613], [0.16243646, 43.58329455], [0.16221142, 43.58331208]]}, "properties": {"nature": "Route \u00e0 1 chauss\u00e9e", "prive": false, "acces_pieton": null, "acces_vehicule_leger": "Libre", "nom": "Chemin du Berret", "source": "BDTOPO_V3:troncon_de_route (IGN, WFS data.geopf.fr)"}}, {"type": "Feature", "geometry": {"type": "LineString", "coordinates": [[0.16324783, 43.58805152], [0.16331449, 43.58820632], [0.16336482, 43.58834088]]}, "properties": {"nature": "Route \u00e0 1 chauss\u00e9e", "prive": false, "acces_pieton": null, "acces_vehicule_leger": "Libre", "nom": "Route du Village", "source": "BDTOPO_V3:troncon_de_route (IGN, WFS data.geopf.fr)"}}, {"type": "Feature", "geometry": {"type": "LineString", "coordinates": [[0.16312422, 43.58832199], [0.16317642, 43.58824323], [0.16321183, 43.58817843], [0.16324783, 43.58805152]]}, "properties": {"nature": "Route \u00e0 1 chauss\u00e9e", "prive": false, "acces_pieton": null, "acces_vehicule_leger": "Libre", "nom": "Chemin de Lasserre", "source": "BDTOPO_V3:troncon_de_route (IGN, WFS data.geopf.fr)"}}, {"type": "Feature", "geometry": {"type": "LineString", "coordinates": [[0.16336482, 43.58834088], [0.16326843, 43.58831136], [0.16312422, 43.58832199]]}, "properties": {"nature": "Route \u00e0 1 chauss\u00e9e", "prive": false, "acces_pieton": null, "acces_vehicule_leger": "Libre", "nom": "Chemin de Lasserre", "source": "BDTOPO_V3:troncon_de_route (IGN, WFS data.geopf.fr)"}}, {"type": "Feature", "geometry": {"type": "LineString", "coordinates": [[0.15647124, 43.5855523], [0.1563549, 43.58557536], [0.15630388, 43.58558033], [0.15627048, 43.58557945], [0.15625948, 43.58557646], [0.15621102, 43.58555449], [0.15611142, 43.58551496], [0.15601614, 43.58548816], [0.15596087, 43.58547861], [0.15592757, 43.58547594], [0.15589779, 43.58547696], [0.15583797, 43.58548439], [0.15580395, 43.58549611], [0.15577049, 43.58552134], [0.1557346, 43.58557082], [0.15566783, 43.58569332], [0.15560395, 43.58578258]]}, "properties": {"nature": "Route \u00e0 1 chauss\u00e9e", "prive": false, "acces_pieton": null, "acces_vehicule_leger": "Libre", "nom": "Chemin du Berret", "source": "BDTOPO_V3:troncon_de_route (IGN, WFS data.geopf.fr)"}}, {"type": "Feature", "geometry": {"type": "LineString", "coordinates": [[0.15647124, 43.5855523], [0.15642652, 43.58557994], [0.15630667, 43.58564883], [0.15607654, 43.58576885], [0.15591357, 43.58585821], [0.15572003, 43.58593958], [0.15568619, 43.58594769], [0.15564952, 43.58593773]]}, "properties": {"nature": "Chemin", "prive": false, "acces_pieton": null, "acces_vehicule_leger": "Libre", "nom": "", "source": "BDTOPO_V3:troncon_de_route (IGN, WFS data.geopf.fr)"}}, {"type": "Feature", "geometry": {"type": "LineString", "coordinates": [[0.15091883, 43.58759368], [0.15082448, 43.58764792], [0.15076871, 43.58767347], [0.1506855, 43.5877028], [0.15054581, 43.58777206], [0.15048265, 43.58782172], [0.15040277, 43.58790876], [0.15030735, 43.58805932], [0.15023297, 43.58818521], [0.15017044, 43.58829701], [0.15010184, 43.58843117], [0.15002746, 43.58855706], [0.1499618, 43.58865708], [0.14983585, 43.58879873], [0.14971491, 43.5889144], [0.14968179, 43.58895765]]}, "properties": {"nature": "Chemin", "prive": false, "acces_pieton": null, "acces_vehicule_leger": "Libre", "nom": null, "source": "BDTOPO_V3:troncon_de_route (IGN, WFS data.geopf.fr)"}}, {"type": "Feature", "geometry": {"type": "LineString", "coordinates": [[0.15102124, 43.58338637], [0.15078661, 43.58347205], [0.15040636, 43.58359712], [0.15021173, 43.58365054], [0.15008732, 43.58366168], [0.14990327, 43.58367665]]}, "properties": {"nature": "Chemin", "prive": false, "acces_pieton": null, "acces_vehicule_leger": "Libre", "nom": "", "source": "BDTOPO_V3:troncon_de_route (IGN, WFS data.geopf.fr)"}}, {"type": "Feature", "geometry": {"type": "LineString", "coordinates": [[0.14655741, 43.58284059], [0.14683487, 43.58293972], [0.14711881, 43.58305792], [0.14749878, 43.58318765], [0.14782085, 43.58331135], [0.14814603, 43.58339732], [0.14849444, 43.58348931], [0.14891064, 43.58356326], [0.14933898, 43.58364203], [0.14970951, 43.58368777], [0.14990327, 43.58367665]]}, "properties": {"nature": "Chemin", "prive": false, "acces_pieton": null, "acces_vehicule_leger": "Libre", "nom": "", "source": "BDTOPO_V3:troncon_de_route (IGN, WFS data.geopf.fr)"}}, {"type": "Feature", "geometry": {"type": "LineString", "coordinates": [[0.15044206, 43.58721743], [0.15037607, 43.58719949], [0.15030508, 43.58718232], [0.15023061, 43.58716056], [0.15019628, 43.58715336], [0.15014291, 43.58715556], [0.15009842, 43.58715349], [0.15001355, 43.58716657], [0.14994745, 43.58717564], [0.14991776, 43.58717486], [0.14985058, 43.58715599], [0.14974218, 43.58711893], [0.14939478, 43.58698106], [0.14913806, 43.58688789], [0.14874879, 43.58674532], [0.14826649, 43.58658049], [0.14791737, 43.58645248], [0.14774701, 43.58639128], [0.14756821, 43.58632536], [0.14736097, 43.58623348], [0.14723148, 43.58617246], [0.14713122, 43.58612121], [0.14696339, 43.58603397], [0.14678007, 43.58593461], [0.14660196, 43.58583], [0.14641206, 43.58571336], [0.1461906, 43.58555899], [0.14594614, 43.58536889], [0.14573662, 43.58519862], [0.14551376, 43.5850226], [0.14528025, 43.5848616], [0.14498069, 43.58463404], [0.14462161, 43.58435809], [0.14425667, 43.58407569], [0.14409484, 43.58394269], [0.14397216, 43.58386923], [0.14387068, 43.58381795], [0.14382374, 43.5837906], [0.14380241, 43.58377113], [0.14378052, 43.58373814]]}, "properties": {"nature": "Route \u00e0 1 chauss\u00e9e", "prive": false, "acces_pieton": null, "acces_vehicule_leger": "Libre", "nom": "Chemin de Duran", "source": "BDTOPO_V3:troncon_de_route (IGN, WFS data.geopf.fr)"}}, {"type": "Feature", "geometry": {"type": "LineString", "coordinates": [[0.1703533, 43.57990164], [0.17033005, 43.57994605], [0.17032324, 43.5800089], [0.17031991, 43.58010154], [0.17032763, 43.58014586], [0.17034953, 43.58017884], [0.17044524, 43.58027227]]}, "properties": {"nature": "Route empierr\u00e9e", "prive": false, "acces_pieton": null, "acces_vehicule_leger": "Libre", "nom": "", "source": "BDTOPO_V3:troncon_de_route (IGN, WFS data.geopf.fr)"}}, {"type": "Feature", "geometry": {"type": "LineString", "coordinates": [[0.23310513, 43.58185296], [0.23320535, 43.58193204], [0.23337356, 43.58211638], [0.23357669, 43.58232143], [0.23377828, 43.58248142], [0.23401644, 43.58267925], [0.2341712, 43.58283444]]}, "properties": {"nature": "Route empierr\u00e9e", "prive": false, "acces_pieton": null, "acces_vehicule_leger": "Libre", "nom": null, "source": "BDTOPO_V3:troncon_de_route (IGN, WFS data.geopf.fr)"}}, {"type": "Feature", "geometry": {"type": "LineString", "coordinates": [[0.23310513, 43.58185296], [0.23310602, 43.58186018], [0.23304546, 43.58206301], [0.23302619, 43.58210303], [0.23297559, 43.58217647], [0.23288888, 43.58227959], [0.23279366, 43.58235369], [0.23258961, 43.58250154], [0.2324438, 43.58262297], [0.23239049, 43.58272695], [0.23237157, 43.58281109], [0.232372, 43.58290474], [0.23239269, 43.58306642], [0.23242998, 43.58326904], [0.2324777, 43.58338369], [0.23252193, 43.58344244], [0.23257552, 43.58348702], [0.23263704, 43.583521], [0.23272962, 43.58355307], [0.23279338, 43.5835664], [0.23302925, 43.58358051], [0.23329316, 43.58357823], [0.23353066, 43.58358428], [0.23369423, 43.58360826], [0.23388395, 43.58368061], [0.23396943, 43.58373141], [0.23404936, 43.58379467], [0.23410831, 43.58385649], [0.23417151, 43.58393282], [0.23429006, 43.58414561], [0.23447172, 43.58448786], [0.23465867, 43.58484914], [0.23484526, 43.58521761], [0.23501263, 43.58552258], [0.23514039, 43.58575001], [0.23526162, 43.58598447], [0.23541454, 43.58628097], [0.23549346, 43.58644233], [0.235508, 43.58650032], [0.23551224, 43.58659226]]}, "properties": {"nature": "Route \u00e0 1 chauss\u00e9e", "prive": false, "acces_pieton": null, "acces_vehicule_leger": "Libre", "nom": "Route de Belmont", "source": "BDTOPO_V3:troncon_de_route (IGN, WFS data.geopf.fr)"}}, {"type": "Feature", "geometry": {"type": "LineString", "coordinates": [[0.23334847, 43.57940043], [0.23323557, 43.57940475], [0.23316791, 43.57942103], [0.23306542, 43.57946614], [0.23272539, 43.57963483], [0.23240916, 43.57979783], [0.23201236, 43.58001369], [0.23192116, 43.58008159], [0.23186988, 43.5801433], [0.23183037, 43.58021792], [0.23175731, 43.58037181], [0.23172435, 43.58056724], [0.23172965, 43.58081676], [0.23167695, 43.58131868], [0.23165679, 43.58150543], [0.23163056, 43.5816128], [0.231581, 43.58171597], [0.23151813, 43.5818125], [0.23141464, 43.58192961], [0.23121441, 43.58210096], [0.23100838, 43.58226406], [0.23090363, 43.58235592], [0.23077961, 43.58248781], [0.23069157, 43.5825927], [0.23062169, 43.58270615], [0.23056243, 43.58283069], [0.2305187, 43.58299253], [0.230495, 43.58312427], [0.23050177, 43.58334321], [0.23049609, 43.58356364], [0.23048411, 43.58376051], [0.23044737, 43.58388021], [0.23040106, 43.58396726], [0.23031978, 43.58408583], [0.2302103, 43.58422438], [0.23014619, 43.58432088], [0.23012017, 43.58437243], [0.23012638, 43.5843978], [0.23010459, 43.58448998], [0.2301196, 43.58458939], [0.23016051, 43.58469127], [0.23033536, 43.58494332], [0.23042573, 43.58507257], [0.23046247, 43.58515813], [0.23049055, 43.58524348], [0.23049327, 43.58531557], [0.23047959, 43.58539355], [0.23045253, 43.58546668], [0.23040025, 43.58554908], [0.23030797, 43.58566467], [0.23022142, 43.58576419], [0.23018334, 43.58580914]]}, "properties": {"nature": "Route \u00e0 1 chauss\u00e9e", "prive": false, "acces_pieton": null, "acces_vehicule_leger": "Libre", "nom": "Route de Gazax-et-Baccarisse", "source": "BDTOPO_V3:troncon_de_route (IGN, WFS data.geopf.fr)"}}, {"type": "Feature", "geometry": {"type": "LineString", "coordinates": [[0.23377246, 43.57820933], [0.23386113, 43.57821969], [0.23413452, 43.57822575], [0.2344773, 43.57823088], [0.23484155, 43.57822756], [0.23516198, 43.57823392], [0.23546894, 43.57823723], [0.23578448, 43.57824256], [0.23582158, 43.57824351]]}, "properties": {"nature": "Route \u00e0 1 chauss\u00e9e", "prive": false, "acces_pieton": null, "acces_vehicule_leger": "Libre", "nom": "RTE DE MARCIAC", "source": "BDTOPO_V3:troncon_de_route (IGN, WFS data.geopf.fr)"}}, {"type": "Feature", "geometry": {"type": "LineString", "coordinates": [[0.23287023, 43.57786403], [0.23291667, 43.57787691], [0.23302573, 43.57792651], [0.23313605, 43.57800134], [0.23327005, 43.57807318], [0.23340355, 43.5781297], [0.23354631, 43.57817385], [0.23370712, 43.57820316], [0.23377246, 43.57820933]]}, "properties": {"nature": "Route \u00e0 1 chauss\u00e9e", "prive": false, "acces_pieton": null, "acces_vehicule_leger": "Libre", "nom": "RTE DE MARCIAC", "source": "BDTOPO_V3:troncon_de_route (IGN, WFS data.geopf.fr)"}}, {"type": "Feature", "geometry": {"type": "LineString", "coordinates": [[0.23310013, 43.57828402], [0.23347456, 43.57830077], [0.23356745, 43.57830043], [0.23361957, 43.57829816], [0.23367306, 43.57829322], [0.23369328, 43.57828473], [0.23371483, 43.57827448], [0.23377246, 43.57820933]]}, "properties": {"nature": "Route \u00e0 1 chauss\u00e9e", "prive": false, "acces_pieton": null, "acces_vehicule_leger": "Libre", "nom": "Impasse de l'\u00c9tendard", "source": "BDTOPO_V3:troncon_de_route (IGN, WFS data.geopf.fr)"}}, {"type": "Feature", "geometry": {"type": "LineString", "coordinates": [[0.2329294, 43.57828057], [0.23265423, 43.57831137], [0.23240538, 43.57833564], [0.23219516, 43.57832938], [0.23207611, 43.57833265]]}, "properties": {"nature": "Route empierr\u00e9e", "prive": false, "acces_pieton": null, "acces_vehicule_leger": "Libre", "nom": "Impasse de l'\u00c9tendard", "source": "BDTOPO_V3:troncon_de_route (IGN, WFS data.geopf.fr)"}}, {"type": "Feature", "geometry": {"type": "LineString", "coordinates": [[0.23340341, 43.57933971], [0.23336683, 43.57937929], [0.23334847, 43.57940043]]}, "properties": {"nature": "Route \u00e0 1 chauss\u00e9e", "prive": false, "acces_pieton": null, "acces_vehicule_leger": "Libre", "nom": "Route de Belmont", "source": "BDTOPO_V3:troncon_de_route (IGN, WFS data.geopf.fr)"}}, {"type": "Feature", "geometry": {"type": "LineString", "coordinates": [[0.23334847, 43.57940043], [0.23333541, 43.5794145], [0.23330837, 43.57946153], [0.23328148, 43.57971113], [0.23326164, 43.58004553], [0.23324005, 43.58021064], [0.23320933, 43.5803341], [0.23316715, 43.58048968], [0.23306765, 43.58080675], [0.23297333, 43.58114466], [0.23295615, 43.58124416], [0.2329572, 43.58132521], [0.23299999, 43.58146495], [0.23307316, 43.58166848], [0.23310105, 43.58178353], [0.23310513, 43.58185296]]}, "properties": {"nature": "Route \u00e0 1 chauss\u00e9e", "prive": false, "acces_pieton": null, "acces_vehicule_leger": "Libre", "nom": "Route de Belmont", "source": "BDTOPO_V3:troncon_de_route (IGN, WFS data.geopf.fr)"}}, {"type": "Feature", "geometry": {"type": "LineString", "coordinates": [[0.22129799, 43.57841745], [0.22133129, 43.57842011], [0.22146535, 43.57841363], [0.22153046, 43.5783991], [0.2215762, 43.57837506], [0.2216249, 43.57834119], [0.22167789, 43.57832094], [0.22173438, 43.57830528], [0.2218442, 43.57831349], [0.22195111, 43.57833063]]}, "properties": {"nature": "Route empierr\u00e9e", "prive": false, "acces_pieton": null, "acces_vehicule_leger": "Libre", "nom": "Impasse de Guillembounet", "source": "BDTOPO_V3:troncon_de_route (IGN, WFS data.geopf.fr)"}}, {"type": "Feature", "geometry": {"type": "LineString", "coordinates": [[0.22178616, 43.57869374], [0.22176102, 43.57875251], [0.22170795, 43.57885109], [0.22164558, 43.57891162]]}, "properties": {"nature": "Route empierr\u00e9e", "prive": false, "acces_pieton": null, "acces_vehicule_leger": "Libre", "nom": null, "source": "BDTOPO_V3:troncon_de_route (IGN, WFS data.geopf.fr)"}}, {"type": "Feature", "geometry": {"type": "LineString", "coordinates": [[0.22129799, 43.57841745], [0.22124937, 43.57832168], [0.22122299, 43.5783039], [0.22115318, 43.5782877], [0.22077981, 43.57824934], [0.22062317, 43.57818501], [0.22045607, 43.57813211], [0.22034085, 43.57810756], [0.22022051, 43.57808647], [0.21998682, 43.57805348], [0.21973656, 43.57802996], [0.21947774, 43.57800443], [0.2191916, 43.57795478], [0.21914083, 43.57792917], [0.21908921, 43.57789544], [0.2190527, 43.57785669], [0.21894276, 43.57746765], [0.2189259, 43.57735558], [0.21889638, 43.57712164], [0.21889035, 43.57709267], [0.21889148, 43.5770693], [0.21888971, 43.57705485], [0.2188775, 43.57702572]]}, "properties": {"nature": "Route \u00e0 1 chauss\u00e9e", "prive": false, "acces_pieton": null, "acces_vehicule_leger": "Libre", "nom": "Impasse de Guillembounet", "source": "BDTOPO_V3:troncon_de_route (IGN, WFS data.geopf.fr)"}}, {"type": "Feature", "geometry": {"type": "LineString", "coordinates": [[0.2188775, 43.57702572], [0.21936093, 43.57691386], [0.21959323, 43.57684779], [0.21983443, 43.57675133], [0.22007363, 43.57664492], [0.22048686, 43.57644843], [0.22086286, 43.57627889], [0.22146168, 43.57600882], [0.22162644, 43.57595632], [0.22164645, 43.57595233], [0.22171035, 43.57593686], [0.2218394, 43.57590595], [0.22241371, 43.5757838], [0.22303376, 43.5756376], [0.22339505, 43.57554151], [0.22363362, 43.57547379], [0.2238319, 43.57541944], [0.22436674, 43.57526836], [0.22465505, 43.57517039], [0.22478497, 43.57512149], [0.2249626, 43.5750333], [0.22509483, 43.57496196], [0.22530451, 43.57485118], [0.22553096, 43.57472642], [0.22583124, 43.57456034], [0.22597584, 43.57448931], [0.22599845, 43.57448268]]}, "properties": {"nature": "Route \u00e0 1 chauss\u00e9e", "prive": false, "acces_pieton": null, "acces_vehicule_leger": "Libre", "nom": "RTE DE BEAUMARCHES", "source": "BDTOPO_V3:troncon_de_route (IGN, WFS data.geopf.fr)"}}, {"type": "Feature", "geometry": {"type": "LineString", "coordinates": [[0.22195111, 43.57833063], [0.22235163, 43.5783967]]}, "properties": {"nature": "Route empierr\u00e9e", "prive": false, "acces_pieton": null, "acces_vehicule_leger": "Libre", "nom": "Impasse de Guillembounet", "source": "BDTOPO_V3:troncon_de_route (IGN, WFS data.geopf.fr)"}}, {"type": "Feature", "geometry": {"type": "LineString", "coordinates": [[0.20304793, 43.58120618], [0.20293042, 43.58120315], [0.20277333, 43.58117389], [0.20268749, 43.58115638], [0.20243713, 43.58110941], [0.20229611, 43.58108057], [0.20187783, 43.58099776], [0.20179336, 43.58097758], [0.20165217, 43.58095233], [0.2015928, 43.5809508], [0.20145268, 43.58095439], [0.20133345, 43.58096123], [0.20121561, 43.5809906]]}, "properties": {"nature": "Route empierr\u00e9e", "prive": false, "acces_pieton": null, "acces_vehicule_leger": "Libre", "nom": "", "source": "BDTOPO_V3:troncon_de_route (IGN, WFS data.geopf.fr)"}}, {"type": "Feature", "geometry": {"type": "LineString", "coordinates": [[0.17064713, 43.5804729], [0.17060136, 43.58049692], [0.17056137, 43.58052919], [0.17051807, 43.58057848], [0.17048435, 43.58068474], [0.17043715, 43.58078795], [0.17038607, 43.58084424], [0.170335, 43.58087532], [0.17029851, 43.58088697], [0.1701807, 43.58089021]]}, "properties": {"nature": "Route empierr\u00e9e", "prive": false, "acces_pieton": null, "acces_vehicule_leger": "Libre", "nom": "", "source": "BDTOPO_V3:troncon_de_route (IGN, WFS data.geopf.fr)"}}, {"type": "Feature", "geometry": {"type": "LineString", "coordinates": [[0.21525702, 43.57492253], [0.21525397, 43.57498547], [0.21524559, 43.57515812], [0.21525067, 43.57538512], [0.21526783, 43.57556743], [0.21533094, 43.57577252], [0.21546367, 43.5759974], [0.21562141, 43.57621752], [0.21576247, 43.57639849], [0.21584889, 43.57650605], [0.21598934, 43.57662309], [0.21612818, 43.57672208], [0.2162952, 43.57680199], [0.21640199, 43.57684704], [0.21666167, 43.57690592], [0.21693509, 43.57696244], [0.21723181, 43.57699796], [0.2175712, 43.57702196], [0.2179567, 43.57703994], [0.21854393, 43.57706039], [0.21870895, 43.57705382], [0.2188775, 43.57702572]]}, "properties": {"nature": "Route \u00e0 1 chauss\u00e9e", "prive": false, "acces_pieton": null, "acces_vehicule_leger": "Libre", "nom": "RTE DE BEAUMARCHES", "source": "BDTOPO_V3:troncon_de_route (IGN, WFS data.geopf.fr)"}}, {"type": "Feature", "geometry": {"type": "LineString", "coordinates": [[0.20770041, 43.57816132], [0.20772531, 43.57813315], [0.20773061, 43.57812609], [0.20782027, 43.57801405], [0.20791735, 43.577877], [0.20797556, 43.57777496], [0.2080185, 43.57768153], [0.20804925, 43.5776094], [0.20807805, 43.5775012], [0.20810929, 43.57734265], [0.20813175, 43.57711005], [0.2081791, 43.57654407], [0.20821558, 43.57615067], [0.20822714, 43.57604023]]}, "properties": {"nature": "Route \u00e0 1 chauss\u00e9e", "prive": false, "acces_pieton": null, "acces_vehicule_leger": "Libre", "nom": "Route de C\u00e9sar", "source": "BDTOPO_V3:troncon_de_route (IGN, WFS data.geopf.fr)"}}, {"type": "Feature", "geometry": {"type": "LineString", "coordinates": [[0.20710813, 43.5755982], [0.20708999, 43.57592005], [0.20709386, 43.57596786]]}, "properties": {"nature": "Route empierr\u00e9e", "prive": false, "acces_pieton": null, "acces_vehicule_leger": "Libre", "nom": "", "source": "BDTOPO_V3:troncon_de_route (IGN, WFS data.geopf.fr)"}}, {"type": "Feature", "geometry": {"type": "LineString", "coordinates": [[0.21525702, 43.57492253], [0.21515787, 43.5749497], [0.2150832, 43.57498289], [0.21498425, 43.57503167], [0.21484295, 43.57511088], [0.21477105, 43.57513784], [0.21468918, 43.57516635]]}, "properties": {"nature": "Route empierr\u00e9e", "prive": false, "acces_pieton": null, "acces_vehicule_leger": "Libre", "nom": "", "source": "BDTOPO_V3:troncon_de_route (IGN, WFS data.geopf.fr)"}}, {"type": "Feature", "geometry": {"type": "LineString", "coordinates": [[0.20822714, 43.57604023], [0.20803539, 43.5760362], [0.20760763, 43.57602159], [0.20740895, 43.57600748], [0.20726097, 43.57599467], [0.20709386, 43.57596786]]}, "properties": {"nature": "Route \u00e0 1 chauss\u00e9e", "prive": false, "acces_pieton": null, "acces_vehicule_leger": "Libre", "nom": "Impasse de Paillass\u00e9", "source": "BDTOPO_V3:troncon_de_route (IGN, WFS data.geopf.fr)"}}, {"type": "Feature", "geometry": {"type": "LineString", "coordinates": [[0.20822714, 43.57604023], [0.2082658, 43.5756784], [0.20826293, 43.57558469], [0.2082725, 43.57546429], [0.20828542, 43.57532598], [0.20831102, 43.57510516], [0.20832211, 43.57500461]]}, "properties": {"nature": "Route \u00e0 1 chauss\u00e9e", "prive": false, "acces_pieton": null, "acces_vehicule_leger": "Libre", "nom": "Route de C\u00e9sar", "source": "BDTOPO_V3:troncon_de_route (IGN, WFS data.geopf.fr)"}}, {"type": "Feature", "geometry": {"type": "LineString", "coordinates": [[0.20684064, 43.57590373], [0.20670365, 43.57597043], [0.2065485, 43.57602856], [0.20638601, 43.57605949], [0.20628773, 43.57606867], [0.2061323, 43.57608177], [0.20597302, 43.57607227], [0.20584438, 43.57604375], [0.20573694, 43.57601218], [0.20568325, 43.57597028], [0.20563484, 43.5758709], [0.20554439, 43.57569391]]}, "properties": {"nature": "Chemin", "prive": false, "acces_pieton": "Libre", "acces_vehicule_leger": "Libre", "nom": null, "source": "BDTOPO_V3:troncon_de_route (IGN, WFS data.geopf.fr)"}}, {"type": "Feature", "geometry": {"type": "LineString", "coordinates": [[0.20709386, 43.57596786], [0.20702883, 43.57595539], [0.20690395, 43.57592607], [0.20684064, 43.57590373]]}, "properties": {"nature": "Route \u00e0 1 chauss\u00e9e", "prive": false, "acces_pieton": null, "acces_vehicule_leger": "Libre", "nom": "Impasse de Paillass\u00e9", "source": "BDTOPO_V3:troncon_de_route (IGN, WFS data.geopf.fr)"}}, {"type": "Feature", "geometry": {"type": "LineString", "coordinates": [[0.20304793, 43.58120618], [0.20306114, 43.58108767], [0.20309995, 43.58092662], [0.2031508, 43.58082349], [0.2032191, 43.58071811], [0.20330834, 43.58061507], [0.20343507, 43.5805049], [0.20359185, 43.58038829], [0.20368773, 43.58032684], [0.20382358, 43.58025831], [0.20406618, 43.58013402], [0.20431342, 43.58001614], [0.20452988, 43.57991998], [0.20470058, 43.57984784], [0.20485472, 43.57978519], [0.20502737, 43.57972391], [0.20521491, 43.57966212], [0.20551919, 43.57956821], [0.2057455, 43.57949841], [0.20598237, 43.57941538], [0.20607326, 43.5793799], [0.20616822, 43.57933733], [0.20630411, 43.5792679], [0.20657884, 43.57909401], [0.20674174, 43.57897846], [0.20692646, 43.57884726], [0.20725093, 43.57859272], [0.20742274, 43.57844678], [0.20760871, 43.5782643], [0.20764408, 43.5782247], [0.20770041, 43.57816132]]}, "properties": {"nature": "Route \u00e0 1 chauss\u00e9e", "prive": false, "acces_pieton": null, "acces_vehicule_leger": "Libre", "nom": "Route de C\u00e9sar", "source": "BDTOPO_V3:troncon_de_route (IGN, WFS data.geopf.fr)"}}, {"type": "Feature", "geometry": {"type": "LineString", "coordinates": [[0.20312171, 43.5815727], [0.20309921, 43.58152621], [0.20306041, 43.58138206], [0.20304556, 43.58122952], [0.20304793, 43.58120618]]}, "properties": {"nature": "Route \u00e0 1 chauss\u00e9e", "prive": false, "acces_pieton": null, "acces_vehicule_leger": "Libre", "nom": "Route de C\u00e9sar", "source": "BDTOPO_V3:troncon_de_route (IGN, WFS data.geopf.fr)"}}, {"type": "Feature", "geometry": {"type": "LineString", "coordinates": [[0.19956824, 43.58046195], [0.19953612, 43.58043501], [0.19949007, 43.58038881], [0.19937147, 43.58028131], [0.19925517, 43.58015227], [0.19911747, 43.58000466], [0.19903488, 43.5798954], [0.1989651, 43.57980266], [0.19882424, 43.57956765], [0.19871493, 43.57934605], [0.19862434, 43.57909613], [0.19854322, 43.57888066], [0.19848929, 43.57874242], [0.19846161, 43.57867508]]}, "properties": {"nature": "Chemin", "prive": false, "acces_pieton": "Libre", "acces_vehicule_leger": "Libre", "nom": null, "source": "BDTOPO_V3:troncon_de_route (IGN, WFS data.geopf.fr)"}}, {"type": "Feature", "geometry": {"type": "LineString", "coordinates": [[0.20684064, 43.57590373], [0.20681387, 43.57589404], [0.2066464, 43.57577269]]}, "properties": {"nature": "Route \u00e0 1 chauss\u00e9e", "prive": false, "acces_pieton": null, "acces_vehicule_leger": "Libre", "nom": "", "source": "BDTOPO_V3:troncon_de_route (IGN, WFS data.geopf.fr)"}}, {"type": "Feature", "geometry": {"type": "LineString", "coordinates": [[0.17044524, 43.58027227], [0.17064713, 43.5804729]]}, "properties": {"nature": "Route \u00e0 1 chauss\u00e9e", "prive": false, "acces_pieton": null, "acces_vehicule_leger": "Libre", "nom": "", "source": "BDTOPO_V3:troncon_de_route (IGN, WFS data.geopf.fr)"}}, {"type": "Feature", "geometry": {"type": "LineString", "coordinates": [[0.18373856, 43.57561121], [0.18364841, 43.57563138], [0.18356254, 43.57563995], [0.18347416, 43.57564936], [0.18335273, 43.57565071], [0.18322402, 43.57564918], [0.18308726, 43.57563482], [0.18293854, 43.57561206], [0.18263486, 43.57554206], [0.18236312, 43.57547738], [0.18218812, 43.57543503], [0.1819416, 43.5753611], [0.18170361, 43.57526489], [0.18136654, 43.57511839], [0.18097652, 43.57494081], [0.18062903, 43.57477963], [0.18033601, 43.57464417], [0.18018247, 43.57456816]]}, "properties": {"nature": "Route \u00e0 1 chauss\u00e9e", "prive": false, "acces_pieton": null, "acces_vehicule_leger": "Libre", "nom": "Route de Bassoues", "source": "BDTOPO_V3:troncon_de_route (IGN, WFS data.geopf.fr)"}}, {"type": "Feature", "geometry": {"type": "LineString", "coordinates": [[0.18018247, 43.57456816], [0.18002762, 43.57449391], [0.17972722, 43.57433215], [0.17943332, 43.57416426], [0.17929074, 43.57409213]]}, "properties": {"nature": "Route \u00e0 1 chauss\u00e9e", "prive": false, "acces_pieton": null, "acces_vehicule_leger": "Libre", "nom": "Route de Bassoues", "source": "BDTOPO_V3:troncon_de_route (IGN, WFS data.geopf.fr)"}}, {"type": "Feature", "geometry": {"type": "LineString", "coordinates": [[0.18419102, 43.57916031], [0.1841578, 43.57923147], [0.1841188, 43.57931959], [0.18408488, 43.57940514], [0.18404045, 43.57952824], [0.18401598, 43.57959783], [0.18399442, 43.57965849], [0.18393387, 43.57978206], [0.18388683, 43.57985737], [0.18376942, 43.58000378], [0.18363297, 43.5801596], [0.18355231, 43.58026374], [0.18346366, 43.58037939], [0.1833004, 43.58060203], [0.18318051, 43.58074838]]}, "properties": {"nature": "Route \u00e0 1 chauss\u00e9e", "prive": false, "acces_pieton": null, "acces_vehicule_leger": "Libre", "nom": "Impasse de Caussade", "source": "BDTOPO_V3:troncon_de_route (IGN, WFS data.geopf.fr)"}}, {"type": "Feature", "geometry": {"type": "LineString", "coordinates": [[0.18432946, 43.5791657], [0.18419102, 43.57916031]]}, "properties": {"nature": "Route empierr\u00e9e", "prive": false, "acces_pieton": null, "acces_vehicule_leger": "Libre", "nom": "", "source": "BDTOPO_V3:troncon_de_route (IGN, WFS data.geopf.fr)"}}, {"type": "Feature", "geometry": {"type": "LineString", "coordinates": [[0.18318051, 43.58074838], [0.1831647, 43.58076777], [0.18288968, 43.58117299], [0.18276202, 43.58135154], [0.18262274, 43.5815649], [0.18256792, 43.58167242], [0.182545, 43.58173575], [0.18252949, 43.58179927], [0.18252247, 43.58186661], [0.18254779, 43.58200682], [0.18265867, 43.58222037], [0.18276947, 43.58243573], [0.18285544, 43.58260182], [0.1830315, 43.582926], [0.18312357, 43.58309405], [0.18319054, 43.58321823]]}, "properties": {"nature": "Route \u00e0 1 chauss\u00e9e", "prive": false, "acces_pieton": null, "acces_vehicule_leger": "Libre", "nom": "Impasse de Caussade", "source": "BDTOPO_V3:troncon_de_route (IGN, WFS data.geopf.fr)"}}, {"type": "Feature", "geometry": {"type": "LineString", "coordinates": [[0.18422617, 43.57899916], [0.18422895, 43.57896772], [0.18423288, 43.5789129], [0.18422797, 43.57881104], [0.1842008, 43.5787086], [0.18416002, 43.57860581], [0.1840987, 43.57846737], [0.18404993, 43.57835086], [0.18399581, 43.5781919], [0.18394982, 43.57804395], [0.18393174, 43.57790754], [0.18391764, 43.57763977], [0.18389072, 43.57730506], [0.18387202, 43.57702997], [0.18384688, 43.57670971], [0.18383246, 43.57644824], [0.18378783, 43.57596991], [0.18378685, 43.57593928], [0.18377775, 43.575822], [0.18376467, 43.57573523], [0.18375526, 43.57567466], [0.1837538, 43.57565392], [0.18375088, 43.57563764], [0.18373856, 43.57561121]]}, "properties": {"nature": "Route \u00e0 1 chauss\u00e9e", "prive": false, "acces_pieton": null, "acces_vehicule_leger": "Libre", "nom": "Impasse de Caussade", "source": "BDTOPO_V3:troncon_de_route (IGN, WFS data.geopf.fr)"}}, {"type": "Feature", "geometry": {"type": "LineString", "coordinates": [[0.18432946, 43.5791657], [0.18430626, 43.57913359], [0.18426955, 43.5790489], [0.18425722, 43.57902248], [0.18424808, 43.57900693], [0.18422617, 43.57899916]]}, "properties": {"nature": "Route empierr\u00e9e", "prive": false, "acces_pieton": null, "acces_vehicule_leger": "Libre", "nom": "", "source": "BDTOPO_V3:troncon_de_route (IGN, WFS data.geopf.fr)"}}, {"type": "Feature", "geometry": {"type": "LineString", "coordinates": [[0.18422617, 43.57899916], [0.18422321, 43.5790342], [0.18420722, 43.57910761], [0.18419102, 43.57916031]]}, "properties": {"nature": "Route \u00e0 1 chauss\u00e9e", "prive": false, "acces_pieton": null, "acces_vehicule_leger": "Libre", "nom": "Impasse de Caussade", "source": "BDTOPO_V3:troncon_de_route (IGN, WFS data.geopf.fr)"}}, {"type": "Feature", "geometry": {"type": "LineString", "coordinates": [[0.18018247, 43.57456816], [0.18006251, 43.57469109], [0.17994969, 43.5748196], [0.17983944, 43.57494639], [0.17962472, 43.57515779], [0.17937705, 43.57540974], [0.17924988, 43.57552798], [0.17908194, 43.57569468], [0.17899205, 43.57578508], [0.17882658, 43.57595184], [0.17870859, 43.57608472], [0.17867674, 43.57612801], [0.17865664, 43.57618421], [0.17863168, 43.5762889], [0.1786106, 43.5764153], [0.17858838, 43.57656507], [0.17856315, 43.57672558], [0.17851835, 43.57690628], [0.17845707, 43.57717028]]}, "properties": {"nature": "Route \u00e0 1 chauss\u00e9e", "prive": false, "acces_pieton": null, "acces_vehicule_leger": "Libre", "nom": "Impasse du Tourneur", "source": "BDTOPO_V3:troncon_de_route (IGN, WFS data.geopf.fr)"}}, {"type": "Feature", "geometry": {"type": "LineString", "coordinates": [[0.18432946, 43.5791657], [0.18435552, 43.57918978], [0.18440932, 43.57922899], [0.18455925, 43.57930311], [0.18462309, 43.57931466], [0.18475963, 43.5793083], [0.18487156, 43.5792986], [0.18505559, 43.57928356], [0.18524947, 43.57926968], [0.18533936, 43.57925491], [0.1855608, 43.57920933], [0.18580039, 43.57914712], [0.18595088, 43.5791087]]}, "properties": {"nature": "Route empierr\u00e9e", "prive": false, "acces_pieton": null, "acces_vehicule_leger": "Libre", "nom": "", "source": "BDTOPO_V3:troncon_de_route (IGN, WFS data.geopf.fr)"}}, {"type": "Feature", "geometry": {"type": "LineString", "coordinates": [[0.18318051, 43.58074838], [0.18307551, 43.58074295], [0.18292677, 43.58074539], [0.18287111, 43.58074395], [0.18274049, 43.58070545], [0.18237207, 43.58054103]]}, "properties": {"nature": "Route empierr\u00e9e", "prive": false, "acces_pieton": null, "acces_vehicule_leger": "Libre", "nom": "", "source": "BDTOPO_V3:troncon_de_route (IGN, WFS data.geopf.fr)"}}, {"type": "Feature", "geometry": {"type": "LineString", "coordinates": [[0.16793529, 43.57509476], [0.16788357, 43.57508891], [0.16780407, 43.57506883], [0.16778455, 43.57506292]]}, "properties": {"nature": "Route \u00e0 1 chauss\u00e9e", "prive": false, "acces_pieton": null, "acces_vehicule_leger": "Libre", "nom": "Route de Beaumarch\u00e9s", "source": "BDTOPO_V3:troncon_de_route (IGN, WFS data.geopf.fr)"}}, {"type": "Feature", "geometry": {"type": "LineString", "coordinates": [[0.16817054, 43.57512071], [0.1682046, 43.57508288]]}, "properties": {"nature": "Route \u00e0 1 chauss\u00e9e", "prive": false, "acces_pieton": null, "acces_vehicule_leger": "Libre", "nom": "Route de Marciac", "source": "BDTOPO_V3:troncon_de_route (IGN, WFS data.geopf.fr)"}}, {"type": "Feature", "geometry": {"type": "LineString", "coordinates": [[0.17605934, 43.58613283], [0.17601773, 43.58597149], [0.17591721, 43.58564835], [0.17584942, 43.58544042], [0.17578684, 43.585202], [0.17574568, 43.58508209], [0.17570018, 43.58499987], [0.17564982, 43.58494094], [0.17555131, 43.58485375], [0.17546221, 43.58480191], [0.17537859, 43.58476462], [0.17527972, 43.58473504], [0.17517555, 43.58471253], [0.17496248, 43.58468808], [0.17449071, 43.58466049], [0.17422658, 43.58464192], [0.17398753, 43.58461679], [0.17387824, 43.58459774], [0.17375755, 43.58455858], [0.17364963, 43.58451166], [0.17357449, 43.58445298], [0.17350961, 43.58438737], [0.17339733, 43.58420258], [0.17317596, 43.58384389], [0.17296785, 43.58349274], [0.17269473, 43.58300305], [0.17260596, 43.58281887], [0.17253266, 43.5826477], [0.17248961, 43.58249082], [0.17247562, 43.58239773], [0.17247369, 43.58231124], [0.17248598, 43.58223774], [0.17250751, 43.58215277], [0.17258467, 43.58196931], [0.17267706, 43.58180335], [0.17281302, 43.58158271], [0.17291098, 43.5814295], [0.17297112, 43.58131493], [0.17301553, 43.58121795], [0.17303476, 43.58112932], [0.17302337, 43.58105879], [0.17300514, 43.58097639], [0.17296654, 43.58087995], [0.17281607, 43.58069146], [0.17270277, 43.58057777], [0.17260538, 43.58049331], [0.17252548, 43.5804309], [0.17240551, 43.58035215], [0.17238621, 43.58034175]]}, "properties": {"nature": "Route \u00e0 1 chauss\u00e9e", "prive": false, "acces_pieton": null, "acces_vehicule_leger": "Libre", "nom": "Route de Marciac", "source": "BDTOPO_V3:troncon_de_route (IGN, WFS data.geopf.fr)"}}, {"type": "Feature", "geometry": {"type": "LineString", "coordinates": [[0.17006515, 43.5789893], [0.17005624, 43.57889363], [0.17006386, 43.5788146], [0.1701009, 43.57869132], [0.17013794, 43.57856804], [0.17016596, 43.57847694], [0.17017083, 43.57840324], [0.17016811, 43.57833294], [0.17013169, 43.57821765], [0.17010956, 43.57818917], [0.17005485, 43.57811841], [0.16995239, 43.5780113], [0.16984356, 43.57793284], [0.16968284, 43.57782691], [0.16952794, 43.57772834], [0.16952203, 43.57772278]]}, "properties": {"nature": "Route \u00e0 1 chauss\u00e9e", "prive": false, "acces_pieton": null, "acces_vehicule_leger": "Libre", "nom": "Route de Marciac", "source": "BDTOPO_V3:troncon_de_route (IGN, WFS data.geopf.fr)"}}, {"type": "Feature", "geometry": {"type": "LineString", "coordinates": [[0.16817054, 43.57512071], [0.1681322, 43.57511971], [0.16802509, 43.57510701], [0.16799925, 43.57510363], [0.16793529, 43.57509476]]}, "properties": {"nature": "Route \u00e0 1 chauss\u00e9e", "prive": false, "acces_pieton": null, "acces_vehicule_leger": "Libre", "nom": "Route de Beaumarch\u00e9s", "source": "BDTOPO_V3:troncon_de_route (IGN, WFS data.geopf.fr)"}}, {"type": "Feature", "geometry": {"type": "LineString", "coordinates": [[0.17238621, 43.58034175], [0.17231633, 43.58030211], [0.17194715, 43.58012864], [0.17150496, 43.57992895]]}, "properties": {"nature": "Route \u00e0 1 chauss\u00e9e", "prive": false, "acces_pieton": null, "acces_vehicule_leger": "Libre", "nom": "Route de Marciac", "source": "BDTOPO_V3:troncon_de_route (IGN, WFS data.geopf.fr)"}}, {"type": "Feature", "geometry": {"type": "LineString", "coordinates": [[0.17150496, 43.57992895], [0.17146251, 43.57991074], [0.17118079, 43.57977195]]}, "properties": {"nature": "Route \u00e0 1 chauss\u00e9e", "prive": false, "acces_pieton": null, "acces_vehicule_leger": "Libre", "nom": "Route de Marciac", "source": "BDTOPO_V3:troncon_de_route (IGN, WFS data.geopf.fr)"}}, {"type": "Feature", "geometry": {"type": "LineString", "coordinates": [[0.17118079, 43.57977195], [0.1710623, 43.5798643], [0.17092411, 43.57995433], [0.17080884, 43.58003146], [0.17056444, 43.58019075], [0.17044524, 43.58027227]]}, "properties": {"nature": "Route \u00e0 1 chauss\u00e9e", "prive": false, "acces_pieton": null, "acces_vehicule_leger": "Libre", "nom": "", "source": "BDTOPO_V3:troncon_de_route (IGN, WFS data.geopf.fr)"}}, {"type": "Feature", "geometry": {"type": "LineString", "coordinates": [[0.17366894, 43.57496778], [0.17368845, 43.57502411], [0.17369967, 43.57507302], [0.17369175, 43.57513314], [0.17365645, 43.57522135], [0.17358165, 43.57535715], [0.1735171, 43.57551123], [0.17346933, 43.57562613], [0.17341649, 43.5757688], [0.17340075, 43.57586203], [0.17339747, 43.57592857], [0.17340321, 43.57596293], [0.17341862, 43.57600204], [0.17345399, 43.57603808], [0.17350435, 43.5760718], [0.17362921, 43.57612637], [0.17380708, 43.57618592], [0.17386225, 43.57622247], [0.17398711, 43.57627704], [0.17403548, 43.5763008], [0.17407523, 43.57632345], [0.17411771, 43.57636597]]}, "properties": {"nature": "Route \u00e0 1 chauss\u00e9e", "prive": false, "acces_pieton": null, "acces_vehicule_leger": "Libre", "nom": "Impasse du Cast\u00e9rot", "source": "BDTOPO_V3:troncon_de_route (IGN, WFS data.geopf.fr)"}}, {"type": "Feature", "geometry": {"type": "LineString", "coordinates": [[0.17150496, 43.57992895], [0.17143369, 43.57999282], [0.17135466, 43.58003847], [0.17127933, 43.58008423], [0.17116314, 43.58015503], [0.17101152, 43.58026632], [0.17087633, 43.58034563], [0.17073986, 43.5804258], [0.17064713, 43.5804729]]}, "properties": {"nature": "Route \u00e0 1 chauss\u00e9e", "prive": false, "acces_pieton": null, "acces_vehicule_leger": "Libre", "nom": "", "source": "BDTOPO_V3:troncon_de_route (IGN, WFS data.geopf.fr)"}}, {"type": "Feature", "geometry": {"type": "LineString", "coordinates": [[0.17429244, 43.57988449], [0.17419485, 43.57990446], [0.17406167, 43.5799181], [0.17380289, 43.57996718], [0.17332734, 43.58006734], [0.17299337, 43.58015948], [0.17251887, 43.58028848], [0.17244832, 43.58031275], [0.17241422, 43.58032627], [0.17238621, 43.58034175]]}, "properties": {"nature": "Chemin", "prive": false, "acces_pieton": null, "acces_vehicule_leger": "Libre", "nom": null, "source": "BDTOPO_V3:troncon_de_route (IGN, WFS data.geopf.fr)"}}, {"type": "Feature", "geometry": {"type": "LineString", "coordinates": [[0.17366894, 43.57496778], [0.17360228, 43.57498856], [0.17328031, 43.57508911], [0.17296408, 43.57517361], [0.1727389, 43.57521997], [0.17256808, 43.57524343], [0.1721921, 43.57528405], [0.17188136, 43.57530747], [0.17159151, 43.57530892], [0.17136544, 43.57529763], [0.17121209, 43.57526843], [0.17105635, 43.57523736], [0.17091342, 43.57519762], [0.17070221, 43.5751363], [0.17054687, 43.57507193], [0.17045735, 43.57502908], [0.17032573, 43.57498603], [0.17016412, 43.57494851], [0.16998718, 43.57492049], [0.16978987, 43.57490364], [0.16956076, 43.57490397], [0.16940779, 43.57491709], [0.1692319, 43.57494311], [0.1690466, 43.5749842], [0.16879027, 43.57503423], [0.16843618, 43.57510783], [0.16824841, 43.57512364], [0.16817054, 43.57512071]]}, "properties": {"nature": "Route \u00e0 1 chauss\u00e9e", "prive": false, "acces_pieton": null, "acces_vehicule_leger": "Libre", "nom": "Route de Bassoues", "source": "BDTOPO_V3:troncon_de_route (IGN, WFS data.geopf.fr)"}}, {"type": "Feature", "geometry": {"type": "LineString", "coordinates": [[0.1682046, 43.57508288], [0.16823213, 43.57505209], [0.16832521, 43.57499779], [0.16848251, 43.57492177], [0.1686919, 43.57481919], [0.16886096, 43.57473087], [0.16900078, 43.57465798], [0.16908771, 43.57460263], [0.1692172, 43.57451327], [0.16937513, 43.57439945], [0.16940746, 43.57437148], [0.16947452, 43.57431741], [0.169642, 43.57416062], [0.16966012, 43.57414488], [0.16977343, 43.5740317], [0.16985464, 43.57394198]]}, "properties": {"nature": "Route \u00e0 1 chauss\u00e9e", "prive": false, "acces_pieton": null, "acces_vehicule_leger": "Libre", "nom": "Route de Marciac", "source": "BDTOPO_V3:troncon_de_route (IGN, WFS data.geopf.fr)"}}, {"type": "Feature", "geometry": {"type": "LineString", "coordinates": [[0.17118079, 43.57977195], [0.17108043, 43.57972252], [0.170761, 43.57954493]]}, "properties": {"nature": "Route \u00e0 1 chauss\u00e9e", "prive": false, "acces_pieton": null, "acces_vehicule_leger": "Libre", "nom": "Route de Marciac", "source": "BDTOPO_V3:troncon_de_route (IGN, WFS data.geopf.fr)"}}, {"type": "Feature", "geometry": {"type": "LineString", "coordinates": [[0.170761, 43.57954493], [0.17058984, 43.57944954], [0.17041652, 43.57934779]]}, "properties": {"nature": "Route \u00e0 1 chauss\u00e9e", "prive": false, "acces_pieton": null, "acces_vehicule_leger": "Libre", "nom": "Route de Marciac", "source": "BDTOPO_V3:troncon_de_route (IGN, WFS data.geopf.fr)"}}, {"type": "Feature", "geometry": {"type": "LineString", "coordinates": [[0.16782464, 43.57931892], [0.16785632, 43.57927923], [0.16794854, 43.57914208], [0.16812437, 43.57886667], [0.16823568, 43.57869401], [0.16837456, 43.57854007], [0.16849782, 43.57842624], [0.16861274, 43.57833111], [0.16870927, 43.57825709], [0.16889372, 43.57813316], [0.16924026, 43.57791171], [0.16934129, 43.57784682], [0.16939042, 43.57780488], [0.16945077, 43.57776144], [0.16952203, 43.57772278]]}, "properties": {"nature": "Route \u00e0 1 chauss\u00e9e", "prive": false, "acces_pieton": null, "acces_vehicule_leger": "Libre", "nom": "Chemin de Loustliges", "source": "BDTOPO_V3:troncon_de_route (IGN, WFS data.geopf.fr)"}}, {"type": "Feature", "geometry": {"type": "LineString", "coordinates": [[0.16605969, 43.57475861], [0.16610859, 43.57472117], [0.16613227, 43.57469298], [0.16615256, 43.5746584], [0.16616078, 43.5746172], [0.16616768, 43.57457776]]}, "properties": {"nature": "Route \u00e0 1 chauss\u00e9e", "prive": false, "acces_pieton": null, "acces_vehicule_leger": "Libre", "nom": "Chemin de Montaulieu", "source": "BDTOPO_V3:troncon_de_route (IGN, WFS data.geopf.fr)"}}, {"type": "Feature", "geometry": {"type": "LineString", "coordinates": [[0.16632051, 43.57474291], [0.16626571, 43.57469917], [0.16621144, 43.57464463], [0.16618367, 43.57460519], [0.16616768, 43.57457776]]}, "properties": {"nature": "Route \u00e0 1 chauss\u00e9e", "prive": false, "acces_pieton": null, "acces_vehicule_leger": "Libre", "nom": "Chemin de Montaulieu", "source": "BDTOPO_V3:troncon_de_route (IGN, WFS data.geopf.fr)"}}, {"type": "Feature", "geometry": {"type": "LineString", "coordinates": [[0.16778455, 43.57506292], [0.16771127, 43.5750421], [0.16750625, 43.57498093], [0.16726978, 43.57490454], [0.1670341, 43.57483716], [0.16694392, 43.5748078], [0.16682378, 43.57478306], [0.16670585, 43.57476377], [0.16660241, 43.57475207], [0.16650104, 43.57474852], [0.16649238, 43.5747483], [0.16632051, 43.57474291]]}, "properties": {"nature": "Route \u00e0 1 chauss\u00e9e", "prive": false, "acces_pieton": null, "acces_vehicule_leger": "Libre", "nom": "Route de Beaumarch\u00e9s", "source": "BDTOPO_V3:troncon_de_route (IGN, WFS data.geopf.fr)"}}, {"type": "Feature", "geometry": {"type": "LineString", "coordinates": [[0.16632051, 43.57474291], [0.16605969, 43.57475861]]}, "properties": {"nature": "Route \u00e0 1 chauss\u00e9e", "prive": false, "acces_pieton": null, "acces_vehicule_leger": "Libre", "nom": "Route de Beaumarch\u00e9s", "source": "BDTOPO_V3:troncon_de_route (IGN, WFS data.geopf.fr)"}}, {"type": "Feature", "geometry": {"type": "LineString", "coordinates": [[0.15680496, 43.57646855], [0.15700294, 43.57647193], [0.15712882, 43.57648063], [0.15728015, 43.5765008], [0.15740082, 43.57651476], [0.15763589, 43.57654433], [0.1576581, 43.57654581], [0.15776393, 43.57655938]]}, "properties": {"nature": "Route \u00e0 1 chauss\u00e9e", "prive": false, "acces_pieton": null, "acces_vehicule_leger": "Libre", "nom": "Route de Beaumarch\u00e9s", "source": "BDTOPO_V3:troncon_de_route (IGN, WFS data.geopf.fr)"}}, {"type": "Feature", "geometry": {"type": "LineString", "coordinates": [[0.15776393, 43.57655938], [0.1581358, 43.57660243], [0.15834821, 43.57661429], [0.15853784, 43.57661115], [0.15868202, 43.57660052], [0.15877086, 43.57658214], [0.15892508, 43.57654386], [0.15949287, 43.57638135], [0.15987632, 43.57626534], [0.16014373, 43.57616699], [0.16025612, 43.57612311], [0.1603807, 43.57605795], [0.16059113, 43.57593471], [0.16078416, 43.57581281], [0.16114816, 43.57558914], [0.16124801, 43.57552333], [0.16159063, 43.5753063], [0.16170139, 43.57524527]]}, "properties": {"nature": "Route \u00e0 1 chauss\u00e9e", "prive": false, "acces_pieton": null, "acces_vehicule_leger": "Libre", "nom": "Route de Beaumarch\u00e9s", "source": "BDTOPO_V3:troncon_de_route (IGN, WFS data.geopf.fr)"}}, {"type": "Feature", "geometry": {"type": "LineString", "coordinates": [[0.1566715, 43.5763129], [0.15666435, 43.57630731], [0.15656773, 43.57623275], [0.1564822, 43.57615938], [0.156463, 43.57612197], [0.15646857, 43.57610951], [0.15647763, 43.57610164], [0.15651633, 43.57609545], [0.1565598, 43.57609299], [0.15660366, 43.57608244], [0.15664784, 43.57606559], [0.15667956, 43.57605021], [0.15676878, 43.57597422], [0.15682277, 43.57593422], [0.15684875, 43.57590969], [0.15686259, 43.57588034], [0.15687112, 43.57585805]]}, "properties": {"nature": "Route empierr\u00e9e", "prive": false, "acces_pieton": null, "acces_vehicule_leger": "Libre", "nom": "", "source": "BDTOPO_V3:troncon_de_route (IGN, WFS data.geopf.fr)"}}, {"type": "Feature", "geometry": {"type": "LineString", "coordinates": [[0.15687112, 43.57585805], [0.15700424, 43.57599569], [0.15718855, 43.57614997], [0.15757484, 43.57642658], [0.15766325, 43.57649192], [0.15772313, 43.5765331], [0.15776393, 43.57655938]]}, "properties": {"nature": "Route \u00e0 1 chauss\u00e9e", "prive": false, "acces_pieton": null, "acces_vehicule_leger": "Libre", "nom": "Route de l'\u00c9glise", "source": "BDTOPO_V3:troncon_de_route (IGN, WFS data.geopf.fr)"}}, {"type": "Feature", "geometry": {"type": "LineString", "coordinates": [[0.15687112, 43.57585805], [0.15683501, 43.57581209], [0.15677998, 43.57569811], [0.15674066, 43.57561695], [0.15672156, 43.57555253], [0.15672371, 43.57548416], [0.15673102, 43.57543663]]}, "properties": {"nature": "Route \u00e0 1 chauss\u00e9e", "prive": false, "acces_pieton": null, "acces_vehicule_leger": "Libre", "nom": "Route de l'\u00c9glise", "source": "BDTOPO_V3:troncon_de_route (IGN, WFS data.geopf.fr)"}}, {"type": "Feature", "geometry": {"type": "LineString", "coordinates": [[0.16363142, 43.57493108], [0.16346865, 43.57494214], [0.16311215, 43.57496433], [0.16269694, 43.5749967], [0.1624509, 43.57501367], [0.16230076, 43.57504486], [0.16213568, 43.57507746], [0.16196194, 43.57513504], [0.1617764, 43.57520582], [0.16170139, 43.57524527]]}, "properties": {"nature": "Route \u00e0 1 chauss\u00e9e", "prive": false, "acces_pieton": null, "acces_vehicule_leger": "Libre", "nom": "Route de Beaumarch\u00e9s", "source": "BDTOPO_V3:troncon_de_route (IGN, WFS data.geopf.fr)"}}, {"type": "Feature", "geometry": {"type": "LineString", "coordinates": [[0.15680496, 43.57646855], [0.15676546, 43.57639099], [0.1566715, 43.5763129]]}, "properties": {"nature": "Route empierr\u00e9e", "prive": false, "acces_pieton": null, "acces_vehicule_leger": "Libre", "nom": "", "source": "BDTOPO_V3:troncon_de_route (IGN, WFS data.geopf.fr)"}}, {"type": "Feature", "geometry": {"type": "LineString", "coordinates": [[0.15547145, 43.57661368], [0.15541787, 43.57662038]]}, "properties": {"nature": "Route \u00e0 1 chauss\u00e9e", "prive": false, "acces_pieton": null, "acces_vehicule_leger": "Libre", "nom": "Route de Beaumarch\u00e9s", "source": "BDTOPO_V3:troncon_de_route (IGN, WFS data.geopf.fr)"}}, {"type": "Feature", "geometry": {"type": "LineString", "coordinates": [[0.15680496, 43.57646855], [0.15653724, 43.57647324], [0.15617607, 43.5765142], [0.1557782, 43.5765713], [0.15547145, 43.57661368]]}, "properties": {"nature": "Route \u00e0 1 chauss\u00e9e", "prive": false, "acces_pieton": null, "acces_vehicule_leger": "Libre", "nom": "Route de Beaumarch\u00e9s", "source": "BDTOPO_V3:troncon_de_route (IGN, WFS data.geopf.fr)"}}, {"type": "Feature", "geometry": {"type": "LineString", "coordinates": [[0.15673102, 43.57543663], [0.15665341, 43.5754283], [0.15658645, 43.57543014], [0.15643944, 43.5754479], [0.15604308, 43.57549964], [0.15578373, 43.57553516], [0.15552218, 43.57556522], [0.15535247, 43.57559139]]}, "properties": {"nature": "Route \u00e0 1 chauss\u00e9e", "prive": false, "acces_pieton": null, "acces_vehicule_leger": "Libre", "nom": "", "source": "BDTOPO_V3:troncon_de_route (IGN, WFS data.geopf.fr)"}}, {"type": "Feature", "geometry": {"type": "LineString", "coordinates": [[0.1566715, 43.5763129], [0.15655253, 43.57633949], [0.1563723, 43.57637799], [0.15624013, 43.57639613], [0.15615174, 43.57640552], [0.1560159, 43.57642267], [0.15588846, 43.57644544], [0.15564387, 43.57648315], [0.15557063, 43.57648663], [0.1555197, 43.5764898], [0.15549341, 43.57649541], [0.15547158, 43.57651105], [0.15544825, 43.57653205], [0.15543879, 43.576548], [0.15543017, 43.57657209], [0.15541787, 43.57662038]]}, "properties": {"nature": "Route empierr\u00e9e", "prive": false, "acces_pieton": null, "acces_vehicule_leger": "Libre", "nom": "", "source": "BDTOPO_V3:troncon_de_route (IGN, WFS data.geopf.fr)"}}, {"type": "Feature", "geometry": {"type": "LineString", "coordinates": [[0.15578581, 43.57774193], [0.15576621, 43.57771261], [0.15574255, 43.57766517], [0.15571436, 43.5775843], [0.15565959, 43.5773902], [0.15559513, 43.57711661], [0.15552524, 43.57682757], [0.15547145, 43.57661368]]}, "properties": {"nature": "Route empierr\u00e9e", "prive": false, "acces_pieton": null, "acces_vehicule_leger": "Libre", "nom": "Impasse de Bouillon", "source": "BDTOPO_V3:troncon_de_route (IGN, WFS data.geopf.fr)"}}, {"type": "Feature", "geometry": {"type": "LineString", "coordinates": [[0.15535247, 43.57559139], [0.15526232, 43.57558633], [0.15505433, 43.57556017], [0.15492527, 43.57554058], [0.15487294, 43.5755221], [0.15476172, 43.57541745], [0.15465549, 43.57531203], [0.15458563, 43.57527238]]}, "properties": {"nature": "Route \u00e0 1 chauss\u00e9e", "prive": false, "acces_pieton": null, "acces_vehicule_leger": "Libre", "nom": "Chemin de Larrouy", "source": "BDTOPO_V3:troncon_de_route (IGN, WFS data.geopf.fr)"}}, {"type": "Feature", "geometry": {"type": "LineString", "coordinates": [[0.15535247, 43.57559139], [0.15532993, 43.57582128], [0.155292, 43.57618672], [0.15526811, 43.5764688], [0.15524837, 43.57654211], [0.15522901, 43.57658302], [0.15520024, 43.57661378], [0.15517346, 43.57662928], [0.15513237, 43.57665882]]}, "properties": {"nature": "Route \u00e0 1 chauss\u00e9e", "prive": false, "acces_pieton": null, "acces_vehicule_leger": "Libre", "nom": "", "source": "BDTOPO_V3:troncon_de_route (IGN, WFS data.geopf.fr)"}}, {"type": "Feature", "geometry": {"type": "LineString", "coordinates": [[0.15541787, 43.57662038], [0.15533429, 43.5766326], [0.15513237, 43.57665882]]}, "properties": {"nature": "Route \u00e0 1 chauss\u00e9e", "prive": false, "acces_pieton": null, "acces_vehicule_leger": "Libre", "nom": "Route de Beaumarch\u00e9s", "source": "BDTOPO_V3:troncon_de_route (IGN, WFS data.geopf.fr)"}}, {"type": "Feature", "geometry": {"type": "LineString", "coordinates": [[0.14853704, 43.57981614], [0.14840552, 43.57992072], [0.14812179, 43.58022209], [0.1477502, 43.58059677], [0.14757327, 43.58076769], [0.14746248, 43.58090343], [0.14738724, 43.58099689], [0.14729409, 43.58112679], [0.14724134, 43.58121634], [0.14711905, 43.58145892], [0.14694876, 43.58181998], [0.14679337, 43.58215533], [0.14663361, 43.58247885], [0.14655943, 43.58257594], [0.14646093, 43.5826886], [0.14636255, 43.58277425], [0.14634849, 43.58278288]]}, "properties": {"nature": "Route \u00e0 1 chauss\u00e9e", "prive": false, "acces_pieton": null, "acces_vehicule_leger": "Libre", "nom": "Route de Beaumarch\u00e9s", "source": "BDTOPO_V3:troncon_de_route (IGN, WFS data.geopf.fr)"}}, {"type": "Feature", "geometry": {"type": "LineString", "coordinates": [[0.15513237, 43.57665882], [0.15489551, 43.57669043], [0.1546658, 43.57672762], [0.15446847, 43.57676116], [0.15433439, 43.57679276], [0.15411103, 43.57685173], [0.15370994, 43.57697357], [0.15333367, 43.57709425], [0.15295077, 43.57722376], [0.1526598, 43.57732237], [0.15253009, 43.57736578], [0.152196, 43.57748487], [0.1520582, 43.57754158], [0.15197133, 43.57759512], [0.15187291, 43.57768167], [0.15171186, 43.57785751], [0.1515798, 43.57807283], [0.15140487, 43.57835365], [0.15119342, 43.57867132], [0.15111041, 43.57877178], [0.15102892, 43.57884167], [0.15089552, 43.57890929], [0.1507825, 43.57896575], [0.15052404, 43.579058], [0.15032412, 43.57911848], [0.15011417, 43.5791814], [0.1498513, 43.57926273], [0.14945874, 43.57938657], [0.14919083, 43.57946957], [0.1490471, 43.57952072], [0.14887827, 43.57960362], [0.14872061, 43.57968591], [0.14862984, 43.57974295], [0.14853704, 43.57981614]]}, "properties": {"nature": "Route \u00e0 1 chauss\u00e9e", "prive": false, "acces_pieton": null, "acces_vehicule_leger": "Libre", "nom": "Route de Beaumarch\u00e9s", "source": "BDTOPO_V3:troncon_de_route (IGN, WFS data.geopf.fr)"}}, {"type": "Feature", "geometry": {"type": "LineString", "coordinates": [[0.14853704, 43.57981614], [0.14823423, 43.57965423], [0.14799306, 43.57954795], [0.14792846, 43.57950214], [0.14786096, 43.57941484], [0.14774902, 43.57927504], [0.14724823, 43.57866136], [0.14713945, 43.57855766], [0.14692401, 43.57843226], [0.1466496, 43.5782972], [0.14631406, 43.57814613], [0.14595809, 43.57798281], [0.14571207, 43.5778746]]}, "properties": {"nature": "Route \u00e0 1 chauss\u00e9e", "prive": false, "acces_pieton": null, "acces_vehicule_leger": "Libre", "nom": "chemin d'Hauret", "source": "BDTOPO_V3:troncon_de_route (IGN, WFS data.geopf.fr)"}}, {"type": "Feature", "geometry": {"type": "LineString", "coordinates": [[0.21069788, 43.57351354], [0.21069492, 43.57352337], [0.21069502, 43.57354678], [0.21069349, 43.57357825]]}, "properties": {"nature": "Route \u00e0 1 chauss\u00e9e", "prive": false, "acces_pieton": null, "acces_vehicule_leger": "Libre", "nom": null, "source": "BDTOPO_V3:troncon_de_route (IGN, WFS data.geopf.fr)"}}, {"type": "Feature", "geometry": {"type": "LineString", "coordinates": [[0.23287023, 43.57786403], [0.23287735, 43.57781919], [0.23287068, 43.57777761], [0.23282448, 43.5776828], [0.23254645, 43.57723366], [0.2324079, 43.57699965], [0.23233271, 43.57683838], [0.23229764, 43.57674386], [0.23225198, 43.57656083], [0.23223692, 43.57646232], [0.23223791, 43.57639032], [0.23224969, 43.57622316], [0.2322729, 43.57610131], [0.23233982, 43.57589505], [0.23240988, 43.57575189], [0.23249174, 43.57562073], [0.23254696, 43.5755285], [0.23261847, 43.57543219], [0.23288374, 43.57511845], [0.23296908, 43.57501799], [0.23303734, 43.5749378], [0.2331964, 43.57474649], [0.23344626, 43.57444406], [0.23366105, 43.57420105], [0.23376748, 43.57407411], [0.23392477, 43.57389356], [0.23398752, 43.57382494], [0.23405224, 43.57374106], [0.23429953, 43.57344035], [0.23443446, 43.57328714], [0.23451714, 43.57319021], [0.23458856, 43.5730957], [0.23470315, 43.57292756], [0.2347526, 43.5728523], [0.23478963, 43.57277762], [0.2348236, 43.57268935], [0.23484537, 43.57249454], [0.23485925, 43.57212937], [0.23485423, 43.57177093], [0.23485124, 43.57155028]]}, "properties": {"nature": "Route \u00e0 1 chauss\u00e9e", "prive": false, "acces_pieton": null, "acces_vehicule_leger": "Libre", "nom": "RTE DE MARCIAC", "source": "BDTOPO_V3:troncon_de_route (IGN, WFS data.geopf.fr)"}}, {"type": "Feature", "geometry": {"type": "LineString", "coordinates": [[0.22895193, 43.57476248], [0.22878055, 43.57477251]]}, "properties": {"nature": "Route \u00e0 1 chauss\u00e9e", "prive": false, "acces_pieton": null, "acces_vehicule_leger": "Libre", "nom": "RTE DE BEAUMARCHES", "source": "BDTOPO_V3:troncon_de_route (IGN, WFS data.geopf.fr)"}}, {"type": "Feature", "geometry": {"type": "LineString", "coordinates": [[0.22878055, 43.57477251], [0.22860248, 43.57479317], [0.22819835, 43.57482787], [0.22801311, 43.57484295], [0.22787936, 43.57484313], [0.22779659, 43.57483922], [0.22769211, 43.57482304], [0.22759757, 43.57480623], [0.22740552, 43.57475721], [0.22691125, 43.57458163], [0.22661638, 43.57448226], [0.22643022, 43.5744397], [0.22631439, 43.57442773], [0.22620397, 43.57443211], [0.22605881, 43.57446352], [0.22599845, 43.57448268]]}, "properties": {"nature": "Route \u00e0 1 chauss\u00e9e", "prive": false, "acces_pieton": null, "acces_vehicule_leger": "Libre", "nom": "RTE DE BEAUMARCHES", "source": "BDTOPO_V3:troncon_de_route (IGN, WFS data.geopf.fr)"}}, {"type": "Feature", "geometry": {"type": "LineString", "coordinates": [[0.22351095, 43.5735557], [0.22374477, 43.57353467], [0.22383867, 43.57353887], [0.22392442, 43.57355817], [0.22400585, 43.57358996], [0.22416141, 43.57365066], [0.22434122, 43.57369667], [0.22442471, 43.57371141], [0.22453504, 43.57370883], [0.22470856, 43.57367996], [0.22493656, 43.57362546], [0.22511021, 43.57359389], [0.22518728, 43.57358776], [0.22525129, 43.5735957], [0.22531708, 43.57361808], [0.2253557, 43.57363888], [0.22542345, 43.57369733], [0.225485, 43.57378173], [0.22554983, 43.57387522], [0.22561925, 43.57397602], [0.22565004, 43.57403083], [0.22568338, 43.5740839], [0.22574918, 43.57418281], [0.22584874, 43.5743006], [0.22593164, 43.57440445], [0.22597271, 43.57445141], [0.22599845, 43.57448268]]}, "properties": {"nature": "Route empierr\u00e9e", "prive": false, "acces_pieton": null, "acces_vehicule_leger": "Libre", "nom": "", "source": "BDTOPO_V3:troncon_de_route (IGN, WFS data.geopf.fr)"}}, {"type": "Feature", "geometry": {"type": "LineString", "coordinates": [[0.20900831, 43.57395719], [0.20883924, 43.57397085]]}, "properties": {"nature": "Route \u00e0 1 chauss\u00e9e", "prive": false, "acces_pieton": null, "acces_vehicule_leger": "Libre", "nom": "RTE DE BEAUMARCHES", "source": "BDTOPO_V3:troncon_de_route (IGN, WFS data.geopf.fr)"}}, {"type": "Feature", "geometry": {"type": "LineString", "coordinates": [[0.20879424, 43.57425959], [0.20885924, 43.57422165], [0.20886939, 43.57421651]]}, "properties": {"nature": "Route \u00e0 1 chauss\u00e9e", "prive": false, "acces_pieton": null, "acces_vehicule_leger": "Libre", "nom": "Route de C\u00e9sar", "source": "BDTOPO_V3:troncon_de_route (IGN, WFS data.geopf.fr)"}}, {"type": "Feature", "geometry": {"type": "LineString", "coordinates": [[0.21525702, 43.57492253], [0.21526248, 43.57481013], [0.21525294, 43.57467484], [0.21523031, 43.57457973], [0.21518617, 43.57446876], [0.2151116, 43.57437231], [0.21500383, 43.57424531], [0.21484938, 43.5741108], [0.21464635, 43.57398225], [0.21448548, 43.57390339], [0.2142636, 43.57380587], [0.21402328, 43.57373128], [0.21366803, 43.57365194], [0.21325713, 43.57359638], [0.21279099, 43.5735565], [0.21232517, 43.57353554], [0.21191007, 43.57354108], [0.21143879, 43.57355599], [0.21098854, 43.57357143], [0.21075555, 43.57357535], [0.21069349, 43.57357825]]}, "properties": {"nature": "Route \u00e0 1 chauss\u00e9e", "prive": false, "acces_pieton": null, "acces_vehicule_leger": "Libre", "nom": "RTE DE BEAUMARCHES", "source": "BDTOPO_V3:troncon_de_route (IGN, WFS data.geopf.fr)"}}, {"type": "Feature", "geometry": {"type": "LineString", "coordinates": [[0.2084702, 43.57453125], [0.20852287, 43.57446689], [0.20864698, 43.57435934], [0.20873546, 43.57429679], [0.20876995, 43.57427517], [0.20879424, 43.57425959]]}, "properties": {"nature": "Route \u00e0 1 chauss\u00e9e", "prive": false, "acces_pieton": null, "acces_vehicule_leger": "Libre", "nom": "Route de C\u00e9sar", "source": "BDTOPO_V3:troncon_de_route (IGN, WFS data.geopf.fr)"}}, {"type": "Feature", "geometry": {"type": "LineString", "coordinates": [[0.20832211, 43.57500461], [0.20832637, 43.57496781], [0.20832955, 43.57487696], [0.20836346, 43.57474008], [0.20839155, 43.57464627], [0.20845837, 43.57454536], [0.2084702, 43.57453125]]}, "properties": {"nature": "Route \u00e0 1 chauss\u00e9e", "prive": false, "acces_pieton": null, "acces_vehicule_leger": "Libre", "nom": "Route de C\u00e9sar", "source": "BDTOPO_V3:troncon_de_route (IGN, WFS data.geopf.fr)"}}, {"type": "Feature", "geometry": {"type": "LineString", "coordinates": [[0.21223564, 43.57165699], [0.21223692, 43.57165613], [0.21239477, 43.57149092], [0.21258318, 43.5713085], [0.21291358, 43.57103248], [0.21322404, 43.57080998], [0.21346575, 43.57062622], [0.21356918, 43.57053614], [0.21362166, 43.57047537], [0.21365639, 43.57042314], [0.21367478, 43.57037589], [0.21369439, 43.57030347], [0.2136934, 43.57027284]]}, "properties": {"nature": "Route \u00e0 1 chauss\u00e9e", "prive": false, "acces_pieton": null, "acces_vehicule_leger": "Libre", "nom": "RTE DE PEBIDAU", "source": "BDTOPO_V3:troncon_de_route (IGN, WFS data.geopf.fr)"}}, {"type": "Feature", "geometry": {"type": "LineString", "coordinates": [[0.20886939, 43.57421651], [0.20889743, 43.57420012], [0.20894688, 43.57415098], [0.20900324, 43.57406149], [0.20902526, 43.57401614], [0.20902516, 43.57399273], [0.20902002, 43.57397099], [0.20900831, 43.57395719]]}, "properties": {"nature": "Route \u00e0 1 chauss\u00e9e", "prive": false, "acces_pieton": null, "acces_vehicule_leger": "Libre", "nom": "", "source": "BDTOPO_V3:troncon_de_route (IGN, WFS data.geopf.fr)"}}, {"type": "Feature", "geometry": {"type": "LineString", "coordinates": [[0.20900831, 43.57395719], [0.20902448, 43.5739558], [0.20908317, 43.57394561], [0.20931553, 43.57390386], [0.20942859, 43.57387076], [0.20956571, 43.57382657]]}, "properties": {"nature": "Route \u00e0 1 chauss\u00e9e", "prive": false, "acces_pieton": null, "acces_vehicule_leger": "Libre", "nom": "RTE DE BEAUMARCHES", "source": "BDTOPO_V3:troncon_de_route (IGN, WFS data.geopf.fr)"}}, {"type": "Feature", "geometry": {"type": "LineString", "coordinates": [[0.2136934, 43.57027284], [0.2136926, 43.57018729], [0.21366502, 43.57006684], [0.21355884, 43.56983093], [0.21354089, 43.56979266]]}, "properties": {"nature": "Route \u00e0 1 chauss\u00e9e", "prive": false, "acces_pieton": null, "acces_vehicule_leger": "Libre", "nom": "RTE DE PEBIDAU", "source": "BDTOPO_V3:troncon_de_route (IGN, WFS data.geopf.fr)"}}, {"type": "Feature", "geometry": {"type": "LineString", "coordinates": [[0.21223564, 43.57165699], [0.2120435, 43.57189064], [0.21191816, 43.57207469], [0.21181158, 43.5722295], [0.21172984, 43.57233184], [0.21164188, 43.57246013], [0.21152378, 43.57264796], [0.21133274, 43.57288433], [0.21112003, 43.57313366], [0.21096851, 43.57327021], [0.21079371, 43.57340167], [0.21071058, 43.57348146], [0.21070224, 43.57350015], [0.21069788, 43.57351354]]}, "properties": {"nature": "Route \u00e0 1 chauss\u00e9e", "prive": false, "acces_pieton": null, "acces_vehicule_leger": "Libre", "nom": "", "source": "BDTOPO_V3:troncon_de_route (IGN, WFS data.geopf.fr)"}}, {"type": "Feature", "geometry": {"type": "LineString", "coordinates": [[0.20956571, 43.57382657], [0.20957954, 43.57382242], [0.20966, 43.57379748], [0.20981466, 43.57374924], [0.20995567, 43.57370154], [0.21016257, 43.57364834], [0.21025518, 43.57362821], [0.21051104, 43.57358707], [0.21055079, 43.57358449], [0.21055944, 43.57358471], [0.21069349, 43.57357825]]}, "properties": {"nature": "Route \u00e0 1 chauss\u00e9e", "prive": false, "acces_pieton": null, "acces_vehicule_leger": "Libre", "nom": "RTE DE BEAUMARCHES", "source": "BDTOPO_V3:troncon_de_route (IGN, WFS data.geopf.fr)"}}, {"type": "Feature", "geometry": {"type": "LineString", "coordinates": [[0.21354089, 43.56979266], [0.21353311, 43.56977445], [0.21347036, 43.5696387], [0.21344973, 43.56955354], [0.21342199, 43.5694619], [0.21340582, 43.56938676]]}, "properties": {"nature": "Route \u00e0 1 chauss\u00e9e", "prive": false, "acces_pieton": null, "acces_vehicule_leger": "Libre", "nom": "RTE DE PEBIDAU", "source": "BDTOPO_V3:troncon_de_route (IGN, WFS data.geopf.fr)"}}, {"type": "Feature", "geometry": {"type": "LineString", "coordinates": [[0.21549839, 43.57002475], [0.21522872, 43.56996832], [0.21498901, 43.56993246], [0.21453468, 43.56987939], [0.21402395, 43.56981496], [0.21368407, 43.56977653], [0.21366552, 43.56977605], [0.21362594, 43.56977504], [0.21358726, 43.56978125], [0.21354089, 43.56979266]]}, "properties": {"nature": "Route \u00e0 1 chauss\u00e9e", "prive": false, "acces_pieton": null, "acces_vehicule_leger": "Libre", "nom": "", "source": "BDTOPO_V3:troncon_de_route (IGN, WFS data.geopf.fr)"}}, {"type": "Feature", "geometry": {"type": "LineString", "coordinates": [[0.20886939, 43.57421651], [0.20885722, 43.57416127], [0.20884867, 43.57410794], [0.20883949, 43.57404198], [0.20884129, 43.57400511], [0.20883924, 43.57397085]]}, "properties": {"nature": "Route \u00e0 1 chauss\u00e9e", "prive": false, "acces_pieton": null, "acces_vehicule_leger": "Libre", "nom": "Route de C\u00e9sar", "source": "BDTOPO_V3:troncon_de_route (IGN, WFS data.geopf.fr)"}}, {"type": "Feature", "geometry": {"type": "LineString", "coordinates": [[0.20088288, 43.57125862], [0.20051114, 43.57116261], [0.20002387, 43.57112483], [0.19994299, 43.57108223], [0.19994, 43.57099122], [0.20000179, 43.57071462], [0.20001989, 43.57057194], [0.20002282, 43.57033433], [0.20000465, 43.57002146], [0.2000655, 43.56984026], [0.2001284, 43.56961681], [0.20015492, 43.56953016], [0.20014032, 43.56947396], [0.2001037, 43.56943791], [0.20005564, 43.56943307], [0.20001418, 43.5694455], [0.19998322, 43.56947081], [0.19996235, 43.56951799], [0.19988051, 43.56964732], [0.19988621, 43.56993647], [0.1998301, 43.5701475], [0.19981341, 43.57028662], [0.19979912, 43.57035107], [0.19977373, 43.57038913], [0.199743, 43.57040994], [0.1996764, 43.57040462], [0.19965271, 43.57038241], [0.19964285, 43.57033083], [0.19966445, 43.57021795], [0.19972951, 43.56995044], [0.19977558, 43.56969143], [0.19978605, 43.56955306], [0.19976592, 43.569458], [0.19973752, 43.56943116], [0.19969507, 43.56941296], [0.19965298, 43.56941278], [0.19962865, 43.56942925], [0.19959646, 43.56945453], [0.19957165, 43.56950611], [0.19958515, 43.56958479], [0.1995941, 43.56968045], [0.19957876, 43.56976648], [0.19955973, 43.56980111], [0.19951133, 43.56980346], [0.19946888, 43.56978526], [0.19945902, 43.56975889], [0.19945559, 43.56967688], [0.19947156, 43.56960346], [0.19946897, 43.56950436], [0.19944637, 43.56943446], [0.19939389, 43.56939349], [0.19931059, 43.56937513], [0.19915371, 43.56936748], [0.19906772, 43.56937877], [0.1989885, 43.56940374], [0.19896184, 43.56946787], [0.19894391, 43.56963216], [0.19892086, 43.56977472], [0.19891021, 43.57004364], [0.19891219, 43.57015533], [0.19892899, 43.57021698], [0.19894977, 43.57027334], [0.19899134, 43.57030952], [0.19904602, 43.57030553], [0.19910687, 43.57027649], [0.19916983, 43.57020429], [0.19919346, 43.57007525], [0.19920798, 43.56990457], [0.19930713, 43.56987742], [0.19937392, 43.56992956], [0.19940462, 43.5700618], [0.1993739, 43.57025997], [0.19932014, 43.57039723], [0.19924631, 43.5705907], [0.19912166, 43.57083597], [0.19908133, 43.57095197], [0.19906722, 43.57101282], [0.19906471, 43.57106408], [0.19909818, 43.57116487], [0.19944072, 43.57178322], [0.19970319, 43.57213932], [0.19977886, 43.57216197], [0.19983723, 43.57210766], [0.19970634, 43.57177027], [0.19970116, 43.57159728], [0.19968676, 43.57146096], [0.19969321, 43.57132878], [0.1997612, 43.5712297], [0.19986534, 43.57122698], [0.20000883, 43.57130631], [0.20010258, 43.57138975], [0.20026857, 43.57169294], [0.2002894, 43.5717736], [0.20033557, 43.57181711], [0.20038719, 43.57190127], [0.2004549, 43.57203626], [0.20047033, 43.57207537], [0.20052983, 43.57209941], [0.20056202, 43.57207414], [0.20060051, 43.5719959], [0.20059853, 43.57188421], [0.20062264, 43.57174528], [0.20066204, 43.57149601], [0.20071546, 43.57141636], [0.20078655, 43.57138038], [0.20082264, 43.57137681], [0.20090139, 43.57138695], [0.20100383, 43.5714193], [0.20118127, 43.57148779], [0.2012039, 43.57153159], [0.2011958, 43.57159621], [0.2011388, 43.57167306], [0.2010558, 43.57177536], [0.2010099, 43.57187861], [0.20099521, 43.57192595], [0.2010007, 43.57196571], [0.20102439, 43.57198792], [0.20108503, 43.57198859], [0.20121122, 43.57199094], [0.20145988, 43.57197034], [0.20164736, 43.57195987], [0.20181706, 43.57195884], [0.20195518, 43.5719705], [0.20205681, 43.57196862], [0.20211872, 43.57194321], [0.20212082, 43.57190005], [0.20204355, 43.57183413], [0.20193376, 43.57174938], [0.20171433, 43.57160237], [0.20148996, 43.57148045], [0.20130906, 43.57140646], [0.20108277, 43.5713241], [0.20088288, 43.57125862]]}, "properties": {"nature": "Chemin", "prive": false, "acces_pieton": null, "acces_vehicule_leger": "Libre", "nom": "", "source": "BDTOPO_V3:troncon_de_route (IGN, WFS data.geopf.fr)"}}, {"type": "Feature", "geometry": {"type": "LineString", "coordinates": [[0.20283844, 43.57229307], [0.20255722, 43.57242267], [0.20228264, 43.57256865], [0.20193103, 43.57274505], [0.20141917, 43.57300825], [0.20110452, 43.5731631], [0.20076818, 43.57330568], [0.20046879, 43.5734267], [0.20017714, 43.57354162], [0.19984366, 43.57367617], [0.19953809, 43.57379703], [0.19927382, 43.57390906], [0.19924856, 43.57391921]]}, "properties": {"nature": "Route \u00e0 1 chauss\u00e9e", "prive": false, "acces_pieton": null, "acces_vehicule_leger": "Libre", "nom": "Route de Bassoues", "source": "BDTOPO_V3:troncon_de_route (IGN, WFS data.geopf.fr)"}}, {"type": "Feature", "geometry": {"type": "LineString", "coordinates": [[0.20149233, 43.57257439], [0.20139881, 43.5726386], [0.20132962, 43.57271154], [0.20124627, 43.57282103], [0.20114786, 43.57293463], [0.20105614, 43.5730124], [0.20095157, 43.57307452], [0.20083481, 43.57313273], [0.20072886, 43.57317232], [0.20060777, 43.57321781], [0.2004751, 43.57327201], [0.20035507, 43.57332113], [0.20016313, 43.57339721], [0.20007353, 43.57343181], [0.19983697, 43.57348333], [0.19973353, 43.57349687], [0.19962144, 43.57351018], [0.19954609, 43.57353165], [0.1994458, 43.57358218], [0.19923206, 43.57369911], [0.19911949, 43.57377273]]}, "properties": {"nature": "Route empierr\u00e9e", "prive": false, "acces_pieton": null, "acces_vehicule_leger": "Restreint aux ayants droit", "nom": "", "source": "BDTOPO_V3:troncon_de_route (IGN, WFS data.geopf.fr)"}}, {"type": "Feature", "geometry": {"type": "LineString", "coordinates": [[0.2024937, 43.57204921], [0.20247691, 43.57203797], [0.20227214, 43.57189494], [0.20218391, 43.57182515], [0.20209577, 43.57175355], [0.20193275, 43.57164311], [0.20177344, 43.57153277], [0.20155348, 43.57139656], [0.20133021, 43.57125215], [0.2011133, 43.57110431], [0.20107491, 43.57107901], [0.20102882, 43.57103371], [0.20101498, 43.57098744], [0.20101064, 43.57094951]]}, "properties": {"nature": "Route empierr\u00e9e", "prive": false, "acces_pieton": null, "acces_vehicule_leger": "Libre", "nom": "Impasse Las Carreterres", "source": "BDTOPO_V3:troncon_de_route (IGN, WFS data.geopf.fr)"}}, {"type": "Feature", "geometry": {"type": "LineString", "coordinates": [[0.20283844, 43.57229307], [0.20277433, 43.5722365], [0.20267607, 43.57216915], [0.20261382, 43.57212523], [0.202543, 43.57207929], [0.2024937, 43.57204921]]}, "properties": {"nature": "Route empierr\u00e9e", "prive": false, "acces_pieton": null, "acces_vehicule_leger": "Libre", "nom": "Impasse Las Carreterres", "source": "BDTOPO_V3:troncon_de_route (IGN, WFS data.geopf.fr)"}}, {"type": "Feature", "geometry": {"type": "LineString", "coordinates": [[0.20271758, 43.5715463], [0.202778, 43.57155146], [0.20282527, 43.57157248], [0.20303585, 43.57167244], [0.20310627, 43.57170126], [0.20332997, 43.57178625], [0.20350406, 43.57187267], [0.20364318, 43.57194017], [0.20380562, 43.57203709], [0.20382078, 43.57205639], [0.20382234, 43.57210054]]}, "properties": {"nature": "Route \u00e0 1 chauss\u00e9e", "prive": false, "acces_pieton": null, "acces_vehicule_leger": "Libre", "nom": "", "source": "BDTOPO_V3:troncon_de_route (IGN, WFS data.geopf.fr)"}}, {"type": "Feature", "geometry": {"type": "LineString", "coordinates": [[0.19924856, 43.57391921], [0.19918812, 43.57386363], [0.19912511, 43.57380979], [0.19911627, 43.57378795], [0.19911949, 43.57377273]]}, "properties": {"nature": "Route empierr\u00e9e", "prive": false, "acces_pieton": null, "acces_vehicule_leger": "Restreint aux ayants droit", "nom": "", "source": "BDTOPO_V3:troncon_de_route (IGN, WFS data.geopf.fr)"}}, {"type": "Feature", "geometry": {"type": "LineString", "coordinates": [[0.20816429, 43.57389587], [0.20807462, 43.57388096], [0.20783634, 43.57381541], [0.20763083, 43.5737381], [0.20741148, 43.57363973], [0.20705027, 43.57345397], [0.2065164, 43.57315214], [0.20616888, 43.57296493], [0.20589899, 43.57281124], [0.20557821, 43.57263462], [0.20529727, 43.57247884], [0.20515961, 43.57240687], [0.20504714, 43.57235176], [0.20494266, 43.57231036], [0.20481632, 43.57226029], [0.20471039, 43.57222335], [0.20462606, 43.57220047], [0.20452937, 43.57217727], [0.20433184, 43.57213977], [0.20410657, 43.57211236], [0.20392366, 43.57210495], [0.20382234, 43.57210054]]}, "properties": {"nature": "Route \u00e0 1 chauss\u00e9e", "prive": false, "acces_pieton": null, "acces_vehicule_leger": "Libre", "nom": "Route de Bassoues", "source": "BDTOPO_V3:troncon_de_route (IGN, WFS data.geopf.fr)"}}, {"type": "Feature", "geometry": {"type": "LineString", "coordinates": [[0.20382234, 43.57210054], [0.20378034, 43.57209856], [0.20362359, 43.57211343], [0.20348632, 43.5721351], [0.20327014, 43.57217545], [0.20306729, 43.57222154], [0.20283844, 43.57229307]]}, "properties": {"nature": "Route \u00e0 1 chauss\u00e9e", "prive": false, "acces_pieton": null, "acces_vehicule_leger": "Libre", "nom": "Route de Bassoues", "source": "BDTOPO_V3:troncon_de_route (IGN, WFS data.geopf.fr)"}}, {"type": "Feature", "geometry": {"type": "LineString", "coordinates": [[0.19911949, 43.57377273], [0.19904142, 43.57382474], [0.19895512, 43.57386752], [0.19886666, 43.57390396], [0.1987476, 43.5739585], [0.19866837, 43.57398347], [0.19853989, 43.57402787], [0.19839675, 43.57406829], [0.19838124, 43.57405619], [0.19838097, 43.57403637], [0.19840998, 43.57400021], [0.19846798, 43.57387746], [0.19850245, 43.57378022], [0.19854849, 43.57367427], [0.19856423, 43.57360535], [0.19858709, 43.57351771], [0.19858528, 43.57340242], [0.19858955, 43.57334041], [0.19858225, 43.5732871], [0.19856514, 43.57325695], [0.19849808, 43.57321021], [0.19844914, 43.57319814], [0.19839737, 43.5731932], [0.19833611, 43.57320513], [0.1982624, 43.57324374], [0.19821772, 43.5732966], [0.19818114, 43.5734118], [0.19813903, 43.57351335], [0.19808887, 43.57357688], [0.19802299, 43.5736328], [0.19796249, 43.57365464], [0.19789866, 43.5736683], [0.19782645, 43.57367634], [0.19762539, 43.57366035], [0.19747246, 43.57362219], [0.19736543, 43.57358251], [0.19729537, 43.57354649], [0.197256, 43.57351576], [0.19718032, 43.57344268], [0.19713927, 43.57339571], [0.19710648, 43.57333184], [0.19701533, 43.5730684], [0.19697607, 43.57293414], [0.19691387, 43.57273716], [0.19687338, 43.57260287], [0.19685812, 43.57253495], [0.19685868, 43.57247284], [0.19686728, 43.57242355], [0.19689252, 43.57233777], [0.19692233, 43.57215848], [0.19693701, 43.57206072], [0.19693513, 43.57197244], [0.19690216, 43.57191217], [0.19686885, 43.57185909]]}, "properties": {"nature": "Chemin", "prive": false, "acces_pieton": "Libre", "acces_vehicule_leger": "Libre", "nom": null, "source": "BDTOPO_V3:troncon_de_route (IGN, WFS data.geopf.fr)"}}, {"type": "Feature", "geometry": {"type": "LineString", "coordinates": [[0.19589303, 43.57436918], [0.19578843, 43.57435567], [0.19556907, 43.57430859], [0.19546876, 43.57428349], [0.1952603, 43.57421599], [0.19513255, 43.57416947], [0.19498214, 43.57410526], [0.19479294, 43.57402385], [0.19430226, 43.5738275], [0.19410335, 43.57374223], [0.19399733, 43.57370708], [0.19374144, 43.57362214], [0.19354099, 43.57356834], [0.19334632, 43.57352279], [0.19311266, 43.57346453], [0.19286433, 43.57340229], [0.19246992, 43.57331377], [0.19221196, 43.57324587], [0.19210564, 43.57321701], [0.19194905, 43.57315264], [0.19179586, 43.57309466], [0.1916026, 43.57299513], [0.19135718, 43.57287354], [0.19123933, 43.57282727], [0.19105907, 43.5727911], [0.19092957, 43.57278055], [0.1908873, 43.57278395]]}, "properties": {"nature": "Route \u00e0 1 chauss\u00e9e", "prive": false, "acces_pieton": null, "acces_vehicule_leger": "Libre", "nom": "Route de Bassoues", "source": "BDTOPO_V3:troncon_de_route (IGN, WFS data.geopf.fr)"}}, {"type": "Feature", "geometry": {"type": "LineString", "coordinates": [[0.1908873, 43.57278395], [0.19085749, 43.57278588], [0.19083386, 43.57278797], [0.19076151, 43.57279871], [0.19071664, 43.57280475], [0.1905019, 43.57286581], [0.19019649, 43.57295784], [0.18988025, 43.5730685], [0.18943302, 43.57319917], [0.18920927, 43.57326721], [0.1888747, 43.57337288], [0.18855286, 43.57347169], [0.18832517, 43.57354412], [0.18810703, 43.57359879], [0.18794233, 43.57364944], [0.18774026, 43.57372974]]}, "properties": {"nature": "Route \u00e0 1 chauss\u00e9e", "prive": false, "acces_pieton": null, "acces_vehicule_leger": "Libre", "nom": "Route de Bassoues", "source": "BDTOPO_V3:troncon_de_route (IGN, WFS data.geopf.fr)"}}, {"type": "Feature", "geometry": {"type": "LineString", "coordinates": [[0.18774026, 43.57372974], [0.18779014, 43.57379855], [0.18789598, 43.57393814], [0.18794935, 43.57401155], [0.18806036, 43.57414677], [0.18813582, 43.57427477], [0.18818367, 43.57438495], [0.18820218, 43.57443675]]}, "properties": {"nature": "Route \u00e0 1 chauss\u00e9e", "prive": false, "acces_pieton": null, "acces_vehicule_leger": "Libre", "nom": "", "source": "BDTOPO_V3:troncon_de_route (IGN, WFS data.geopf.fr)"}}, {"type": "Feature", "geometry": {"type": "LineString", "coordinates": [[0.19139747, 43.57169607], [0.19157343, 43.57166821], [0.19177196, 43.57163463], [0.19210603, 43.57156404], [0.19241925, 43.57148932], [0.19283123, 43.57137033], [0.19321528, 43.57126502], [0.19345311, 43.57118744], [0.19354943, 43.57114221], [0.19367957, 43.57106365], [0.19379054, 43.57097198], [0.19387833, 43.57087341], [0.1939722, 43.5707516], [0.19408201, 43.57060769], [0.19417456, 43.57048763], [0.1943539, 43.57023838], [0.19458642, 43.56996529], [0.19471125, 43.56981817], [0.19476211, 43.56974025], [0.1947734, 43.56966132], [0.19478777, 43.56956986], [0.1948071, 43.56932637], [0.19479895, 43.56921452], [0.19479532, 43.56918742], [0.19477124, 43.56914808], [0.19472291, 43.56907301], [0.19460735, 43.5690052], [0.19455262, 43.56895967], [0.19450668, 43.56891167], [0.19451166, 43.56888569]]}, "properties": {"nature": "Route empierr\u00e9e", "prive": false, "acces_pieton": null, "acces_vehicule_leger": "Libre", "nom": "", "source": "BDTOPO_V3:troncon_de_route (IGN, WFS data.geopf.fr)"}}, {"type": "Feature", "geometry": {"type": "LineString", "coordinates": [[0.19127973, 43.57197662], [0.19116188, 43.57218335], [0.19100288, 43.57247183], [0.19089117, 43.57270483], [0.1908838, 43.57272894], [0.19088336, 43.57273794], [0.19088301, 43.57274513], [0.1908873, 43.57278395]]}, "properties": {"nature": "Route \u00e0 1 chauss\u00e9e", "prive": false, "acces_pieton": null, "acces_vehicule_leger": "Libre", "nom": "Chemin de la Mairie", "source": "BDTOPO_V3:troncon_de_route (IGN, WFS data.geopf.fr)"}}, {"type": "Feature", "geometry": {"type": "LineString", "coordinates": [[0.18636422, 43.57429099], [0.18625684, 43.57433413], [0.18592713, 43.57446693], [0.1856104, 43.57461268], [0.18534106, 43.57472634], [0.1850222, 43.57489003], [0.18474597, 43.57506833], [0.18445654, 43.5752634], [0.18432323, 43.57535538], [0.18411166, 43.57547773], [0.18401003, 43.57553002], [0.18391802, 43.57556274], [0.1837761, 43.57560318], [0.18373856, 43.57561121]]}, "properties": {"nature": "Route \u00e0 1 chauss\u00e9e", "prive": false, "acces_pieton": null, "acces_vehicule_leger": "Libre", "nom": "Route de Bassoues", "source": "BDTOPO_V3:troncon_de_route (IGN, WFS data.geopf.fr)"}}, {"type": "Feature", "geometry": {"type": "LineString", "coordinates": [[0.17677248, 43.57367915], [0.17666047, 43.57371585], [0.17634085, 43.57386959], [0.17607621, 43.57401306], [0.1758713, 43.57412567], [0.17569329, 43.57422008], [0.17539522, 43.57436358], [0.17489064, 43.57457643], [0.17453197, 43.57469314], [0.17419578, 43.57480594], [0.17390782, 43.57489477], [0.17366894, 43.57496778]]}, "properties": {"nature": "Route \u00e0 1 chauss\u00e9e", "prive": false, "acces_pieton": null, "acces_vehicule_leger": "Libre", "nom": "Route de Bassoues", "source": "BDTOPO_V3:troncon_de_route (IGN, WFS data.geopf.fr)"}}, {"type": "Feature", "geometry": {"type": "LineString", "coordinates": [[0.17058553, 43.57139961], [0.17062408, 43.57122055], [0.17064928, 43.57106095], [0.17067926, 43.57087986], [0.17071012, 43.570706], [0.17073043, 43.57052017], [0.17073979, 43.57028002], [0.17073576, 43.57011066], [0.17072639, 43.56992405], [0.17073975, 43.56980375]]}, "properties": {"nature": "Route \u00e0 1 chauss\u00e9e", "prive": false, "acces_pieton": null, "acces_vehicule_leger": "Libre", "nom": "Route de Marciac", "source": "BDTOPO_V3:troncon_de_route (IGN, WFS data.geopf.fr)"}}, {"type": "Feature", "geometry": {"type": "LineString", "coordinates": [[0.17073975, 43.56980375], [0.17075261, 43.56974377], [0.17077316, 43.56967858], [0.17081504, 43.56960764], [0.17089271, 43.56946382], [0.17100285, 43.56928932], [0.171103, 43.56914158], [0.17121053, 43.56896972], [0.17138273, 43.5686915], [0.17148774, 43.56852048]]}, "properties": {"nature": "Route \u00e0 1 chauss\u00e9e", "prive": false, "acces_pieton": null, "acces_vehicule_leger": "Libre", "nom": "Route de Marciac", "source": "BDTOPO_V3:troncon_de_route (IGN, WFS data.geopf.fr)"}}, {"type": "Feature", "geometry": {"type": "LineString", "coordinates": [[0.1702432, 43.56852315], [0.17021716, 43.56847386], [0.1701493, 43.56831813], [0.17006966, 43.56817561], [0.16997998, 43.56808594], [0.16986937, 43.56796871], [0.16974268, 43.56785107], [0.16954897, 43.56766145], [0.16938201, 43.56750675], [0.16931631, 43.56743301]]}, "properties": {"nature": "Route empierr\u00e9e", "prive": false, "acces_pieton": null, "acces_vehicule_leger": "Libre", "nom": null, "source": "BDTOPO_V3:troncon_de_route (IGN, WFS data.geopf.fr)"}}, {"type": "Feature", "geometry": {"type": "LineString", "coordinates": [[0.17073975, 43.56980375], [0.17064978, 43.5697699], [0.17059344, 43.569682], [0.17053955, 43.56949422], [0.17043988, 43.56918012], [0.17034283, 43.56883816], [0.17028572, 43.5686152], [0.1702432, 43.56852315]]}, "properties": {"nature": "Chemin", "prive": false, "acces_pieton": null, "acces_vehicule_leger": "Libre", "nom": null, "source": "BDTOPO_V3:troncon_de_route (IGN, WFS data.geopf.fr)"}}, {"type": "Feature", "geometry": {"type": "LineString", "coordinates": [[0.16985464, 43.57394198], [0.16990297, 43.57389102], [0.16996566, 43.57379992], [0.17001868, 43.57370407], [0.17006283, 43.57358728], [0.1701213, 43.57343124], [0.17016903, 43.57326683], [0.17022508, 43.57305941], [0.17029518, 43.57279294], [0.17037969, 43.57246023], [0.17041558, 43.57230991], [0.170465, 43.57211132], [0.17048583, 43.57196511], [0.1705071, 43.57183512], [0.17054446, 43.57162992], [0.17057413, 43.57145513], [0.17058553, 43.57139961]]}, "properties": {"nature": "Route \u00e0 1 chauss\u00e9e", "prive": false, "acces_pieton": null, "acces_vehicule_leger": "Libre", "nom": "Route de Marciac", "source": "BDTOPO_V3:troncon_de_route (IGN, WFS data.geopf.fr)"}}, {"type": "Feature", "geometry": {"type": "LineString", "coordinates": [[0.17148774, 43.56852048], [0.17134579, 43.56851138], [0.17103447, 43.56852217], [0.17077787, 43.56852809], [0.17047591, 43.56854993], [0.17036059, 43.56855322], [0.1702841, 43.56854763], [0.1702432, 43.56852315]]}, "properties": {"nature": "Route empierr\u00e9e", "prive": false, "acces_pieton": null, "acces_vehicule_leger": "Libre", "nom": "", "source": "BDTOPO_V3:troncon_de_route (IGN, WFS data.geopf.fr)"}}, {"type": "Feature", "geometry": {"type": "LineString", "coordinates": [[0.1631584, 43.56859302], [0.16326669, 43.5687318], [0.1633353, 43.56882183], [0.16342236, 43.56893935], [0.16356708, 43.56911779], [0.1637065, 43.5693033], [0.16382618, 43.56946218], [0.16397744, 43.5696588], [0.16416501, 43.56994731], [0.16431075, 43.57015549], [0.16462664, 43.57057879], [0.1647548, 43.5707667], [0.16493665, 43.57102084], [0.1651302, 43.571314], [0.16544967, 43.5717653], [0.16562429, 43.57201565], [0.16574566, 43.57219078], [0.16587961, 43.57241216], [0.16596765, 43.5725351], [0.16603365, 43.57265297], [0.16611566, 43.57284778], [0.16616753, 43.57297608], [0.16623718, 43.57317057], [0.16626766, 43.57330551], [0.16627824, 43.57339222], [0.16627721, 43.57346332], [0.1662699, 43.57353605], [0.16625078, 43.57369761], [0.16623878, 43.57381524], [0.16621595, 43.57392629], [0.16618414, 43.57414424], [0.16617281, 43.57424838], [0.16615852, 43.57433714], [0.16615424, 43.57447388], [0.16616768, 43.57457776]]}, "properties": {"nature": "Route \u00e0 1 chauss\u00e9e", "prive": false, "acces_pieton": null, "acces_vehicule_leger": "Libre", "nom": "Chemin de Montaulieu", "source": "BDTOPO_V3:troncon_de_route (IGN, WFS data.geopf.fr)"}}, {"type": "Feature", "geometry": {"type": "LineString", "coordinates": [[0.15673102, 43.57543663], [0.15674483, 43.57535776], [0.15683647, 43.5751828], [0.15698958, 43.57494192], [0.15715555, 43.57466626], [0.15724697, 43.57449579], [0.15727333, 43.57441365], [0.15730481, 43.57432804], [0.15732065, 43.57425823], [0.15734144, 43.57408861], [0.15729903, 43.5737949], [0.15724422, 43.57355127], [0.15717477, 43.57337839], [0.1570525, 43.57319692], [0.15692853, 43.57307483], [0.15667682, 43.57283145], [0.15634848, 43.57251044], [0.15613307, 43.57230942], [0.15601006, 43.57221797], [0.15571823, 43.57203476], [0.15535047, 43.57178473], [0.15505967, 43.57158084], [0.15496841, 43.57149832], [0.15490255, 43.57142817], [0.15486875, 43.57136066]]}, "properties": {"nature": "Route \u00e0 1 chauss\u00e9e", "prive": false, "acces_pieton": null, "acces_vehicule_leger": "Libre", "nom": "Route de l'\u00c9glise", "source": "BDTOPO_V3:troncon_de_route (IGN, WFS data.geopf.fr)"}}, {"type": "Feature", "geometry": {"type": "LineString", "coordinates": [[0.15194987, 43.57121569], [0.15208829, 43.57122113], [0.15235117, 43.57123883], [0.15262063, 43.57124859], [0.15279858, 43.57125596], [0.15296699, 43.57125588], [0.15311049, 43.57125874], [0.1531975, 43.57125202], [0.15330324, 43.57124219], [0.15344127, 43.5712305], [0.15369052, 43.57119832], [0.15389724, 43.57117493], [0.15400801, 43.57116343], [0.15414511, 43.57117063], [0.15429915, 43.57118547], [0.15445316, 43.57120121], [0.15465057, 43.5712406], [0.15472228, 43.57126769], [0.15478512, 43.57129905], [0.15484142, 43.57133743], [0.15486875, 43.57136066]]}, "properties": {"nature": "Route \u00e0 1 chauss\u00e9e", "prive": false, "acces_pieton": null, "acces_vehicule_leger": "Libre", "nom": null, "source": "BDTOPO_V3:troncon_de_route (IGN, WFS data.geopf.fr)"}}, {"type": "Feature", "geometry": {"type": "LineString", "coordinates": [[0.15484809, 43.56523338], [0.15493884, 43.56525107], [0.15508642, 43.56527114], [0.15528789, 43.56527822], [0.15546821, 43.56528745], [0.15560771, 43.56529561], [0.15569843, 43.56528898], [0.1557983, 43.56524748], [0.15600371, 43.56512502], [0.15617877, 43.56501526], [0.15635781, 43.56490021], [0.15639316, 43.56486152], [0.15640806, 43.56481059], [0.15638563, 43.56471367], [0.15628582, 43.56440405], [0.15613551, 43.56396435], [0.1560592, 43.56375528], [0.15604108, 43.56367107], [0.15604371, 43.56351808], [0.15604406, 43.56333623]]}, "properties": {"nature": "Chemin", "prive": false, "acces_pieton": null, "acces_vehicule_leger": "Libre", "nom": "", "source": "BDTOPO_V3:troncon_de_route (IGN, WFS data.geopf.fr)"}}, {"type": "Feature", "geometry": {"type": "LineString", "coordinates": [[0.22963189, 43.5653717], [0.22965474, 43.56538579], [0.22993551, 43.56557122], [0.23022806, 43.56574344], [0.23055712, 43.5659544], [0.2306669, 43.56604003], [0.23085079, 43.56618066], [0.23093954, 43.56626575], [0.23110546, 43.56641944], [0.23113273, 43.56644444], [0.2314491, 43.56676491], [0.23154994, 43.56688182], [0.23173138, 43.5670476], [0.23204458, 43.5673824], [0.23212186, 43.5674744], [0.2321618, 43.56754474], [0.23218897, 43.56759765], [0.23227608, 43.56776822], [0.2324676, 43.56813593], [0.23263249, 43.56846514], [0.23281601, 43.56881913], [0.23301372, 43.56918699], [0.23306245, 43.56925485], [0.23313765, 43.5693387], [0.23323516, 43.56942221], [0.23331568, 43.56947288], [0.23351902, 43.56956989], [0.23388534, 43.56972777], [0.23396749, 43.56977038], [0.23403488, 43.56981081], [0.23408875, 43.5698491], [0.23420551, 43.56997001], [0.23428087, 43.57007636], [0.2343255, 43.57015223], [0.23436899, 43.57022626], [0.23438266, 43.57025091], [0.23438598, 43.5702591], [0.23446377, 43.57041774], [0.23455469, 43.57058661], [0.23461885, 43.57071968], [0.23476219, 43.57106005], [0.2347978, 43.57116899], [0.23482102, 43.57125241], [0.23483806, 43.57133567], [0.23484429, 43.57143756], [0.23484953, 43.57150882], [0.23485159, 43.57154308], [0.23485124, 43.57155028]]}, "properties": {"nature": "Route \u00e0 1 chauss\u00e9e", "prive": false, "acces_pieton": null, "acces_vehicule_leger": "Libre", "nom": "RTE DE MARCIAC", "source": "BDTOPO_V3:troncon_de_route (IGN, WFS data.geopf.fr)"}}, {"type": "Feature", "geometry": {"type": "LineString", "coordinates": [[0.22874786, 43.56480806], [0.22875868, 43.56481464], [0.22883147, 43.56487141], [0.22906795, 43.5650251], [0.22936484, 43.56521004], [0.22963189, 43.5653717]]}, "properties": {"nature": "Route \u00e0 1 chauss\u00e9e", "prive": false, "acces_pieton": null, "acces_vehicule_leger": "Libre", "nom": "RTE DE MARCIAC", "source": "BDTOPO_V3:troncon_de_route (IGN, WFS data.geopf.fr)"}}, {"type": "Feature", "geometry": {"type": "LineString", "coordinates": [[0.22963189, 43.5653717], [0.22936909, 43.56542982], [0.22929927, 43.56543974], [0.22927471, 43.56543551], [0.22919865, 43.56542097], [0.22908001, 43.56539093], [0.22897496, 43.56536124], [0.22890892, 43.56534425], [0.22883857, 43.56533975], [0.2287575, 43.56535208], [0.22867942, 43.56535369], [0.22863282, 43.5653444], [0.22857776, 43.56530518], [0.22853047, 43.56525896], [0.22847979, 43.56518024], [0.22846999, 43.56512687], [0.22850459, 43.56505123], [0.22855931, 43.56499501], [0.22874786, 43.56480806]]}, "properties": {"nature": "Chemin", "prive": false, "acces_pieton": "Libre", "acces_vehicule_leger": "Libre", "nom": null, "source": "BDTOPO_V3:troncon_de_route (IGN, WFS data.geopf.fr)"}}, {"type": "Feature", "geometry": {"type": "LineString", "coordinates": [[0.22577054, 43.56416122], [0.22592343, 43.56422544], [0.22605568, 43.56425583], [0.22648713, 43.56429477], [0.22683449, 43.56433155], [0.22717769, 43.56435202], [0.22740453, 43.56437222], [0.22758092, 43.56438573], [0.22774699, 43.56440798], [0.22787694, 43.56443471], [0.22809479, 43.56448708], [0.22817028, 43.56451332], [0.2282312, 43.56453378], [0.22838702, 43.56461429], [0.22848873, 43.5646619], [0.22874786, 43.56480806]]}, "properties": {"nature": "Route \u00e0 1 chauss\u00e9e", "prive": false, "acces_pieton": null, "acces_vehicule_leger": "Libre", "nom": "RTE DE MARCIAC", "source": "BDTOPO_V3:troncon_de_route (IGN, WFS data.geopf.fr)"}}, {"type": "Feature", "geometry": {"type": "LineString", "coordinates": [[0.22577054, 43.56416122], [0.22569967, 43.56411619], [0.22565503, 43.56406643], [0.22560913, 43.56399144], [0.22557551, 43.56386724], [0.22555806, 43.56374165], [0.22554412, 43.56364586], [0.22550923, 43.56318942], [0.22549465, 43.56300449], [0.22548302, 43.56275841], [0.22545877, 43.56251741], [0.22544058, 43.56235579], [0.22542489, 43.56216813], [0.22540421, 43.56198124], [0.22539432, 43.56175051], [0.22537708, 43.56144127], [0.225347, 43.5611416], [0.22532012, 43.56087803], [0.22531152, 43.56077427]]}, "properties": {"nature": "Route \u00e0 1 chauss\u00e9e", "prive": false, "acces_pieton": null, "acces_vehicule_leger": "Libre", "nom": "RTE DE MARCIAC", "source": "BDTOPO_V3:troncon_de_route (IGN, WFS data.geopf.fr)"}}, {"type": "Feature", "geometry": {"type": "LineString", "coordinates": [[0.22042764, 43.56240849], [0.22044416, 43.5623486], [0.22049441, 43.56215452], [0.22051189, 43.56207484], [0.22057807, 43.56173082], [0.22061377, 43.56150486], [0.22063187, 43.5614378], [0.22064012, 43.56142091], [0.22064112, 43.56140022], [0.22063943, 43.56138398]]}, "properties": {"nature": "Route \u00e0 1 chauss\u00e9e", "prive": false, "acces_pieton": null, "acces_vehicule_leger": "Libre", "nom": "", "source": "BDTOPO_V3:troncon_de_route (IGN, WFS data.geopf.fr)"}}, {"type": "Feature", "geometry": {"type": "LineString", "coordinates": [[0.22431158, 43.56401768], [0.2243179, 43.56401514], [0.22436267, 43.56401089], [0.22437376, 43.56401207], [0.22441448, 43.56401491], [0.22452349, 43.56403931], [0.22485954, 43.56413073], [0.22521944, 43.56421555], [0.22547588, 43.56426352], [0.22561574, 43.5642644], [0.22565084, 43.56425539], [0.22567725, 43.56424706], [0.2256976, 43.56423588], [0.22572077, 43.56421756], [0.22577054, 43.56416122]]}, "properties": {"nature": "Route \u00e0 1 chauss\u00e9e", "prive": false, "acces_pieton": null, "acces_vehicule_leger": "Libre", "nom": "", "source": "BDTOPO_V3:troncon_de_route (IGN, WFS data.geopf.fr)"}}, {"type": "Feature", "geometry": {"type": "LineString", "coordinates": [[0.22371206, 43.56589208], [0.22376949, 43.56585663], [0.22383912, 43.5658251], [0.22391698, 43.56577668], [0.22396194, 43.56571751], [0.22399046, 43.56563991], [0.22402967, 43.56552027], [0.22405067, 43.56536776], [0.22405924, 43.56531846], [0.22405389, 43.5652499], [0.22405146, 43.56506978], [0.22406401, 43.56496387], [0.22407986, 43.56484093], [0.22412417, 43.56461609], [0.22414978, 43.56449611], [0.22417632, 43.56438245], [0.22418694, 43.56429089], [0.22420845, 43.5641789], [0.22423207, 43.56410028], [0.22427357, 43.56403562], [0.22431158, 43.56401768]]}, "properties": {"nature": "Route \u00e0 1 chauss\u00e9e", "prive": false, "acces_pieton": null, "acces_vehicule_leger": "Libre", "nom": "", "source": "BDTOPO_V3:troncon_de_route (IGN, WFS data.geopf.fr)"}}, {"type": "Feature", "geometry": {"type": "LineString", "coordinates": [[0.21752133, 43.56190999], [0.2179103, 43.56185424], [0.2182307, 43.56180843], [0.21859997, 43.56175037], [0.21896156, 43.56169752], [0.21933865, 43.56163155], [0.21959889, 43.5615752], [0.21978698, 43.561526], [0.21997745, 43.56147866], [0.22018515, 43.56143356], [0.22042319, 43.56140095], [0.22063943, 43.56138398]]}, "properties": {"nature": "Route \u00e0 1 chauss\u00e9e", "prive": false, "acces_pieton": null, "acces_vehicule_leger": "Libre", "nom": "RTE DE PEBIDAU", "source": "BDTOPO_V3:troncon_de_route (IGN, WFS data.geopf.fr)"}}, {"type": "Feature", "geometry": {"type": "LineString", "coordinates": [[0.21713062, 43.56195039], [0.21722132, 43.56194371], [0.21726985, 43.56193865], [0.21752133, 43.56190999]]}, "properties": {"nature": "Route \u00e0 1 chauss\u00e9e", "prive": false, "acces_pieton": null, "acces_vehicule_leger": "Libre", "nom": "RTE DE PEBIDAU", "source": "BDTOPO_V3:troncon_de_route (IGN, WFS data.geopf.fr)"}}, {"type": "Feature", "geometry": {"type": "LineString", "coordinates": [[0.1753295, 43.56030248], [0.17542126, 43.56027426], [0.17551863, 43.56025789], [0.1756085, 43.56024312], [0.1757537, 43.56021088], [0.17585782, 43.56018298], [0.17595992, 43.56017123], [0.17611841, 43.56017086], [0.17623613, 43.56019373], [0.17643868, 43.56027912], [0.17674024, 43.56041571], [0.17706554, 43.56057273], [0.17744314, 43.5607491], [0.17769798, 43.56085387], [0.177917, 43.56093159], [0.1779934, 43.56096418], [0.1780372, 43.56097973]]}, "properties": {"nature": "Route \u00e0 1 chauss\u00e9e", "prive": false, "acces_pieton": null, "acces_vehicule_leger": "Libre", "nom": "Chemin de la Mairie", "source": "BDTOPO_V3:troncon_de_route (IGN, WFS data.geopf.fr)"}}, {"type": "Feature", "geometry": {"type": "LineString", "coordinates": [[0.22431158, 43.56401768], [0.22429783, 43.56399482], [0.22429059, 43.56399104], [0.22427499, 43.56398074], [0.22421147, 43.56396291], [0.22404487, 43.56392623], [0.22374326, 43.56383929], [0.22338255, 43.56372023], [0.22309777, 43.56361842], [0.2228409, 43.56352812], [0.22259831, 43.56344988], [0.22240718, 43.56338287], [0.22221856, 43.56331503], [0.22200517, 43.56324744], [0.22182204, 43.56319414], [0.22175008, 43.56317159], [0.22163211, 43.56315327], [0.22157916, 43.56314741], [0.22140565, 43.56315107], [0.22098115, 43.56317351], [0.22060473, 43.56319989], [0.22033903, 43.56321559], [0.22004434, 43.56321615], [0.21988075, 43.56319395], [0.21972011, 43.56316193], [0.21954237, 43.56309976], [0.21939597, 43.56302938], [0.21922505, 43.56292867], [0.21897438, 43.56278721], [0.21876237, 43.56266564], [0.21857564, 43.56255912], [0.218288, 43.56238879], [0.21799652, 43.56222107], [0.21772434, 43.56206374], [0.21758197, 43.56198717], [0.21753655, 43.56195359], [0.21752139, 43.5619343], [0.21752133, 43.56190999]]}, "properties": {"nature": "Chemin", "prive": false, "acces_pieton": null, "acces_vehicule_leger": "Libre", "nom": null, "source": "BDTOPO_V3:troncon_de_route (IGN, WFS data.geopf.fr)"}}, {"type": "Feature", "geometry": {"type": "LineString", "coordinates": [[0.21615303, 43.56214499], [0.21623908, 43.56210668], [0.21640889, 43.56205162], [0.21659667, 43.56200872], [0.21690935, 43.56196902], [0.21713062, 43.56195039]]}, "properties": {"nature": "Route \u00e0 1 chauss\u00e9e", "prive": false, "acces_pieton": null, "acces_vehicule_leger": "Libre", "nom": "RTE DE PEBIDAU", "source": "BDTOPO_V3:troncon_de_route (IGN, WFS data.geopf.fr)"}}, {"type": "Feature", "geometry": {"type": "LineString", "coordinates": [[0.21488967, 43.56705524], [0.21491271, 43.5669631], [0.21493603, 43.56681425], [0.21497, 43.56659904], [0.21501151, 43.56638134], [0.21504334, 43.56621019], [0.21507882, 43.56601484], [0.21511196, 43.56589325], [0.21513179, 43.56573981], [0.21514111, 43.56567522]]}, "properties": {"nature": "Route \u00e0 1 chauss\u00e9e", "prive": false, "acces_pieton": null, "acces_vehicule_leger": "Libre", "nom": "RTE DE PEBIDAU", "source": "BDTOPO_V3:troncon_de_route (IGN, WFS data.geopf.fr)"}}, {"type": "Feature", "geometry": {"type": "LineString", "coordinates": [[0.2152319, 43.56349792], [0.21523869, 43.56340897], [0.21526329, 43.56333577], [0.21529375, 43.56324382], [0.21538058, 43.56303628], [0.21543215, 43.56294307]]}, "properties": {"nature": "Route \u00e0 1 chauss\u00e9e", "prive": false, "acces_pieton": null, "acces_vehicule_leger": "Libre", "nom": "RTE DE PEBIDAU", "source": "BDTOPO_V3:troncon_de_route (IGN, WFS data.geopf.fr)"}}, {"type": "Feature", "geometry": {"type": "LineString", "coordinates": [[0.21543215, 43.56294307], [0.21545787, 43.56289782], [0.21555484, 43.56273645], [0.21565438, 43.56259856], [0.21576774, 43.56245652], [0.2159008, 43.56231678], [0.21600365, 43.56223839], [0.21613401, 43.56215441], [0.21615303, 43.56214499]]}, "properties": {"nature": "Route \u00e0 1 chauss\u00e9e", "prive": false, "acces_pieton": null, "acces_vehicule_leger": "Libre", "nom": "RTE DE PEBIDAU", "source": "BDTOPO_V3:troncon_de_route (IGN, WFS data.geopf.fr)"}}, {"type": "Feature", "geometry": {"type": "LineString", "coordinates": [[0.21514111, 43.56567522], [0.21514604, 43.56565014], [0.21518925, 43.56544868], [0.21520778, 43.5652709], [0.21522241, 43.56507141], [0.21525105, 43.56481285], [0.21526781, 43.56462062], [0.21527828, 43.56432829], [0.21528673, 43.56420516], [0.21526972, 43.56396885], [0.21525904, 43.56383173], [0.21523576, 43.56359705], [0.21523242, 43.56356366], [0.21523001, 43.56351138], [0.2152319, 43.56349792]]}, "properties": {"nature": "Route \u00e0 1 chauss\u00e9e", "prive": false, "acces_pieton": null, "acces_vehicule_leger": "Libre", "nom": "RTE DE PEBIDAU", "source": "BDTOPO_V3:troncon_de_route (IGN, WFS data.geopf.fr)"}}, {"type": "Feature", "geometry": {"type": "LineString", "coordinates": [[0.21292095, 43.56560293], [0.21298785, 43.56560195], [0.21308567, 43.56560176], [0.21312869, 43.56560827], [0.2131832, 43.56563308], [0.21323179, 43.56565233], [0.21335766, 43.56566096], [0.21365887, 43.5656795], [0.21390265, 43.56568215], [0.21418772, 43.56567597], [0.21436839, 43.5656779], [0.21450843, 43.56567519], [0.21471648, 43.56567423], [0.21485034, 43.56567136], [0.21514111, 43.56567522]]}, "properties": {"nature": "Route \u00e0 1 chauss\u00e9e", "prive": false, "acces_pieton": null, "acces_vehicule_leger": "Libre", "nom": "IMP DU CAUSSOU", "source": "BDTOPO_V3:troncon_de_route (IGN, WFS data.geopf.fr)"}}, {"type": "Feature", "geometry": {"type": "LineString", "coordinates": [[0.21713062, 43.56195039], [0.2171145, 43.56187435], [0.21712388, 43.56183408], [0.21712758, 43.56180896]]}, "properties": {"nature": "Route \u00e0 1 chauss\u00e9e", "prive": false, "acces_pieton": null, "acces_vehicule_leger": "Libre", "nom": "VOI DE LARBONNE", "source": "BDTOPO_V3:troncon_de_route (IGN, WFS data.geopf.fr)"}}, {"type": "Feature", "geometry": {"type": "LineString", "coordinates": [[0.20732422, 43.56159048], [0.20733938, 43.56160978], [0.20742142, 43.56167941], [0.20753212, 43.56177049], [0.20763589, 43.56185148], [0.20773886, 43.56192346], [0.20785672, 43.56199491], [0.2079194, 43.56202983], [0.20803667, 43.56208777], [0.20823101, 43.56216479], [0.2083602, 43.56220683], [0.20860321, 43.5622761], [0.20889096, 43.56236723], [0.20918272, 43.56245216], [0.20946468, 43.56253503], [0.20979788, 43.56263363], [0.21015466, 43.56273103], [0.21029273, 43.56276879], [0.21050672, 43.5628238], [0.21067786, 43.56286872], [0.21087851, 43.56291799], [0.21103359, 43.56296249], [0.21120222, 43.56300823], [0.2113008, 43.56304318], [0.21139427, 43.56308159], [0.21165232, 43.56319806], [0.21178925, 43.56325919], [0.21190211, 43.56330621], [0.21200317, 43.56334121], [0.21214751, 43.56337733], [0.21224198, 43.56339506], [0.21237986, 43.56341121], [0.21248867, 43.563414], [0.21253805, 43.56341707], [0.2126322, 43.56341589], [0.2127426, 43.56341152], [0.21285587, 43.56339912], [0.21307149, 43.56336955], [0.21330076, 43.56333942], [0.21342295, 43.56332185], [0.21360329, 43.56330488], [0.21366414, 43.56330104], [0.21374832, 43.5633014], [0.21401312, 43.5633298], [0.21422675, 43.56336679], [0.21442342, 43.56339615], [0.21466267, 43.563441], [0.21496383, 43.56348564], [0.21504655, 43.56349047], [0.2152319, 43.56349792]]}, "properties": {"nature": "Route \u00e0 1 chauss\u00e9e", "prive": false, "acces_pieton": null, "acces_vehicule_leger": "Libre", "nom": "Au Chateau de Pardaillan", "source": "BDTOPO_V3:troncon_de_route (IGN, WFS data.geopf.fr)"}}, {"type": "Feature", "geometry": {"type": "LineString", "coordinates": [[0.15484809, 43.56523338], [0.15486449, 43.5652023], [0.15492201, 43.56506606], [0.15500756, 43.56486393], [0.15508831, 43.56460855], [0.15513301, 43.56440625], [0.15519093, 43.56406204], [0.15521246, 43.56390235], [0.15525362, 43.56362162]]}, "properties": {"nature": "Route \u00e0 1 chauss\u00e9e", "prive": false, "acces_pieton": null, "acces_vehicule_leger": "Libre", "nom": "Route de l'\u00c9glise", "source": "BDTOPO_V3:troncon_de_route (IGN, WFS data.geopf.fr)"}}, {"type": "Feature", "geometry": {"type": "LineString", "coordinates": [[0.20732422, 43.56159048], [0.20713981, 43.56169107], [0.20694918, 43.5617924], [0.20672445, 43.56190726], [0.20661774, 43.56196303], [0.20649219, 43.56204983], [0.20634687, 43.56218654], [0.20620451, 43.56231342], [0.20614447, 43.56235149], [0.20601515, 43.56241388], [0.20579597, 43.56249107], [0.20570721, 43.56250859], [0.20556025, 43.56252641], [0.20510559, 43.56255792], [0.20472785, 43.562586], [0.20448042, 43.56260754], [0.20433744, 43.56262006], [0.20415272, 43.56265042], [0.20402405, 43.56267411], [0.20379669, 43.56274118], [0.20367306, 43.56278841], [0.20355804, 43.56283677], [0.20327293, 43.56294556], [0.20303031, 43.56304644], [0.20296443, 43.56307716], [0.20289895, 43.56309978], [0.20278714, 43.56313291], [0.20261216, 43.56319232], [0.20233193, 43.56325172], [0.20215808, 43.56328775], [0.20199293, 43.56332311], [0.20186284, 43.56335037], [0.2017758, 43.56335803], [0.20172802, 43.563373]]}, "properties": {"nature": "Route \u00e0 1 chauss\u00e9e", "prive": false, "acces_pieton": null, "acces_vehicule_leger": "Libre", "nom": "CHE D'ARMOUS", "source": "BDTOPO_V3:troncon_de_route (IGN, WFS data.geopf.fr)"}}, {"type": "Feature", "geometry": {"type": "LineString", "coordinates": [[0.196153, 43.56471464], [0.19613101, 43.56470867], [0.19608083, 43.56467136], [0.19596204, 43.56454315], [0.19573055, 43.56423827], [0.19559798, 43.56406288], [0.19539649, 43.56380289], [0.19522571, 43.56359861], [0.19498907, 43.5633233], [0.19480806, 43.56315117], [0.19467912, 43.56302809], [0.1945732, 43.56294073], [0.19445338, 43.5628593], [0.19434662, 43.56278902], [0.19420051, 43.56268801], [0.19387841, 43.56248972], [0.1936267, 43.56234546], [0.19337036, 43.56219478], [0.19302273, 43.56198683], [0.19288653, 43.56191128], [0.19265528, 43.56177925], [0.19210268, 43.56145886], [0.19187656, 43.56132336], [0.19178867, 43.56127247], [0.19168603, 43.56119419], [0.19155931, 43.56107657], [0.19147911, 43.56099527], [0.19140729, 43.56091958], [0.19131953, 43.56084079], [0.19120607, 43.56075592], [0.19113916, 43.56070647], [0.19113311, 43.56070362]]}, "properties": {"nature": "Route \u00e0 1 chauss\u00e9e", "prive": false, "acces_pieton": null, "acces_vehicule_leger": "Libre", "nom": "CHE D'ARMOUS", "source": "BDTOPO_V3:troncon_de_route (IGN, WFS data.geopf.fr)"}}, {"type": "Feature", "geometry": {"type": "LineString", "coordinates": [[0.19113311, 43.56070362], [0.1910594, 43.5606666], [0.19098154, 43.56063847], [0.1908374, 43.56059873], [0.19069198, 43.56055985], [0.19057367, 43.56052348], [0.19036134, 43.56043516], [0.19014283, 43.56037188], [0.18999983, 43.56033397], [0.18984368, 43.56031192], [0.18975629, 43.56030155], [0.18964241, 43.5603013], [0.18947248, 43.56030771], [0.18921605, 43.56031097], [0.18902961, 43.56030074]]}, "properties": {"nature": "Route \u00e0 1 chauss\u00e9e", "prive": false, "acces_pieton": null, "acces_vehicule_leger": "Libre", "nom": "", "source": "BDTOPO_V3:troncon_de_route (IGN, WFS data.geopf.fr)"}}, {"type": "Feature", "geometry": {"type": "LineString", "coordinates": [[0.17929074, 43.57409213], [0.1793524, 43.57402171], [0.17946327, 43.57388234], [0.17954124, 43.57375742], [0.1796893, 43.57349117], [0.17977132, 43.57333394], [0.17983113, 43.57320045], [0.17994182, 43.57298905], [0.18003458, 43.57281499], [0.18006621, 43.57272578], [0.18009647, 43.57263924], [0.18012385, 43.57253551], [0.18016308, 43.57239248], [0.18018468, 43.5722805], [0.18019903, 43.57216473], [0.18021608, 43.57201932], [0.18022929, 43.57185131], [0.18025849, 43.5716603], [0.18028442, 43.57148541], [0.18030337, 43.57132654], [0.18032629, 43.57111196], [0.18035457, 43.570839], [0.18035655, 43.57074812], [0.18034958, 43.57056247], [0.18031014, 43.57035707], [0.18028665, 43.57020521], [0.18026108, 43.56996956], [0.18023926, 43.56980874], [0.18022791, 43.5696869], [0.1802019, 43.56951066], [0.18017655, 43.56929573], [0.18015522, 43.56912502], [0.18015006, 43.56897813], [0.18015147, 43.56889894], [0.18016269, 43.5688218], [0.18018297, 43.56866117], [0.18020651, 43.56853484], [0.18022126, 43.56843619], [0.18026168, 43.56824367], [0.1802914, 43.5681427], [0.18034343, 43.56796579], [0.18040244, 43.56779807], [0.18043512, 43.56771248], [0.18046657, 43.56760166], [0.1804932, 43.56748801], [0.18052685, 43.56735744], [0.18053604, 43.56727125], [0.18054766, 43.56708518], [0.18054673, 43.56697802], [0.18053503, 43.56688859], [0.18050676, 43.56678342], [0.18048212, 43.56668014], [0.18047082, 43.56660782], [0.18046565, 43.56648614], [0.18047042, 43.56631341], [0.18047731, 43.56622356], [0.18050606, 43.56606675], [0.18054515, 43.56582558], [0.18057496, 43.5656724], [0.18060508, 43.56546251], [0.18063675, 43.56529677], [0.18065839, 43.56518389], [0.18067102, 43.5651284], [0.18069001, 43.56506947], [0.18070777, 43.5649853], [0.18075604, 43.5648092], [0.18077649, 43.5647458], [0.18081818, 43.56462805], [0.18089047, 43.56449217], [0.18099778, 43.5643239], [0.18109534, 43.56420309], [0.18115809, 43.5641354], [0.18122553, 43.56404802], [0.1813362, 43.56391224], [0.18140509, 43.5638204], [0.18144704, 43.56374766], [0.18156866, 43.56354015], [0.18161242, 43.56345575], [0.18164607, 43.5633756], [0.18168467, 43.56327036], [0.18171218, 43.56316394], [0.18174526, 43.56304506], [0.18175943, 43.56293289], [0.1817691, 43.5628116], [0.18177104, 43.56274682], [0.18176323, 43.5626791], [0.18174084, 43.56255517], [0.18171014, 43.56242383], [0.18165075, 43.56222152], [0.18161528, 43.56208645], [0.18159947, 43.56200501], [0.18156878, 43.56187367]]}, "properties": {"nature": "Route \u00e0 1 chauss\u00e9e", "prive": false, "acces_pieton": null, "acces_vehicule_leger": "Libre", "nom": "Chemin de Cr\u00eate", "source": "BDTOPO_V3:troncon_de_route (IGN, WFS data.geopf.fr)"}}, {"type": "Feature", "geometry": {"type": "LineString", "coordinates": [[0.18156878, 43.56187367], [0.18156785, 43.56186734], [0.18156255, 43.56182399]]}, "properties": {"nature": "Route \u00e0 1 chauss\u00e9e", "prive": false, "acces_pieton": null, "acces_vehicule_leger": "Libre", "nom": "Chemin de Cr\u00eate", "source": "BDTOPO_V3:troncon_de_route (IGN, WFS data.geopf.fr)"}}, {"type": "Feature", "geometry": {"type": "LineString", "coordinates": [[0.17810538, 43.56100311], [0.17816381, 43.56102353], [0.17851619, 43.56113353], [0.17886249, 43.56124157], [0.17925467, 43.5613733], [0.17952082, 43.56144954], [0.1798419, 43.56151641], [0.18021753, 43.56158198], [0.18054435, 43.56163279], [0.18084151, 43.56168282], [0.18112298, 43.56172434], [0.18134524, 43.56176163], [0.18146545, 43.56178456], [0.18150104, 43.56179088], [0.18155911, 43.56179329]]}, "properties": {"nature": "Route \u00e0 1 chauss\u00e9e", "prive": false, "acces_pieton": null, "acces_vehicule_leger": "Libre", "nom": "Chemin de la Mairie", "source": "BDTOPO_V3:troncon_de_route (IGN, WFS data.geopf.fr)"}}, {"type": "Feature", "geometry": {"type": "LineString", "coordinates": [[0.18155911, 43.56179329], [0.1815535, 43.56175623], [0.18156953, 43.56165671], [0.18158825, 43.56152755], [0.18161497, 43.56141211], [0.1816465, 43.56129949], [0.18169653, 43.56116304], [0.18175817, 43.56106741], [0.18182128, 43.56099252], [0.18187648, 43.56095254], [0.18196025, 43.5609106], [0.18205263, 43.56086978], [0.18220083, 43.5608016]]}, "properties": {"nature": "Route \u00e0 1 chauss\u00e9e", "prive": false, "acces_pieton": null, "acces_vehicule_leger": "Libre", "nom": "Chemin de Cr\u00eate", "source": "BDTOPO_V3:troncon_de_route (IGN, WFS data.geopf.fr)"}}, {"type": "Feature", "geometry": {"type": "LineString", "coordinates": [[0.1818887, 43.56045138], [0.18195856, 43.5604658], [0.18202692, 43.56051079], [0.18207903, 43.56058417], [0.18220083, 43.5608016]]}, "properties": {"nature": "Route empierr\u00e9e", "prive": false, "acces_pieton": null, "acces_vehicule_leger": "Libre", "nom": "", "source": "BDTOPO_V3:troncon_de_route (IGN, WFS data.geopf.fr)"}}, {"type": "Feature", "geometry": {"type": "LineString", "coordinates": [[0.18156255, 43.56182399], [0.18155911, 43.56179329]]}, "properties": {"nature": "Route \u00e0 1 chauss\u00e9e", "prive": false, "acces_pieton": null, "acces_vehicule_leger": "Libre", "nom": "Chemin de Cr\u00eate", "source": "BDTOPO_V3:troncon_de_route (IGN, WFS data.geopf.fr)"}}, {"type": "Feature", "geometry": {"type": "LineString", "coordinates": [[0.1780372, 43.56097973], [0.17810538, 43.56100311]]}, "properties": {"nature": "Route \u00e0 1 chauss\u00e9e", "prive": false, "acces_pieton": null, "acces_vehicule_leger": "Libre", "nom": "Chemin de la Mairie", "source": "BDTOPO_V3:troncon_de_route (IGN, WFS data.geopf.fr)"}}, {"type": "Feature", "geometry": {"type": "LineString", "coordinates": [[0.17252434, 43.56587713], [0.17253606, 43.56581532], [0.17258104, 43.56563102], [0.1726319, 43.56542798], [0.17268298, 43.56527085], [0.1727587, 43.56509096], [0.17284016, 43.56492022], [0.17294614, 43.5647042], [0.17303692, 43.56449499], [0.17308879, 43.56434689], [0.17313094, 43.56419493], [0.17316324, 43.56404182], [0.17320717, 43.56380348], [0.17323078, 43.56365104], [0.1732432, 43.56357483], [0.17325833, 43.56336816], [0.17326616, 43.56323421], [0.17326914, 43.56312355], [0.17326879, 43.56308033], [0.17326403, 43.56297577], [0.17323058, 43.56285065], [0.17319751, 43.56274265], [0.17312118, 43.56258311], [0.17306154, 43.56246181], [0.17304808, 43.56240834], [0.17302707, 43.56233217], [0.17302929, 43.562262], [0.17303887, 43.56221814], [0.17310142, 43.56210453], [0.17315677, 43.56201143], [0.17319745, 43.56193957]]}, "properties": {"nature": "Route \u00e0 1 chauss\u00e9e", "prive": false, "acces_pieton": null, "acces_vehicule_leger": "Libre", "nom": "Route de Marciac", "source": "BDTOPO_V3:troncon_de_route (IGN, WFS data.geopf.fr)"}}, {"type": "Feature", "geometry": {"type": "LineString", "coordinates": [[0.17500216, 43.56016161], [0.17500437, 43.56011666], [0.17499263, 43.56005333], [0.17497524, 43.56000426], [0.17494305, 43.5599539], [0.17489095, 43.55988052], [0.17486994, 43.55985477], [0.17481616, 43.55981555], [0.17477522, 43.55979198], [0.17471129, 43.5597579], [0.1746515, 43.55974014]]}, "properties": {"nature": "Route \u00e0 1 chauss\u00e9e", "prive": false, "acces_pieton": null, "acces_vehicule_leger": "Libre", "nom": "Route de Marciac", "source": "BDTOPO_V3:troncon_de_route (IGN, WFS data.geopf.fr)"}}, {"type": "Feature", "geometry": {"type": "LineString", "coordinates": [[0.17488687, 43.56046652], [0.1749037, 43.56045165], [0.17495829, 43.56037385], [0.17497026, 43.56035705], [0.17500038, 43.56027321], [0.17500357, 43.56018326], [0.17500216, 43.56016161]]}, "properties": {"nature": "Route \u00e0 1 chauss\u00e9e", "prive": false, "acces_pieton": null, "acces_vehicule_leger": "Libre", "nom": "Route de Marciac", "source": "BDTOPO_V3:troncon_de_route (IGN, WFS data.geopf.fr)"}}, {"type": "Feature", "geometry": {"type": "LineString", "coordinates": [[0.17319745, 43.56193957], [0.17321494, 43.56191121], [0.17325925, 43.56181603], [0.17333036, 43.56170444], [0.17341609, 43.56157253], [0.17350456, 43.56143529], [0.17362823, 43.56126204], [0.17372937, 43.56114404], [0.17386509, 43.56102783], [0.17408264, 43.56088404], [0.17422343, 43.56081568], [0.17446451, 43.56069681], [0.17472409, 43.56057933], [0.17482372, 43.5605171], [0.1748314, 43.56051189], [0.17488687, 43.56046652]]}, "properties": {"nature": "Route \u00e0 1 chauss\u00e9e", "prive": false, "acces_pieton": null, "acces_vehicule_leger": "Libre", "nom": "Route de Marciac", "source": "BDTOPO_V3:troncon_de_route (IGN, WFS data.geopf.fr)"}}, {"type": "Feature", "geometry": {"type": "LineString", "coordinates": [[0.17252434, 43.56587713], [0.17242869, 43.56585844], [0.17239747, 43.56583872], [0.1723893, 43.56580339], [0.17238215, 43.56577259], [0.17236975, 43.56574796], [0.17234793, 43.56573839], [0.17231384, 43.5657267], [0.17225983, 43.56571719], [0.17213017, 43.56571021], [0.17180137, 43.56569894], [0.17166513, 43.56569989]]}, "properties": {"nature": "Route empierr\u00e9e", "prive": false, "acces_pieton": null, "acces_vehicule_leger": "Libre", "nom": "", "source": "BDTOPO_V3:troncon_de_route (IGN, WFS data.geopf.fr)"}}, {"type": "Feature", "geometry": {"type": "LineString", "coordinates": [[0.1753295, 43.56030248], [0.17531444, 43.56030659], [0.17500897, 43.56045079], [0.17498491, 43.56046187], [0.17495466, 43.56047279], [0.17494203, 43.56047786], [0.17492458, 43.56048011], [0.17491222, 43.56047979], [0.17488687, 43.56046652]]}, "properties": {"nature": "Route \u00e0 1 chauss\u00e9e", "prive": false, "acces_pieton": null, "acces_vehicule_leger": "Libre", "nom": "", "source": "BDTOPO_V3:troncon_de_route (IGN, WFS data.geopf.fr)"}}, {"type": "Feature", "geometry": {"type": "LineString", "coordinates": [[0.1753295, 43.56030248], [0.17531426, 43.56028498], [0.17530835, 43.56027942], [0.17530102, 43.56027743], [0.17529126, 43.56027448], [0.17521998, 43.56026362], [0.17517472, 43.56025254], [0.1751443, 43.56024184], [0.17508906, 43.56020709], [0.17507369, 43.56019229], [0.17504742, 43.5601727], [0.17503541, 43.56016518], [0.17502812, 43.56016229], [0.17500216, 43.56016161]]}, "properties": {"nature": "Route \u00e0 1 chauss\u00e9e", "prive": false, "acces_pieton": null, "acces_vehicule_leger": "Libre", "nom": "Chemin de la Mairie", "source": "BDTOPO_V3:troncon_de_route (IGN, WFS data.geopf.fr)"}}, {"type": "Feature", "geometry": {"type": "LineString", "coordinates": [[0.16869975, 43.5628388], [0.16894733, 43.56278943], [0.16940356, 43.56275181], [0.16974568, 43.56271842], [0.17009438, 43.5627023], [0.17089822, 43.56259541], [0.17099241, 43.56256816], [0.1711363, 43.56251249], [0.17124102, 43.56244769], [0.17142002, 43.56233262], [0.17166266, 43.56218228], [0.17185447, 43.56208375], [0.17195935, 43.56204056], [0.17216873, 43.5619875], [0.17227604, 43.56197049], [0.17239015, 43.56196626], [0.17259523, 43.56194999], [0.17284646, 43.56192682], [0.17301476, 43.5619033], [0.17307782, 43.56190494], [0.17310132, 43.56190555], [0.17313316, 43.56191268], [0.17319745, 43.56193957]]}, "properties": {"nature": "Chemin", "prive": false, "acces_pieton": null, "acces_vehicule_leger": "Libre", "nom": "", "source": "BDTOPO_V3:troncon_de_route (IGN, WFS data.geopf.fr)"}}, {"type": "Feature", "geometry": {"type": "LineString", "coordinates": [[0.17548367, 43.55971048], [0.17556116, 43.55974581], [0.17565469, 43.55975725], [0.17569943, 43.55967829], [0.17570628, 43.55958933]]}, "properties": {"nature": "Route empierr\u00e9e", "prive": false, "acces_pieton": null, "acces_vehicule_leger": "Restreint aux ayants droit", "nom": "", "source": "BDTOPO_V3:troncon_de_route (IGN, WFS data.geopf.fr)"}}, {"type": "Feature", "geometry": {"type": "LineString", "coordinates": [[0.17148774, 43.56852048], [0.17154424, 43.56842922], [0.17165433, 43.56825562], [0.17178205, 43.56805098], [0.17187354, 43.56790301], [0.17195138, 43.56775558], [0.17201539, 43.56763751], [0.17205878, 43.56751079], [0.17212223, 43.56735399], [0.17217812, 43.56719969], [0.17224077, 43.56703386], [0.1722747, 43.5669231], [0.17232631, 43.56675519], [0.17237134, 43.5665952], [0.17240868, 43.56644042], [0.17244178, 43.56629633], [0.1724832, 43.56608404], [0.17252434, 43.56587713]]}, "properties": {"nature": "Route \u00e0 1 chauss\u00e9e", "prive": false, "acces_pieton": null, "acces_vehicule_leger": "Libre", "nom": "Route de Marciac", "source": "BDTOPO_V3:troncon_de_route (IGN, WFS data.geopf.fr)"}}, {"type": "Feature", "geometry": {"type": "LineString", "coordinates": [[0.15486875, 43.57136066], [0.15486199, 43.57134698], [0.15484876, 43.57131422], [0.15481853, 43.5712495], [0.15477141, 43.57095116], [0.15475633, 43.57060594], [0.15476448, 43.57026673], [0.15476435, 43.57006955], [0.15476673, 43.56989675], [0.15475472, 43.56968936], [0.15473011, 43.56951135], [0.15470428, 43.56940803], [0.15465109, 43.56925719], [0.15459269, 43.56908639], [0.15451633, 43.56887822], [0.15447629, 43.56876192], [0.154426, 43.56862736], [0.15439717, 43.56850956], [0.15437369, 43.56828386], [0.15436944, 43.56811989], [0.15440153, 43.56797218], [0.15441234, 43.5678041], [0.15442982, 43.56762629], [0.15442101, 43.56747931], [0.15441338, 43.56735846], [0.15438481, 43.56698588], [0.15436393, 43.56668282], [0.1543464, 43.56638705], [0.15435057, 43.56625302], [0.15436058, 43.56617585], [0.15439557, 43.56606963], [0.15446347, 43.56592375], [0.15455854, 43.56575428], [0.15467288, 43.56557091], [0.15478232, 43.56536131], [0.15484809, 43.56523338]]}, "properties": {"nature": "Route \u00e0 1 chauss\u00e9e", "prive": false, "acces_pieton": null, "acces_vehicule_leger": "Libre", "nom": "Route de l'\u00c9glise", "source": "BDTOPO_V3:troncon_de_route (IGN, WFS data.geopf.fr)"}}, {"type": "Feature", "geometry": {"type": "LineString", "coordinates": [[0.14738591, 43.56229062], [0.14738323, 43.56226985], [0.14738297, 43.56202585]]}, "properties": {"nature": "Route \u00e0 1 chauss\u00e9e", "prive": false, "acces_pieton": null, "acces_vehicule_leger": "Libre", "nom": "Route de Courties", "source": "BDTOPO_V3:troncon_de_route (IGN, WFS data.geopf.fr)"}}, {"type": "Feature", "geometry": {"type": "LineString", "coordinates": [[0.15525362, 43.56362162], [0.15515867, 43.56361373], [0.15500093, 43.5635988], [0.1548465, 43.56359205], [0.15454047, 43.56357142], [0.15428382, 43.56355389], [0.15401616, 43.56353336], [0.1537089, 43.5635127], [0.15333248, 43.56348843], [0.15303373, 43.56347069], [0.15278807, 43.56345614], [0.15240719, 43.56342184], [0.15211728, 43.56340073], [0.15190757, 43.56338532], [0.15184221, 43.56338001], [0.15181544, 43.56339551], [0.15179214, 43.56346602], [0.15175626, 43.56366495]]}, "properties": {"nature": "Chemin", "prive": false, "acces_pieton": null, "acces_vehicule_leger": "Libre", "nom": "", "source": "BDTOPO_V3:troncon_de_route (IGN, WFS data.geopf.fr)"}}, {"type": "Feature", "geometry": {"type": "LineString", "coordinates": [[0.14738297, 43.56202585], [0.14746401, 43.56201448], [0.14768959, 43.5620096], [0.14784976, 43.5620003], [0.14797491, 43.56199819], [0.1481225, 43.56199307], [0.14822403, 43.56199303]]}, "properties": {"nature": "Route empierr\u00e9e", "prive": false, "acces_pieton": null, "acces_vehicule_leger": "Libre", "nom": "", "source": "BDTOPO_V3:troncon_de_route (IGN, WFS data.geopf.fr)"}}, {"type": "Feature", "geometry": {"type": "LineString", "coordinates": [[0.14738591, 43.56229062], [0.14729514, 43.56232335], [0.14718185, 43.56236089], [0.14697894, 43.56240777], [0.14654722, 43.56249996], [0.14635165, 43.56254884], [0.14604115, 43.56261811], [0.14596528, 43.56262511], [0.14589547, 43.56260977], [0.14578249, 43.56256629], [0.14566367, 43.56246593], [0.14554886, 43.56230985]]}, "properties": {"nature": "Route empierr\u00e9e", "prive": false, "acces_pieton": null, "acces_vehicule_leger": "Libre", "nom": "", "source": "BDTOPO_V3:troncon_de_route (IGN, WFS data.geopf.fr)"}}, {"type": "Feature", "geometry": {"type": "LineString", "coordinates": [[0.14467449, 43.56403259], [0.14474791, 43.56400031], [0.1450267, 43.56387169], [0.14538441, 43.56372445], [0.14565382, 43.56360999], [0.14595485, 43.56350716], [0.146409, 43.56336245], [0.14668357, 43.56326883], [0.14680682, 43.56320544], [0.14698416, 43.56307505], [0.14720726, 43.56292066], [0.14732848, 43.56284822], [0.14736984, 43.56281329], [0.14740647, 43.56269901], [0.14741109, 43.56258119], [0.1473962, 43.56235752], [0.14738591, 43.56229062]]}, "properties": {"nature": "Route \u00e0 1 chauss\u00e9e", "prive": false, "acces_pieton": null, "acces_vehicule_leger": "Libre", "nom": "Route de Courties", "source": "BDTOPO_V3:troncon_de_route (IGN, WFS data.geopf.fr)"}}, {"type": "Feature", "geometry": {"type": "LineString", "coordinates": [[0.19483029, 43.55638864], [0.19478754, 43.55635152], [0.19470958, 43.55624957], [0.19463877, 43.55615321], [0.19456708, 43.55604962], [0.19448104, 43.55591055], [0.19439848, 43.55577607], [0.19433593, 43.55568802], [0.19429084, 43.55562294], [0.19425086, 43.55555438], [0.1941949, 43.55548361], [0.1941691, 43.55542893], [0.19406362, 43.55525694], [0.19396794, 43.55508701], [0.19382275, 43.55484107], [0.19371294, 43.55465637], [0.19357292, 43.55443128], [0.19338799, 43.55416271], [0.19331047, 43.55405177], [0.19320248, 43.55390582], [0.19306915, 43.55372141], [0.19297344, 43.5536028], [0.19280147, 43.5534489], [0.19273647, 43.55341121], [0.1926637, 43.55338052], [0.1925609, 43.55335625], [0.19241374, 43.55335334], [0.1923544, 43.55335181], [0.19229245, 43.55335291]]}, "properties": {"nature": "Route \u00e0 1 chauss\u00e9e", "prive": false, "acces_pieton": null, "acces_vehicule_leger": "Libre", "nom": "CHE DE MALLAPET", "source": "BDTOPO_V3:troncon_de_route (IGN, WFS data.geopf.fr)"}}, {"type": "Feature", "geometry": {"type": "LineString", "coordinates": [[0.15595603, 43.55299463], [0.1559574, 43.5530919], [0.15596561, 43.55340092], [0.15600297, 43.55377103], [0.15603711, 43.55405643], [0.15607235, 43.55424462]]}, "properties": {"nature": "Chemin", "prive": false, "acces_pieton": null, "acces_vehicule_leger": "Libre", "nom": null, "source": "BDTOPO_V3:troncon_de_route (IGN, WFS data.geopf.fr)"}}, {"type": "Feature", "geometry": {"type": "LineString", "coordinates": [[0.22788635, 43.55962557], [0.22792586, 43.55960227], [0.22803478, 43.55952583], [0.22828028, 43.55933853], [0.22861435, 43.55908598], [0.2289811, 43.55879735], [0.22922183, 43.55860633], [0.22947307, 43.55842818], [0.22977211, 43.55823415], [0.23007274, 43.55803296], [0.23034096, 43.55783634], [0.23065261, 43.55761201], [0.23097212, 43.5574041], [0.23106631, 43.55735068], [0.23126144, 43.55725753], [0.23157347, 43.55712774], [0.23213031, 43.55695288], [0.23223803, 43.55692682], [0.23240138, 43.55690218], [0.23269107, 43.55687625], [0.23283228, 43.55687445], [0.23302976, 43.55688669], [0.23330227, 43.55690894], [0.23361796, 43.55693409], [0.23391149, 43.55695688], [0.23410782, 43.55696729], [0.23417344, 43.55696716], [0.2342519, 43.55695745], [0.23432213, 43.55693854], [0.2345686, 43.55683318], [0.2346455, 43.55680453], [0.23470421, 43.55679342], [0.23477465, 43.55679612], [0.23481966, 43.55681257], [0.23486222, 43.55685417], [0.23489455, 43.55695402]]}, "properties": {"nature": "Route \u00e0 1 chauss\u00e9e", "prive": false, "acces_pieton": null, "acces_vehicule_leger": "Libre", "nom": "VOI DE LANNETTE", "source": "BDTOPO_V3:troncon_de_route (IGN, WFS data.geopf.fr)"}}, {"type": "Feature", "geometry": {"type": "LineString", "coordinates": [[0.23076183, 43.55994115], [0.23072578, 43.55991863], [0.23068699, 43.55990143], [0.23063788, 43.55989298], [0.23057866, 43.55988876], [0.23033508, 43.55988255], [0.22999878, 43.55989917], [0.22981305, 43.55989984], [0.22976385, 43.55989318], [0.22969697, 43.55986806], [0.22961688, 43.55983451], [0.22949731, 43.55979815], [0.22928508, 43.55973241], [0.22914019, 43.5596819], [0.22904726, 43.55965792], [0.22900898, 43.55965604], [0.22896694, 43.55965497], [0.22890195, 43.55966771], [0.22879882, 43.55970109], [0.22874849, 43.55971781], [0.22871888, 43.55974136], [0.2287091, 43.55976452], [0.22872576, 43.55982977], [0.22872751, 43.55987032], [0.22869933, 43.55991552], [0.22867272, 43.55992834], [0.22862419, 43.55993341], [0.22850972, 43.55991968], [0.22843494, 43.55990427], [0.22837199, 43.55987475], [0.2283446, 43.55985244], [0.22828603, 43.55978343], [0.22824909, 43.55975367], [0.22811432, 43.55969891], [0.2280049, 43.55965741], [0.22795623, 43.55963996], [0.22791957, 43.55963002], [0.22788635, 43.55962557]]}, "properties": {"nature": "Route empierr\u00e9e", "prive": false, "acces_pieton": null, "acces_vehicule_leger": "Libre", "nom": "", "source": "BDTOPO_V3:troncon_de_route (IGN, WFS data.geopf.fr)"}}, {"type": "Feature", "geometry": {"type": "LineString", "coordinates": [[0.22484802, 43.55932465], [0.22501824, 43.5593119], [0.22527182, 43.55929047], [0.22535864, 43.55928729], [0.22541675, 43.55928878], [0.2255087, 43.55930733]]}, "properties": {"nature": "Route \u00e0 1 chauss\u00e9e", "prive": false, "acces_pieton": null, "acces_vehicule_leger": "Libre", "nom": "RTE DE PEBIDAU", "source": "BDTOPO_V3:troncon_de_route (IGN, WFS data.geopf.fr)"}}, {"type": "Feature", "geometry": {"type": "LineString", "coordinates": [[0.22531152, 43.56077427], [0.22529774, 43.56059836], [0.2252883, 43.56038385], [0.22526341, 43.56023287], [0.22525312, 43.56011286]]}, "properties": {"nature": "Route \u00e0 1 chauss\u00e9e", "prive": false, "acces_pieton": null, "acces_vehicule_leger": "Libre", "nom": "GRAND ROUTE", "source": "BDTOPO_V3:troncon_de_route (IGN, WFS data.geopf.fr)"}}, {"type": "Feature", "geometry": {"type": "LineString", "coordinates": [[0.22525159, 43.55996518], [0.22526177, 43.55988261], [0.22530061, 43.55974496], [0.22533691, 43.55963425], [0.22541752, 43.55947786], [0.2254531, 43.55940765], [0.22547744, 43.55936505], [0.22550183, 43.55932156], [0.2255087, 43.55930733]]}, "properties": {"nature": "Route \u00e0 1 chauss\u00e9e", "prive": false, "acces_pieton": null, "acces_vehicule_leger": "Libre", "nom": "GRAND ROUTE", "source": "BDTOPO_V3:troncon_de_route (IGN, WFS data.geopf.fr)"}}, {"type": "Feature", "geometry": {"type": "LineString", "coordinates": [[0.22525312, 43.56011286], [0.22541729, 43.56009726], [0.2258283, 43.56002043], [0.22624298, 43.5599446], [0.22657629, 43.5598874], [0.22709835, 43.5597927], [0.22751179, 43.55971684], [0.22764168, 43.55969315], [0.22772548, 43.55967548], [0.22785329, 43.55964363], [0.22788635, 43.55962557]]}, "properties": {"nature": "Route \u00e0 1 chauss\u00e9e", "prive": false, "acces_pieton": null, "acces_vehicule_leger": "Libre", "nom": "VOI DE LANNETTE", "source": "BDTOPO_V3:troncon_de_route (IGN, WFS data.geopf.fr)"}}, {"type": "Feature", "geometry": {"type": "LineString", "coordinates": [[0.21712758, 43.56180896], [0.2170148, 43.56176016], [0.21692249, 43.56172358], [0.21686294, 43.56170044], [0.21680557, 43.56168367], [0.21669273, 43.56166187], [0.21658854, 43.56164029], [0.21649253, 43.56162882], [0.21639864, 43.56162462], [0.21617505, 43.56161438], [0.21591693, 43.56160146], [0.21581103, 43.56158974], [0.21572795, 43.5615669], [0.21564474, 43.56154676], [0.21555821, 43.56151843], [0.21540247, 43.56146222], [0.21530955, 43.56143823], [0.2152456, 43.56142938], [0.21510481, 43.56142217], [0.21494517, 43.56142077], [0.21486979, 43.56141794], [0.21479714, 43.56140977], [0.21474198, 43.56139845], [0.21462675, 43.56137479], [0.21452084, 43.56133786], [0.21446708, 43.56132298], [0.2142938, 43.56124561], [0.21417383, 43.56119211], [0.2139622, 43.56108855], [0.21374956, 43.56098045], [0.21345602, 43.56080456], [0.21331064, 43.5607135], [0.21324, 43.56066397], [0.2131231, 43.56057274], [0.21305462, 43.56050436], [0.21297362, 43.56041315], [0.21283354, 43.56023849], [0.21275864, 43.56014924], [0.21261344, 43.55997806], [0.21247681, 43.55980889], [0.2123365, 43.55961353], [0.21226279, 43.5595], [0.21210422, 43.55927265], [0.21206314, 43.55925179], [0.21201068, 43.55923603], [0.21192762, 43.5592384], [0.21180544, 43.55925597], [0.21170491, 43.5592867], [0.21146115, 43.55936056], [0.21122088, 43.55943902]]}, "properties": {"nature": "Route \u00e0 1 chauss\u00e9e", "prive": false, "acces_pieton": null, "acces_vehicule_leger": "Libre", "nom": "Chemin de Trapotte", "source": "BDTOPO_V3:troncon_de_route (IGN, WFS data.geopf.fr)"}}, {"type": "Feature", "geometry": {"type": "LineString", "coordinates": [[0.21712758, 43.56180896], [0.21712912, 43.5618027], [0.21713815, 43.56176962], [0.21716886, 43.56172359], [0.21724277, 43.56162915], [0.21729955, 43.56155589], [0.21733512, 43.56151178], [0.21738655, 43.56142127], [0.2174126, 43.56134361], [0.21741168, 43.56128597], [0.21740677, 43.56120842], [0.21737723, 43.56112843], [0.21732054, 43.56102075], [0.21722337, 43.56090572], [0.21708823, 43.5607564], [0.21698329, 43.56064838], [0.21682067, 43.56047855], [0.2167148, 43.5603642], [0.21656746, 43.56018577], [0.21653077, 43.56012541], [0.21650176, 43.56005984], [0.21646064, 43.55996335], [0.21642389, 43.55987868], [0.21637291, 43.55978104], [0.2163237, 43.55967265], [0.21627869, 43.55957966], [0.21624229, 43.5594878], [0.21619347, 43.55937131], [0.21612832, 43.55920848], [0.21605036, 43.55902913], [0.21596928, 43.55886319], [0.21586985, 43.55866708], [0.21580251, 43.558524], [0.21573868, 43.55841073]]}, "properties": {"nature": "Route \u00e0 1 chauss\u00e9e", "prive": false, "acces_pieton": null, "acces_vehicule_leger": "Libre", "nom": "VOI DE LARBONNE", "source": "BDTOPO_V3:troncon_de_route (IGN, WFS data.geopf.fr)"}}, {"type": "Feature", "geometry": {"type": "LineString", "coordinates": [[0.20525501, 43.55936209], [0.20523262, 43.55936421], [0.20501873, 43.55938391], [0.20476342, 43.55941515], [0.20446695, 43.55945253], [0.20425734, 43.55946064], [0.20394558, 43.55945621], [0.20374575, 43.55944115], [0.20365226, 43.55942884], [0.20344581, 43.55939741], [0.2032103, 43.55935263], [0.2030632, 43.55932273], [0.20290501, 43.55929165], [0.20274077, 43.5592577], [0.20255953, 43.55921702], [0.20241234, 43.55918892], [0.20220991, 43.55915129], [0.20208361, 43.55912643], [0.20202001, 43.55911038], [0.20196666, 43.5590874], [0.20174143, 43.55900957], [0.20157453, 43.55895395], [0.2014125, 43.55890025], [0.20131989, 43.55886996], [0.20116324, 43.5588074], [0.20102359, 43.55875158], [0.20092047, 43.55870841], [0.20081576, 43.55867239], [0.20070292, 43.55862537], [0.2005166, 43.55856204], [0.20041189, 43.55852603], [0.20032908, 43.55849779], [0.20022199, 43.55845991], [0.20007833, 43.55841029], [0.19991881, 43.55835576], [0.19967176, 43.55826836], [0.19936558, 43.55814972], [0.19904416, 43.55801358], [0.19878727, 43.55789981], [0.19866467, 43.55784983], [0.19846634, 43.55777899], [0.19838553, 43.5577607], [0.19832397, 43.55775371], [0.19819467, 43.55773957]]}, "properties": {"nature": "Route \u00e0 1 chauss\u00e9e", "prive": false, "acces_pieton": null, "acces_vehicule_leger": "Libre", "nom": "CHE DE MALLAPET", "source": "BDTOPO_V3:troncon_de_route (IGN, WFS data.geopf.fr)"}}, {"type": "Feature", "geometry": {"type": "LineString", "coordinates": [[0.20749359, 43.55566636], [0.20736026, 43.55570974], [0.20716734, 43.5557822], [0.20713251, 43.55581102], [0.20710484, 43.55584542], [0.20709563, 43.55588209], [0.20706492, 43.55602985], [0.20704571, 43.55611939], [0.20703711, 43.55614347], [0.20699085, 43.55617829], [0.20689099, 43.55622074], [0.20670997, 43.5562773], [0.206458, 43.55634194], [0.20630374, 43.55638298], [0.20617045, 43.55642547], [0.20606432, 43.55646955], [0.20598892, 43.55651803], [0.20593689, 43.5565698], [0.20590994, 43.55664023], [0.20590733, 43.5567446], [0.20591506, 43.55694197], [0.20593754, 43.55716672], [0.20594408, 43.55728663], [0.20594787, 43.55736145]]}, "properties": {"nature": "Route \u00e0 1 chauss\u00e9e", "prive": false, "acces_pieton": null, "acces_vehicule_leger": "Libre", "nom": "Impasse Le Pin", "source": "BDTOPO_V3:troncon_de_route (IGN, WFS data.geopf.fr)"}}, {"type": "Feature", "geometry": {"type": "LineString", "coordinates": [[0.20732422, 43.56159048], [0.20724478, 43.561493], [0.20717786, 43.56136704], [0.20705125, 43.56114501], [0.2069473, 43.56096587], [0.20675316, 43.56063047], [0.20668299, 43.56052063], [0.20652373, 43.56028245], [0.20638078, 43.5600654], [0.20624117, 43.55980522], [0.20619948, 43.55969521], [0.20617316, 43.5596], [0.2061637, 43.55956554], [0.20615644, 43.55953655], [0.20614685, 43.55950479], [0.20613345, 43.55947473], [0.20609829, 43.55943422], [0.20605182, 43.55939701], [0.20598927, 43.55935939], [0.20595155, 43.55934581], [0.205857, 43.55932987], [0.20557669, 43.55934066], [0.20555064, 43.55934179]]}, "properties": {"nature": "Route \u00e0 1 chauss\u00e9e", "prive": false, "acces_pieton": null, "acces_vehicule_leger": "Libre", "nom": "Au Village", "source": "BDTOPO_V3:troncon_de_route (IGN, WFS data.geopf.fr)"}}, {"type": "Feature", "geometry": {"type": "LineString", "coordinates": [[0.20545928, 43.55913327], [0.20545627, 43.55911879], [0.20545276, 43.55906378], [0.2054681, 43.55890122], [0.20548426, 43.55869637], [0.20551379, 43.55857288], [0.20556545, 43.55845267], [0.20565657, 43.55828486], [0.20573019, 43.5581202], [0.20583338, 43.55788248], [0.20591613, 43.55768294], [0.20593274, 43.55759604], [0.20594789, 43.5575136], [0.20595437, 43.55738053], [0.20594787, 43.55736145]]}, "properties": {"nature": "Route \u00e0 1 chauss\u00e9e", "prive": false, "acces_pieton": null, "acces_vehicule_leger": "Libre", "nom": "IMP DE PIN-BILLAC", "source": "BDTOPO_V3:troncon_de_route (IGN, WFS data.geopf.fr)"}}, {"type": "Feature", "geometry": {"type": "LineString", "coordinates": [[0.20594787, 43.55736145], [0.20592057, 43.55733734], [0.2058893, 43.55731853], [0.20583833, 43.55729741], [0.20576702, 43.55728747], [0.2056538, 43.55729896], [0.20549573, 43.5573165], [0.2052554, 43.55734542], [0.20498725, 43.55738623], [0.20480162, 43.55741026], [0.20473959, 43.55741317], [0.20466571, 43.55740496], [0.20460746, 43.55738095], [0.20456369, 43.55736452], [0.20451351, 43.55732722], [0.20442435, 43.55720068], [0.20433783, 43.55694366], [0.20430512, 43.55685279], [0.20427146, 43.55680691], [0.20423068, 43.55675454], [0.20415046, 43.55667325], [0.20407408, 43.55658935], [0.20393096, 43.55645242], [0.20374256, 43.55627921], [0.20353128, 43.5560676], [0.20344956, 43.55596646], [0.20338448, 43.55587925], [0.20333985, 43.55580428], [0.20326505, 43.55568801], [0.20320671, 43.5556406], [0.20312885, 43.55561248], [0.20305864, 43.55560527], [0.20295029, 43.55561868], [0.20285006, 43.55564311]]}, "properties": {"nature": "Route \u00e0 1 chauss\u00e9e", "prive": false, "acces_pieton": null, "acces_vehicule_leger": "Libre", "nom": "Impasse Billac", "source": "BDTOPO_V3:troncon_de_route (IGN, WFS data.geopf.fr)"}}, {"type": "Feature", "geometry": {"type": "LineString", "coordinates": [[0.20545928, 43.55913327], [0.20547268, 43.55918853], [0.20549518, 43.55923503], [0.20553503, 43.55928107], [0.20554263, 43.55930287], [0.20555064, 43.55934179]]}, "properties": {"nature": "Route \u00e0 1 chauss\u00e9e", "prive": false, "acces_pieton": null, "acces_vehicule_leger": "Libre", "nom": "IMP DE PIN-BILLAC", "source": "BDTOPO_V3:troncon_de_route (IGN, WFS data.geopf.fr)"}}, {"type": "Feature", "geometry": {"type": "LineString", "coordinates": [[0.20525501, 43.55936209], [0.20524975, 43.55934305], [0.20525993, 43.5593118], [0.20533374, 43.55924528], [0.20545928, 43.55913327]]}, "properties": {"nature": "Route \u00e0 1 chauss\u00e9e", "prive": false, "acces_pieton": null, "acces_vehicule_leger": "Libre", "nom": "IMP DE PIN-BILLAC", "source": "BDTOPO_V3:troncon_de_route (IGN, WFS data.geopf.fr)"}}, {"type": "Feature", "geometry": {"type": "LineString", "coordinates": [[0.20555064, 43.55934179], [0.20539556, 43.5593486], [0.20525501, 43.55936209]]}, "properties": {"nature": "Route \u00e0 1 chauss\u00e9e", "prive": false, "acces_pieton": null, "acces_vehicule_leger": "Libre", "nom": "Au Village", "source": "BDTOPO_V3:troncon_de_route (IGN, WFS data.geopf.fr)"}}, {"type": "Feature", "geometry": {"type": "LineString", "coordinates": [[0.19512159, 43.55911689], [0.19509862, 43.55908028], [0.19507985, 43.55905909], [0.19502018, 43.55903864], [0.19494287, 43.55905015], [0.19484524, 43.55907193], [0.19475194, 43.55910643], [0.19470584, 43.55911244], [0.1946615, 43.5591077], [0.19462644, 43.55909059], [0.19455365, 43.55900948], [0.19450059, 43.55892978], [0.19444334, 43.55883467], [0.19438562, 43.55877465], [0.19419791, 43.55863836], [0.19411868, 43.55858769], [0.19408688, 43.55855446], [0.19408038, 43.55851018], [0.19409976, 43.55846836]]}, "properties": {"nature": "Chemin", "prive": false, "acces_pieton": "Libre", "acces_vehicule_leger": "Libre", "nom": null, "source": "BDTOPO_V3:troncon_de_route (IGN, WFS data.geopf.fr)"}}, {"type": "Feature", "geometry": {"type": "LineString", "coordinates": [[0.19229245, 43.55335291], [0.19222869, 43.55336566]]}, "properties": {"nature": "Route \u00e0 1 chauss\u00e9e", "prive": false, "acces_pieton": null, "acces_vehicule_leger": "Libre", "nom": "CHE DE MALLAPET", "source": "BDTOPO_V3:troncon_de_route (IGN, WFS data.geopf.fr)"}}, {"type": "Feature", "geometry": {"type": "LineString", "coordinates": [[0.18737414, 43.55510089], [0.18742063, 43.55506158], [0.18751348, 43.55496045], [0.18759215, 43.55487066], [0.18772442, 43.55472283], [0.18776941, 43.55468889], [0.18789295, 43.55464347], [0.18805561, 43.55458286], [0.18846358, 43.55446739], [0.18865486, 43.55442913], [0.1888822, 43.5543873], [0.18908275, 43.55436189], [0.18935447, 43.55432391], [0.18969763, 43.55426797], [0.18996511, 43.55421548], [0.19039326, 43.55411763], [0.1906746, 43.55406009], [0.19080988, 43.55400237], [0.1908946, 43.55394064], [0.19101764, 43.55382949], [0.19110068, 43.55375151], [0.19113825, 43.55371737], [0.19117648, 43.55369495], [0.19121931, 43.55367986], [0.19146218, 43.55359881], [0.19176762, 43.55350408], [0.19205514, 43.55342149], [0.19217214, 43.5533831], [0.19217964, 43.5533815], [0.19222869, 43.55336566]]}, "properties": {"nature": "Route \u00e0 1 chauss\u00e9e", "prive": false, "acces_pieton": null, "acces_vehicule_leger": "Libre", "nom": "IMP DU BOURDIOU", "source": "BDTOPO_V3:troncon_de_route (IGN, WFS data.geopf.fr)"}}, {"type": "Feature", "geometry": {"type": "LineString", "coordinates": [[0.18569538, 43.55974978], [0.18584468, 43.55968432], [0.18589864, 43.55964431], [0.18596072, 43.5595901], [0.186013, 43.55953383], [0.18606881, 43.55945605], [0.18616241, 43.55931443], [0.18622723, 43.55920447], [0.18630767, 43.55907871], [0.18640724, 43.55894175], [0.18665313, 43.55869874], [0.18672015, 43.55864465], [0.1868365, 43.55856934], [0.186934, 43.55852505], [0.18702717, 43.55849326], [0.1871799, 43.5584585], [0.18737349, 43.55842391], [0.18761136, 43.55839496], [0.18772546, 43.55839071], [0.18785114, 43.55840297], [0.1880302, 43.55843732], [0.1881863, 43.55848548], [0.18853084, 43.55860424], [0.18880047, 43.55868505], [0.18910063, 43.55877476], [0.18943063, 43.55886163], [0.18966613, 43.55890644], [0.19001955, 43.55902093], [0.19025307, 43.55913141], [0.19034228, 43.55918053], [0.19043016, 43.55923142], [0.19051081, 43.55930374], [0.19056094, 43.55936716], [0.1905885, 43.55943629], [0.19059849, 43.55948517], [0.19055873, 43.5596651], [0.19051225, 43.55978004], [0.19048851, 43.55983524], [0.19046997, 43.55991039], [0.19047043, 43.56000223], [0.19049425, 43.56012259], [0.19051974, 43.56018357], [0.19054845, 43.56022933], [0.19061395, 43.56028234], [0.19067966, 43.56033086], [0.19076437, 43.56039607], [0.19086343, 43.56047156], [0.19101417, 43.560579], [0.19109274, 43.56064315], [0.19113827, 43.56067404], [0.19114172, 43.56067953], [0.19114128, 43.56068852], [0.19113311, 43.56070362]]}, "properties": {"nature": "Route \u00e0 1 chauss\u00e9e", "prive": false, "acces_pieton": null, "acces_vehicule_leger": "Libre", "nom": "CHE D'ARMOUS", "source": "BDTOPO_V3:troncon_de_route (IGN, WFS data.geopf.fr)"}}, {"type": "Feature", "geometry": {"type": "LineString", "coordinates": [[0.17570628, 43.55958933], [0.17588489, 43.55930588], [0.1760989, 43.55903235], [0.17625329, 43.5588383]]}, "properties": {"nature": "Route empierr\u00e9e", "prive": false, "acces_pieton": null, "acces_vehicule_leger": "Restreint aux ayants droit", "nom": "", "source": "BDTOPO_V3:troncon_de_route (IGN, WFS data.geopf.fr)"}}, {"type": "Feature", "geometry": {"type": "LineString", "coordinates": [[0.1746515, 43.55974014], [0.17463317, 43.55973516], [0.17455863, 43.55971522], [0.17450697, 43.55970847], [0.1744553, 43.55970172], [0.17410456, 43.55968449], [0.17348969, 43.55967568], [0.17317926, 43.5596694], [0.17295458, 43.55965634], [0.17290919, 43.55964796], [0.17284057, 43.55963357], [0.17277954, 43.55961577], [0.17264867, 43.55955834], [0.17252433, 43.55946867], [0.17236365, 43.55936275], [0.17206747, 43.55916777], [0.17187148, 43.55902491], [0.17162718, 43.55885739], [0.17134707, 43.55866282], [0.17107637, 43.55847841], [0.17072289, 43.55824051], [0.17035634, 43.55799147], [0.17021417, 43.55791214], [0.17016348, 43.55788561]]}, "properties": {"nature": "Route \u00e0 1 chauss\u00e9e", "prive": false, "acces_pieton": null, "acces_vehicule_leger": "Libre", "nom": "Route de Marciac", "source": "BDTOPO_V3:troncon_de_route (IGN, WFS data.geopf.fr)"}}, {"type": "Feature", "geometry": {"type": "LineString", "coordinates": [[0.17884165, 43.55559516], [0.17907384, 43.55628634], [0.17926903, 43.55687391], [0.17928903, 43.55694556], [0.1792964, 43.55702227], [0.17928951, 43.55708692], [0.17925609, 43.55713737], [0.17910953, 43.55722269], [0.17888516, 43.5573546], [0.17839324, 43.55764072], [0.17814251, 43.55775484], [0.17791064, 43.55786315], [0.17766953, 43.55798293], [0.17749595, 43.55806394], [0.17734749, 43.5581123], [0.17722645, 43.55813166], [0.1770972, 43.55816701], [0.17695934, 43.55820124], [0.17684183, 43.5582495], [0.17672247, 43.55831032], [0.17661198, 43.55836686], [0.1765192, 43.55844098], [0.17644708, 43.55852283], [0.17640623, 43.55859829], [0.17637125, 43.55868021], [0.17631989, 43.5587428], [0.17625329, 43.5588383]]}, "properties": {"nature": "Chemin", "prive": false, "acces_pieton": null, "acces_vehicule_leger": "Libre", "nom": null, "source": "BDTOPO_V3:troncon_de_route (IGN, WFS data.geopf.fr)"}}, {"type": "Feature", "geometry": {"type": "LineString", "coordinates": [[0.17181383, 43.55775757], [0.17167491, 43.55776295], [0.17133959, 43.55775961], [0.1711437, 43.55776531], [0.17089576, 43.55777235], [0.17075079, 43.55777488], [0.17065528, 43.55777869], [0.17052214, 43.55779232], [0.1703229, 43.55781594], [0.17022262, 43.55784123], [0.17020093, 43.55785417], [0.17016348, 43.55788561]]}, "properties": {"nature": "Route \u00e0 1 chauss\u00e9e", "prive": false, "acces_pieton": null, "acces_vehicule_leger": "Libre", "nom": "Impasse du Bezin", "source": "BDTOPO_V3:troncon_de_route (IGN, WFS data.geopf.fr)"}}, {"type": "Feature", "geometry": {"type": "LineString", "coordinates": [[0.16709442, 43.5548273], [0.16709922, 43.55490575]]}, "properties": {"nature": "Route \u00e0 1 chauss\u00e9e", "prive": false, "acces_pieton": null, "acces_vehicule_leger": "Libre", "nom": "Route de Marciac", "source": "BDTOPO_V3:troncon_de_route (IGN, WFS data.geopf.fr)"}}, {"type": "Feature", "geometry": {"type": "LineString", "coordinates": [[0.16709406, 43.55343], [0.16712048, 43.55352162], [0.16711772, 43.55382856], [0.1670959, 43.55419532], [0.16709231, 43.55426815], [0.16708816, 43.5544274]]}, "properties": {"nature": "Route \u00e0 1 chauss\u00e9e", "prive": false, "acces_pieton": null, "acces_vehicule_leger": "Libre", "nom": "COTE DU LYS", "source": "BDTOPO_V3:troncon_de_route (IGN, WFS data.geopf.fr)"}}, {"type": "Feature", "geometry": {"type": "LineString", "coordinates": [[0.16719384, 43.55547182], [0.16707385, 43.55552], [0.16690198, 43.55561635], [0.16667679, 43.55578964], [0.16652295, 43.55597199], [0.16637948, 43.55616991], [0.16621835, 43.55634937]]}, "properties": {"nature": "Route \u00e0 1 chauss\u00e9e", "prive": false, "acces_pieton": null, "acces_vehicule_leger": "Libre", "nom": "impasse de Gaillet", "source": "BDTOPO_V3:troncon_de_route (IGN, WFS data.geopf.fr)"}}, {"type": "Feature", "geometry": {"type": "LineString", "coordinates": [[0.16708816, 43.5544274], [0.16708338, 43.55464965], [0.16709442, 43.5548273]]}, "properties": {"nature": "Route \u00e0 1 chauss\u00e9e", "prive": false, "acces_pieton": null, "acces_vehicule_leger": "Libre", "nom": "Route de Marciac", "source": "BDTOPO_V3:troncon_de_route (IGN, WFS data.geopf.fr)"}}, {"type": "Feature", "geometry": {"type": "LineString", "coordinates": [[0.17016348, 43.55788561], [0.17010564, 43.55785349], [0.17007668, 43.55783833], [0.1699757, 43.55777718], [0.16985013, 43.55771268], [0.16974271, 43.55765676], [0.1695857, 43.55757704], [0.16928163, 43.55741696], [0.1691867, 43.55735866], [0.16912657, 43.55732288], [0.16900723, 43.55725764], [0.16891054, 43.5571849], [0.16882233, 43.55711597], [0.16875452, 43.55706019], [0.168577, 43.5568944], [0.16851065, 43.55683415], [0.16845515, 43.55677958], [0.16833971, 43.55666043], [0.16817019, 43.55648314], [0.16791242, 43.55623783], [0.16769951, 43.5560117], [0.16740758, 43.55570608], [0.16719384, 43.55547182]]}, "properties": {"nature": "Route \u00e0 1 chauss\u00e9e", "prive": false, "acces_pieton": null, "acces_vehicule_leger": "Libre", "nom": "Route de Marciac", "source": "BDTOPO_V3:troncon_de_route (IGN, WFS data.geopf.fr)"}}, {"type": "Feature", "geometry": {"type": "LineString", "coordinates": [[0.16709922, 43.55490575], [0.16711395, 43.55513392], [0.16711862, 43.55518986], [0.16713617, 43.55528575], [0.16716132, 43.55537824], [0.16716771, 43.55542432], [0.16718006, 43.55544985], [0.16718677, 43.55546443], [0.16719384, 43.55547182]]}, "properties": {"nature": "Route \u00e0 1 chauss\u00e9e", "prive": false, "acces_pieton": null, "acces_vehicule_leger": "Libre", "nom": "Route de Marciac", "source": "BDTOPO_V3:troncon_de_route (IGN, WFS data.geopf.fr)"}}, {"type": "Feature", "geometry": {"type": "LineString", "coordinates": [[0.16510321, 43.55912653], [0.16503316, 43.55886541], [0.16499486, 43.55861322], [0.16498132, 43.55853634]]}, "properties": {"nature": "Route \u00e0 1 chauss\u00e9e", "prive": false, "acces_pieton": null, "acces_vehicule_leger": "Libre", "nom": "impasse de Gaillet", "source": "BDTOPO_V3:troncon_de_route (IGN, WFS data.geopf.fr)"}}, {"type": "Feature", "geometry": {"type": "LineString", "coordinates": [[0.15981587, 43.55669519], [0.15989963, 43.55670368]]}, "properties": {"nature": "Route \u00e0 1 chauss\u00e9e", "prive": false, "acces_pieton": null, "acces_vehicule_leger": "Libre", "nom": "Route de Lacase Dieu", "source": "BDTOPO_V3:troncon_de_route (IGN, WFS data.geopf.fr)"}}, {"type": "Feature", "geometry": {"type": "LineString", "coordinates": [[0.15989963, 43.55670368], [0.16002317, 43.55673392], [0.16039881, 43.55684819], [0.16059529, 43.55688034], [0.16067177, 43.55688594], [0.16082274, 43.55688719], [0.16093958, 43.55687764], [0.16117141, 43.55684589], [0.16160315, 43.55677706], [0.16203273, 43.55670186], [0.16249353, 43.55662118], [0.16322669, 43.55648999], [0.16366355, 43.55641768], [0.16384548, 43.55639362], [0.16402798, 43.55638309], [0.16449242, 43.55637901], [0.16492197, 43.55637943], [0.16544566, 43.55637871], [0.16587781, 43.55637649], [0.16605143, 43.55637022], [0.16612597, 43.55636496], [0.16617331, 43.556359], [0.16621835, 43.55634937]]}, "properties": {"nature": "Route \u00e0 1 chauss\u00e9e", "prive": false, "acces_pieton": null, "acces_vehicule_leger": "Libre", "nom": "Route de Lacase Dieu", "source": "BDTOPO_V3:troncon_de_route (IGN, WFS data.geopf.fr)"}}, {"type": "Feature", "geometry": {"type": "LineString", "coordinates": [[0.16498132, 43.55853634], [0.16497536, 43.55855689], [0.16495088, 43.55860127], [0.16488499, 43.55863196], [0.16471214, 43.55867246], [0.16427694, 43.55876103], [0.16400068, 43.55881503], [0.16350864, 43.55890121]]}, "properties": {"nature": "Route empierr\u00e9e", "prive": false, "acces_pieton": null, "acces_vehicule_leger": "Libre", "nom": "impasse de Gaillet", "source": "BDTOPO_V3:troncon_de_route (IGN, WFS data.geopf.fr)"}}, {"type": "Feature", "geometry": {"type": "LineString", "coordinates": [[0.16500638, 43.55845507], [0.16521675, 43.55845696], [0.1655146, 43.55844223], [0.16575658, 43.55843055]]}, "properties": {"nature": "Chemin", "prive": false, "acces_pieton": null, "acces_vehicule_leger": "Libre", "nom": "", "source": "BDTOPO_V3:troncon_de_route (IGN, WFS data.geopf.fr)"}}, {"type": "Feature", "geometry": {"type": "LineString", "coordinates": [[0.16621835, 43.55634937], [0.1660279, 43.55652086], [0.16573124, 43.5567625], [0.16543524, 43.55701586], [0.16526771, 43.55717444], [0.16521107, 43.55726839], [0.16516506, 43.55742295], [0.16511644, 43.5577557], [0.16507127, 43.55806873], [0.16503048, 43.55834316], [0.16500638, 43.55845507]]}, "properties": {"nature": "Route \u00e0 1 chauss\u00e9e", "prive": false, "acces_pieton": null, "acces_vehicule_leger": "Libre", "nom": "impasse de Gaillet", "source": "BDTOPO_V3:troncon_de_route (IGN, WFS data.geopf.fr)"}}, {"type": "Feature", "geometry": {"type": "LineString", "coordinates": [[0.16500638, 43.55845507], [0.16499719, 43.55849084], [0.16498132, 43.55853634]]}, "properties": {"nature": "Route \u00e0 1 chauss\u00e9e", "prive": false, "acces_pieton": null, "acces_vehicule_leger": "Libre", "nom": "impasse de Gaillet", "source": "BDTOPO_V3:troncon_de_route (IGN, WFS data.geopf.fr)"}}, {"type": "Feature", "geometry": {"type": "LineString", "coordinates": [[0.15612829, 43.55741341], [0.15625132, 43.55737882], [0.15643791, 43.55733599], [0.15665822, 43.55728684], [0.15712112, 43.55718913], [0.15741377, 43.55712927], [0.1578533, 43.55702824], [0.15821105, 43.55692867], [0.15852751, 43.55683792], [0.15881341, 43.55676438], [0.15903006, 43.55671423], [0.15914721, 43.55669839], [0.15937435, 43.55668633], [0.15968146, 43.55668447], [0.15981587, 43.55669519]]}, "properties": {"nature": "Route \u00e0 1 chauss\u00e9e", "prive": false, "acces_pieton": null, "acces_vehicule_leger": "Libre", "nom": "Route de Lacase Dieu", "source": "BDTOPO_V3:troncon_de_route (IGN, WFS data.geopf.fr)"}}, {"type": "Feature", "geometry": {"type": "LineString", "coordinates": [[0.15623507, 43.55648257], [0.15626205, 43.55636264], [0.15624803, 43.55622092], [0.15624237, 43.55603531], [0.1562047, 43.55564628], [0.15620074, 43.55520142], [0.15619877, 43.55516626], [0.15618944, 43.55477977], [0.15617541, 43.55466327], [0.15612079, 43.55444126], [0.15607235, 43.55424462]]}, "properties": {"nature": "Chemin", "prive": false, "acces_pieton": null, "acces_vehicule_leger": "Libre", "nom": null, "source": "BDTOPO_V3:troncon_de_route (IGN, WFS data.geopf.fr)"}}, {"type": "Feature", "geometry": {"type": "LineString", "coordinates": [[0.15575306, 43.56218789], [0.15582114, 43.56201321], [0.15586707, 43.56191088], [0.15593526, 43.56178392], [0.15605676, 43.56155572], [0.15618175, 43.5613069], [0.15622273, 43.56120444], [0.15625931, 43.56106585], [0.15629453, 43.56090471], [0.15632714, 43.56054634], [0.15633167, 43.56027996], [0.1563111, 43.56007055], [0.15627815, 43.55978608], [0.15621966, 43.55941722], [0.15616234, 43.55912491], [0.15612306, 43.55896813], [0.15607935, 43.55865097], [0.15607238, 43.55834198], [0.15607341, 43.55809622], [0.1561035, 43.55766395], [0.15612829, 43.55741341]]}, "properties": {"nature": "Route \u00e0 1 chauss\u00e9e", "prive": false, "acces_pieton": null, "acces_vehicule_leger": "Libre", "nom": "Route de l'\u00c9glise", "source": "BDTOPO_V3:troncon_de_route (IGN, WFS data.geopf.fr)"}}, {"type": "Feature", "geometry": {"type": "LineString", "coordinates": [[0.15612829, 43.55741341], [0.15581576, 43.55747454], [0.15520148, 43.5576043], [0.15463953, 43.55772731], [0.15409811, 43.55783556], [0.15349156, 43.55795921], [0.15300066, 43.55804717], [0.1525992, 43.55810416], [0.15212288, 43.55817269], [0.15193692, 43.55820292], [0.15180783, 43.55823465], [0.15163894, 43.55829504], [0.15120574, 43.55849254], [0.15091971, 43.55861828], [0.1508419, 43.55863965], [0.15077981, 43.55864342], [0.15070329, 43.55863871], [0.15062345, 43.55862581], [0.15055767, 43.55860428], [0.15041973, 43.55851512], [0.15009195, 43.55825983], [0.14994605, 43.55818127], [0.1498302, 43.55814582], [0.14968666, 43.55811954], [0.14949944, 43.55810022], [0.14920182, 43.55811041], [0.1489993, 43.55812489], [0.14869959, 43.55815213], [0.14835303, 43.55817544], [0.14813546, 43.55819403], [0.14799195, 43.55819206], [0.14788598, 43.55818207], [0.14776208, 43.55815901], [0.1476744, 43.5581297], [0.14753393, 43.55806658], [0.14752784, 43.55806462], [0.14748609, 43.55803291]]}, "properties": {"nature": "Route \u00e0 1 chauss\u00e9e", "prive": false, "acces_pieton": null, "acces_vehicule_leger": "Libre", "nom": "Route de Lacase Dieu", "source": "BDTOPO_V3:troncon_de_route (IGN, WFS data.geopf.fr)"}}, {"type": "Feature", "geometry": {"type": "LineString", "coordinates": [[0.15234916, 43.55196461], [0.15249678, 43.55193337], [0.15256305, 43.55194501], [0.15262357, 43.55197271], [0.15276046, 43.55203302], [0.15287956, 43.55207756], [0.15299388, 43.55214358], [0.1531471, 43.55222413], [0.15339463, 43.55237467], [0.15363636, 43.55249265], [0.1538746, 43.55260604], [0.1540691, 43.55267777], [0.15421911, 43.55272311], [0.15437072, 43.5527613], [0.15458979, 43.55278685], [0.15501873, 43.55282421], [0.15524306, 43.55284359], [0.15542055, 43.55285905], [0.1555228, 43.55286893], [0.15558395, 43.55288404], [0.15565076, 43.55295962], [0.15570052, 43.55297983], [0.15595603, 43.55299463]]}, "properties": {"nature": "Chemin", "prive": false, "acces_pieton": null, "acces_vehicule_leger": "Libre", "nom": null, "source": "BDTOPO_V3:troncon_de_route (IGN, WFS data.geopf.fr)"}}, {"type": "Feature", "geometry": {"type": "LineString", "coordinates": [[0.14738297, 43.56202585], [0.14736504, 43.5618138], [0.14736734, 43.56156807], [0.1473746, 43.56124775], [0.14738354, 43.56091846], [0.14739034, 43.56060713], [0.14740232, 43.56029143], [0.14742039, 43.55990296], [0.14743722, 43.55951446], [0.14744985, 43.55921049], [0.14746938, 43.55881756], [0.14748081, 43.55843792], [0.14749632, 43.55820064], [0.14750783, 43.55814332], [0.14750949, 43.55811006], [0.14750381, 43.55807479], [0.14748609, 43.55803291]]}, "properties": {"nature": "Route \u00e0 1 chauss\u00e9e", "prive": false, "acces_pieton": null, "acces_vehicule_leger": "Libre", "nom": "Route de Courties", "source": "BDTOPO_V3:troncon_de_route (IGN, WFS data.geopf.fr)"}}, {"type": "Feature", "geometry": {"type": "LineString", "coordinates": [[0.15607235, 43.55424462], [0.15568888, 43.55423907], [0.15564375, 43.55425049], [0.15560584, 43.55429091], [0.15559977, 43.55443841], [0.15557953, 43.55447209], [0.15552971, 43.55450319], [0.1554713, 43.55450796], [0.15442669, 43.55460392], [0.15402742, 43.55464207], [0.15399898, 43.55466653], [0.15397564, 43.55471274], [0.15397539, 43.55476765]]}, "properties": {"nature": "Chemin", "prive": false, "acces_pieton": null, "acces_vehicule_leger": "Libre", "nom": null, "source": "BDTOPO_V3:troncon_de_route (IGN, WFS data.geopf.fr)"}}, {"type": "Feature", "geometry": {"type": "LineString", "coordinates": [[0.14748609, 43.55803291], [0.14740739, 43.55797232], [0.1472999, 43.55784345], [0.1471546, 43.55765327], [0.14704033, 43.55756113], [0.1469524, 43.557512], [0.14686486, 43.55747999], [0.14679351, 43.55747091], [0.14663381, 43.55744601], [0.14642353, 43.55744228], [0.14621436, 43.55744128], [0.14585312, 43.55743628], [0.14538231, 43.55744371], [0.1449388, 43.55745005], [0.14422407, 43.55745825], [0.1434582, 43.55747411], [0.14288001, 43.5574751], [0.14225952, 43.55748037], [0.14191747, 43.55748757], [0.14155958, 43.55748984], [0.14122275, 43.55749178], [0.14088552, 43.5575018], [0.14066349, 43.55751036]]}, "properties": {"nature": "Route \u00e0 1 chauss\u00e9e", "prive": false, "acces_pieton": null, "acces_vehicule_leger": "Libre", "nom": "Route de Courties", "source": "BDTOPO_V3:troncon_de_route (IGN, WFS data.geopf.fr)"}}, {"type": "Feature", "geometry": {"type": "LineString", "coordinates": [[0.15818566, 43.5446387], [0.1582695, 43.54464539], [0.15832763, 43.54467122], [0.15834832, 43.54470328], [0.15835877, 43.54474226], [0.15834727, 43.54479958], [0.15830553, 43.5448426], [0.1582007, 43.54491008], [0.15814881, 43.54495824], [0.15811933, 43.54502859], [0.15797574, 43.54542907], [0.1579456, 43.5454877], [0.15791685, 43.54551846]]}, "properties": {"nature": "Route empierr\u00e9e", "prive": false, "acces_pieton": null, "acces_vehicule_leger": "Libre", "nom": "", "source": "BDTOPO_V3:troncon_de_route (IGN, WFS data.geopf.fr)"}}, {"type": "Feature", "geometry": {"type": "LineString", "coordinates": [[0.1640587, 43.54468612], [0.16410176, 43.54464132], [0.16411995, 43.54462379], [0.16415391, 43.54458777]]}, "properties": {"nature": "Route \u00e0 1 chauss\u00e9e", "prive": false, "acces_pieton": null, "acces_vehicule_leger": "Libre", "nom": "COTE DU LYS", "source": "BDTOPO_V3:troncon_de_route (IGN, WFS data.geopf.fr)"}}, {"type": "Feature", "geometry": {"type": "LineString", "coordinates": [[0.23261345, 43.54836926], [0.23265238, 43.54835765], [0.23269459, 43.54835513], [0.23274523, 43.54835732], [0.23299126, 43.5483888], [0.23328021, 43.54842858], [0.23354995, 43.54845616], [0.23382058, 43.54849097], [0.23392722, 43.54851259], [0.23406926, 43.54857023], [0.23414677, 43.54860552], [0.23438722, 43.54875299], [0.23466961, 43.54895465], [0.23475564, 43.54901896], [0.23483194, 43.54907942], [0.23496978, 43.54917296], [0.23509751, 43.54927075], [0.23519316, 43.54934071], [0.23526912, 43.54940836], [0.23535824, 43.54948536], [0.23545639, 43.54958059], [0.23549975, 43.54963121], [0.23551734, 43.54965146], [0.23557506, 43.54971235], [0.23561443, 43.54974306], [0.23566816, 43.54978404], [0.235727, 43.54982155], [0.23582311, 43.54990773], [0.23588543, 43.54997594], [0.23591669, 43.55002085]]}, "properties": {"nature": "Route \u00e0 1 chauss\u00e9e", "prive": false, "acces_pieton": null, "acces_vehicule_leger": "Libre", "nom": "VOI DU GALAN", "source": "BDTOPO_V3:troncon_de_route (IGN, WFS data.geopf.fr)"}}, {"type": "Feature", "geometry": {"type": "LineString", "coordinates": [[0.23289089, 43.5457205], [0.23286469, 43.54580176], [0.2328522, 43.54585546], [0.23282466, 43.54601591], [0.23279846, 43.54632854], [0.23276906, 43.5466816], [0.23274138, 43.5470248], [0.2327142, 43.54738332], [0.2326884, 43.54771307], [0.23265736, 43.54804898], [0.23264992, 43.54817753], [0.23262076, 43.54834604], [0.23261345, 43.54836926]]}, "properties": {"nature": "Route \u00e0 1 chauss\u00e9e", "prive": false, "acces_pieton": null, "acces_vehicule_leger": "Libre", "nom": "GRAND ROUTE", "source": "BDTOPO_V3:troncon_de_route (IGN, WFS data.geopf.fr)"}}, {"type": "Feature", "geometry": {"type": "LineString", "coordinates": [[0.22705537, 43.55199508], [0.22705921, 43.55199248], [0.22707717, 43.55197943], [0.22731904, 43.55181546], [0.22745345, 43.55172346], [0.22760144, 43.5516066], [0.22768684, 43.55155567], [0.22773069, 43.55151898], [0.22780451, 43.55145154], [0.22799931, 43.55123685], [0.22808871, 43.55112839], [0.2283557, 43.55080301], [0.22855874, 43.55057142], [0.22865163, 43.55046756], [0.22879119, 43.55034598], [0.22887749, 43.55027616], [0.22895435, 43.55022231], [0.22907575, 43.55014348], [0.22918762, 43.55008242], [0.22928665, 43.55003093], [0.22956624, 43.54990572], [0.22984536, 43.54979041], [0.23010089, 43.54967629], [0.23068987, 43.54942394], [0.23098843, 43.54929021], [0.23128942, 43.54915745], [0.23158675, 43.54902369], [0.23180552, 43.54892754], [0.23198351, 43.54885556], [0.23221243, 43.54875426], [0.23227474, 43.54871984], [0.23236617, 43.54867175], [0.23242785, 43.54862471], [0.23252742, 43.54853632], [0.23256472, 43.54848146], [0.23259341, 43.54842547], [0.23261345, 43.54836926]]}, "properties": {"nature": "Route \u00e0 1 chauss\u00e9e", "prive": false, "acces_pieton": null, "acces_vehicule_leger": "Libre", "nom": "GRAND ROUTE", "source": "BDTOPO_V3:troncon_de_route (IGN, WFS data.geopf.fr)"}}, {"type": "Feature", "geometry": {"type": "LineString", "coordinates": [[0.2255087, 43.55930733], [0.22552246, 43.55927888], [0.22552656, 43.55927088], [0.2255644, 43.55920522], [0.22565704, 43.55903023], [0.22573905, 43.55887028], [0.22579919, 43.55875298], [0.22585674, 43.55866352], [0.2259151, 43.55858308], [0.22598274, 43.55851549], [0.22606689, 43.55843931], [0.22615343, 43.558365], [0.22633643, 43.55821573], [0.22642936, 43.55813708], [0.2265098, 43.55806081], [0.22655228, 43.55800157], [0.22660239, 43.55793803], [0.2266445, 43.55786078], [0.2266729, 43.55781109], [0.22670537, 43.55772819], [0.22673293, 43.55761906], [0.22675843, 43.55747567], [0.22679953, 43.55723994], [0.22684585, 43.55697284], [0.22689648, 43.55666803], [0.22694255, 43.55640632], [0.22700337, 43.55604416], [0.22705122, 43.55574558], [0.22708344, 43.55556545], [0.22709908, 43.55547222], [0.22710993, 43.55540137], [0.22713653, 43.55526071], [0.22715272, 43.55513058], [0.22715186, 43.55499461], [0.22713102, 43.55488785], [0.22710318, 43.55479801], [0.22707034, 43.55470894], [0.22698817, 43.5545907], [0.22685351, 43.55432888], [0.22670432, 43.55400906], [0.22656279, 43.55371015], [0.22638051, 43.55335798], [0.22625573, 43.5530712], [0.22622773, 43.55295885], [0.22622097, 43.55289385], [0.22622098, 43.55284254], [0.22622588, 43.55279225], [0.22624608, 43.55270724], [0.22629105, 43.55262196], [0.22638448, 43.55250731], [0.22648423, 43.55241533], [0.22663492, 43.55229404], [0.22687855, 43.5521193], [0.22689779, 43.55210539], [0.22705537, 43.55199508]]}, "properties": {"nature": "Route \u00e0 1 chauss\u00e9e", "prive": false, "acces_pieton": null, "acces_vehicule_leger": "Libre", "nom": "GRAND ROUTE", "source": "BDTOPO_V3:troncon_de_route (IGN, WFS data.geopf.fr)"}}, {"type": "Feature", "geometry": {"type": "LineString", "coordinates": [[0.22705537, 43.55199508], [0.22700227, 43.55196672], [0.22698766, 43.55196184], [0.22696191, 43.55195668], [0.22688795, 43.55195029], [0.22661039, 43.55193059], [0.22636784, 43.55190369], [0.22613928, 43.55186904], [0.22584442, 43.55179758], [0.22570101, 43.5517426], [0.22558409, 43.55167749], [0.22540746, 43.55154153], [0.22520967, 43.55138252], [0.22507247, 43.55130159], [0.2248686, 43.55121715], [0.22463931, 43.55114647], [0.22460266, 43.55113653], [0.22447441, 43.55110084]]}, "properties": {"nature": "Route \u00e0 1 chauss\u00e9e", "prive": false, "acces_pieton": null, "acces_vehicule_leger": "Libre", "nom": "VOI DE L ORDINAIRE", "source": "BDTOPO_V3:troncon_de_route (IGN, WFS data.geopf.fr)"}}, {"type": "Feature", "geometry": {"type": "LineString", "coordinates": [[0.22109571, 43.55221536], [0.22119961, 43.5521658], [0.22147346, 43.55205758], [0.22172511, 43.55197309], [0.22199265, 43.5518674], [0.22227161, 43.5517557], [0.22254246, 43.5516582], [0.22276806, 43.55157485], [0.22310676, 43.55145657], [0.22337558, 43.55137522], [0.22359749, 43.55131698], [0.22405376, 43.55119901], [0.22418479, 43.55117716], [0.22431167, 43.5511642], [0.22437665, 43.55115145], [0.22440548, 43.55114409], [0.2244283, 43.55113297], [0.22447441, 43.55110084]]}, "properties": {"nature": "Route \u00e0 1 chauss\u00e9e", "prive": false, "acces_pieton": null, "acces_vehicule_leger": "Libre", "nom": "VOI DE LASCOMBES", "source": "BDTOPO_V3:troncon_de_route (IGN, WFS data.geopf.fr)"}}, {"type": "Feature", "geometry": {"type": "LineString", "coordinates": [[0.22447441, 43.55110084], [0.22440119, 43.55107916], [0.2241529, 43.55099178], [0.22390863, 43.5508982], [0.22344389, 43.55065404], [0.22325562, 43.55052858], [0.22290278, 43.55024857], [0.22261335, 43.54998818], [0.2222726, 43.54968866], [0.22199119, 43.54944198], [0.22180729, 43.54930313], [0.22170282, 43.54923654], [0.22162681, 43.54919588], [0.22151654, 43.54914714], [0.22139107, 43.54910522], [0.2212189, 43.54905669], [0.22098946, 43.54901481], [0.22075658, 43.54896743], [0.22049345, 43.54890577], [0.22005389, 43.54878108], [0.21983195, 43.54871237], [0.21962184, 43.54865477], [0.21944288, 43.54861867], [0.21921761, 43.5485931], [0.21896837, 43.5485768], [0.21863923, 43.54857467], [0.21834648, 43.54858787], [0.21817974, 43.54860611], [0.21786748, 43.54863861], [0.21752552, 43.54867126], [0.21728098, 43.5486857], [0.21714363, 43.54868488], [0.21698437, 43.54867629], [0.21681929, 43.54866035], [0.21656951, 43.54862964], [0.21646289, 43.5486332], [0.21641587, 43.5486329]]}, "properties": {"nature": "Route \u00e0 1 chauss\u00e9e", "prive": false, "acces_pieton": null, "acces_vehicule_leger": "Libre", "nom": "VOI DE L ORDINAIRE", "source": "BDTOPO_V3:troncon_de_route (IGN, WFS data.geopf.fr)"}}, {"type": "Feature", "geometry": {"type": "LineString", "coordinates": [[0.19893976, 43.54716407], [0.19919002, 43.54751444], [0.19929912, 43.5476631], [0.19947402, 43.54788369], [0.19957661, 43.54798807], [0.19964245, 43.54803388], [0.19970146, 43.54809303]]}, "properties": {"nature": "Chemin", "prive": false, "acces_pieton": null, "acces_vehicule_leger": "Libre", "nom": null, "source": "BDTOPO_V3:troncon_de_route (IGN, WFS data.geopf.fr)"}}, {"type": "Feature", "geometry": {"type": "LineString", "coordinates": [[0.19854451, 43.54661458], [0.19861867, 43.54674344], [0.19874459, 43.54690244], [0.19893976, 43.54716407]]}, "properties": {"nature": "Chemin", "prive": false, "acces_pieton": null, "acces_vehicule_leger": "Libre", "nom": "", "source": "BDTOPO_V3:troncon_de_route (IGN, WFS data.geopf.fr)"}}, {"type": "Feature", "geometry": {"type": "LineString", "coordinates": [[0.20826761, 43.54990726], [0.20832964, 43.54990436], [0.20896019, 43.54986836], [0.20923403, 43.54981148], [0.20954027, 43.54975003], [0.20969796, 43.54971448], [0.20977499, 43.54968315], [0.20983603, 43.5496496], [0.20999064, 43.54955005], [0.21014146, 43.54945219], [0.21049589, 43.54926504], [0.21059913, 43.54920377], [0.2106562, 43.54917553], [0.21098499, 43.54908315], [0.21120166, 43.5490563], [0.21139341, 43.54905853], [0.21169558, 43.5490807], [0.21192407, 43.54909107], [0.21221701, 43.5490995], [0.2125681, 43.54910852], [0.21286762, 43.54910901], [0.2130005, 43.54909982], [0.21308522, 43.54908849], [0.21325686, 43.54904608], [0.21346031, 43.54898558], [0.21363397, 43.54892702], [0.21387308, 43.54884583], [0.21412319, 43.54876763], [0.21444097, 43.54867225], [0.21460753, 43.54863241], [0.21481956, 43.54859914], [0.21499448, 43.54859103], [0.21524433, 43.54859474], [0.2154532, 43.548601], [0.21571855, 43.54861681], [0.21604717, 43.54862974], [0.21641587, 43.5486329]]}, "properties": {"nature": "Route \u00e0 1 chauss\u00e9e", "prive": false, "acces_pieton": null, "acces_vehicule_leger": "Libre", "nom": "VOI DE PRUES", "source": "BDTOPO_V3:troncon_de_route (IGN, WFS data.geopf.fr)"}}, {"type": "Feature", "geometry": {"type": "LineString", "coordinates": [[0.18631147, 43.55129836], [0.18648314, 43.55138203], [0.18659891, 43.55144446], [0.18679677, 43.55154952], [0.18691502, 43.551612], [0.1870349, 43.55166643], [0.18714197, 43.55170432], [0.18734102, 43.55175989], [0.18750125, 43.55179916], [0.18764722, 43.55182635], [0.18786061, 43.55186699], [0.1879914, 43.55190099], [0.18807719, 43.55194373], [0.18816003, 43.55199629], [0.18821575, 43.55204635], [0.18831525, 43.55216327], [0.18836868, 43.55223487], [0.18839297, 43.55226972], [0.1884442, 43.55236107], [0.18857916, 43.55261305], [0.18869522, 43.55279612], [0.18875356, 43.55289397], [0.18879851, 43.55293654], [0.1888334, 43.55295725], [0.18890524, 43.55298162], [0.18899942, 43.55300477], [0.1891593, 43.55302602], [0.18926382, 43.55304043], [0.18936758, 43.55304492], [0.18961744, 43.55304869], [0.18989821, 43.55305326], [0.19010348, 43.55305767], [0.19021197, 43.55306678], [0.19054273, 43.55311226], [0.19077039, 43.55313976], [0.19116893, 43.55319149], [0.19155506, 43.55324379], [0.19184675, 43.55327835], [0.19202624, 43.5533037], [0.19211689, 43.55332315], [0.19215204, 43.55333847], [0.19222869, 43.55336566]]}, "properties": {"nature": "Route \u00e0 1 chauss\u00e9e", "prive": false, "acces_pieton": null, "acces_vehicule_leger": "Libre", "nom": "CHE DE BOURRASSOT", "source": "BDTOPO_V3:troncon_de_route (IGN, WFS data.geopf.fr)"}}, {"type": "Feature", "geometry": {"type": "LineString", "coordinates": [[0.184838, 43.55019688], [0.18485535, 43.55017122], [0.18488502, 43.55014678], [0.18497274, 43.55009954], [0.18526651, 43.54996492], [0.18551892, 43.54984092], [0.18583662, 43.54969791], [0.18594014, 43.54963127], [0.18596526, 43.54959861], [0.18597789, 43.54956833], [0.18597523, 43.54952144], [0.18591059, 43.54942613], [0.18583349, 43.54930709], [0.18581243, 43.54925703], [0.18580474, 43.54921182], [0.18580871, 43.54918131], [0.18581352, 43.54913372], [0.18583414, 43.54909194], [0.18587268, 43.54903802], [0.18592464, 43.54898805], [0.18598181, 43.54895802], [0.18605373, 43.54893018], [0.18623319, 43.54887991], [0.1866274, 43.54876679], [0.18713176, 43.54862861], [0.1875362, 43.54850855], [0.18778683, 43.54844573], [0.18789385, 43.54840889], [0.1879319, 43.54839007], [0.18796395, 43.54836749], [0.18798311, 43.54833017], [0.18798628, 43.54824022], [0.18796878, 43.54811733], [0.18797407, 43.54805985], [0.18799821, 43.54799655], [0.18803044, 43.54794517], [0.18816229, 43.54778023], [0.18821455, 43.54769876], [0.18822285, 43.54765576], [0.1882262, 43.54761263], [0.1882145, 43.54757361], [0.18818826, 43.54752792], [0.18807302, 43.54740429], [0.187873, 43.54719204], [0.18780553, 43.54710386], [0.18770719, 43.54696357], [0.18770145, 43.5469292], [0.18771262, 43.54687818], [0.18772528, 43.54682179], [0.1877451, 43.54677098], [0.18778994, 43.54668932], [0.18787597, 43.54657541], [0.18798042, 43.54646468], [0.18809855, 43.54637771], [0.18821959, 43.54630702], [0.18832806, 43.54626572], [0.18840986, 43.54623813], [0.18851348, 43.5462201], [0.18864274, 43.54620905], [0.18879699, 43.54619324], [0.18890568, 43.54617265], [0.18900241, 43.54614364], [0.18915546, 43.54607648], [0.18938704, 43.54594743], [0.18957024, 43.54584594], [0.18974532, 43.54575865], [0.19001455, 43.54561887], [0.19005459, 43.5455848], [0.19009034, 43.54553711], [0.19011161, 43.54545663], [0.19014443, 43.54531703], [0.19016085, 43.54528505], [0.19018327, 43.54525682], [0.19020812, 43.54522955], [0.19030656, 43.54516548], [0.19049585, 43.54506595], [0.19065967, 43.54500627], [0.19075639, 43.54497726], [0.19094918, 43.54493274], [0.19103711, 43.5449062], [0.19118107, 43.54484781], [0.19143427, 43.54473192], [0.19177537, 43.54456519], [0.19211832, 43.54441111], [0.19223706, 43.54436197], [0.19235117, 43.5443064], [0.19248876, 43.54422623], [0.19264405, 43.54413842], [0.19284582, 43.5440113], [0.19305835, 43.54386645], [0.19330434, 43.54369545], [0.19341152, 43.5436298]]}, "properties": {"nature": "Route \u00e0 1 chauss\u00e9e", "prive": false, "acces_pieton": null, "acces_vehicule_leger": "Libre", "nom": "CHE DE BOURRASSOT", "source": "BDTOPO_V3:troncon_de_route (IGN, WFS data.geopf.fr)"}}, {"type": "Feature", "geometry": {"type": "LineString", "coordinates": [[0.184838, 43.55019688], [0.18478338, 43.55017476], [0.18472523, 43.55014894], [0.18468678, 43.55012544], [0.18445117, 43.54993206], [0.18425986, 43.54976954], [0.18412895, 43.54966261], [0.18389962, 43.5494928], [0.18378058, 43.54942129], [0.18367184, 43.54936715], [0.1834309, 43.54923216], [0.18314595, 43.5490609], [0.18274577, 43.54884164], [0.18241737, 43.54867286], [0.18215658, 43.54853915], [0.18185393, 43.54842595], [0.18166682, 43.54837968], [0.18150717, 43.54835393], [0.18129865, 43.54834041], [0.18114064, 43.5483318], [0.18088175, 43.54831067], [0.18065729, 43.54829404], [0.18040453, 43.54827396], [0.18018776, 43.54825213], [0.17993169, 43.54822386], [0.17988052, 43.54820723], [0.17977562, 43.54817569], [0.17968352, 43.54813549], [0.17939642, 43.54800828], [0.17914773, 43.54788028], [0.17902875, 43.54780786], [0.17895189, 43.54775995]]}, "properties": {"nature": "Chemin", "prive": false, "acces_pieton": null, "acces_vehicule_leger": "Libre", "nom": null, "source": "BDTOPO_V3:troncon_de_route (IGN, WFS data.geopf.fr)"}}, {"type": "Feature", "geometry": {"type": "LineString", "coordinates": [[0.17745114, 43.54890483], [0.17748296, 43.54898758], [0.17751417, 43.54905772], [0.17752556, 43.54910303], [0.17755447, 43.54921992], [0.17759906, 43.54932011], [0.17764475, 43.54939783], [0.17772889, 43.54952426], [0.17779476, 43.54959439], [0.17788535, 43.54966517], [0.17802478, 43.54974983], [0.17813189, 43.54981203], [0.17830014, 43.54988933], [0.17843758, 43.54993882], [0.17864783, 43.54999291], [0.17885304, 43.55004866], [0.17900452, 43.55008951], [0.17919494, 43.55014398], [0.17932655, 43.55018611], [0.17949892, 43.55025541], [0.17963813, 43.55031935]]}, "properties": {"nature": "Route \u00e0 1 chauss\u00e9e", "prive": false, "acces_pieton": null, "acces_vehicule_leger": "Libre", "nom": null, "source": "BDTOPO_V3:troncon_de_route (IGN, WFS data.geopf.fr)"}}, {"type": "Feature", "geometry": {"type": "LineString", "coordinates": [[0.17895189, 43.54775995], [0.17882831, 43.54785667], [0.17868292, 43.54796903], [0.1784819, 43.54813036], [0.1783162, 43.54825299], [0.17807474, 43.54843128], [0.1778259, 43.54860847], [0.17762015, 43.54876517], [0.17747953, 43.54888126], [0.17745114, 43.54890483]]}, "properties": {"nature": "Route \u00e0 1 chauss\u00e9e", "prive": false, "acces_pieton": null, "acces_vehicule_leger": "Libre", "nom": "RTE DE FLOURES", "source": "BDTOPO_V3:troncon_de_route (IGN, WFS data.geopf.fr)"}}, {"type": "Feature", "geometry": {"type": "LineString", "coordinates": [[0.17227596, 43.55186986], [0.17256659, 43.5517748], [0.17287677, 43.55168474], [0.17318867, 43.55161004], [0.17334926, 43.55156651], [0.17366889, 43.55146049], [0.17395568, 43.55134282], [0.17430436, 43.55119975], [0.17457525, 43.55107805], [0.17490989, 43.55094362], [0.1752833, 43.55077598], [0.17563684, 43.55060962], [0.17592936, 43.55045067], [0.17623128, 43.55025146], [0.17645766, 43.55007819], [0.17659308, 43.54996737], [0.17667954, 43.54987059], [0.17677283, 43.54976048], [0.17688578, 43.54960316], [0.17696478, 43.54948188], [0.17710356, 43.54927751], [0.1771965, 43.54914939], [0.17729731, 43.54903767], [0.17737767, 43.54896414], [0.17745114, 43.54890483]]}, "properties": {"nature": "Route \u00e0 1 chauss\u00e9e", "prive": false, "acces_pieton": null, "acces_vehicule_leger": "Libre", "nom": "RTE DE FLOURES", "source": "BDTOPO_V3:troncon_de_route (IGN, WFS data.geopf.fr)"}}, {"type": "Feature", "geometry": {"type": "LineString", "coordinates": [[0.16433946, 43.54789766], [0.16436228, 43.54793697], [0.16435722, 43.54801426], [0.16433075, 43.5480991], [0.16428941, 43.54815924], [0.16423699, 43.54821819], [0.16408587, 43.54834569], [0.16390411, 43.54846698], [0.16363855, 43.54860589], [0.16333109, 43.548741], [0.16295334, 43.54889589], [0.16260371, 43.5490326], [0.16234027, 43.54915355], [0.16218974, 43.54924415], [0.16213692, 43.54928598], [0.16203856, 43.54939775], [0.16200498, 43.54945089], [0.16196487, 43.54953627], [0.16194143, 43.5496599], [0.16193481, 43.54976867], [0.16194781, 43.54985634], [0.16199947, 43.54996302], [0.16207269, 43.55005947], [0.16215576, 43.55013187], [0.16231648, 43.55023601], [0.16251799, 43.55034121], [0.16279628, 43.55047093], [0.16318732, 43.55064861], [0.16365606, 43.55085713], [0.16402648, 43.55102617], [0.16432791, 43.55116369], [0.16463799, 43.55132665], [0.16485306, 43.55145831], [0.16500244, 43.55156665], [0.16514798, 43.5517028], [0.16518469, 43.55176138], [0.16524304, 43.55185833], [0.165268, 43.55195442], [0.16529795, 43.55204973], [0.16530164, 43.55215067], [0.16532249, 43.55225475], [0.16536542, 43.55236301], [0.16541975, 43.55244095], [0.16546098, 43.55248344], [0.16558525, 43.55257402], [0.16568038, 43.55262782], [0.16595909, 43.55274944], [0.16624627, 43.55287488], [0.1665675, 43.55301291], [0.16682678, 43.55312682], [0.16692951, 43.55320243], [0.16697568, 43.55324505], [0.16697687, 43.55324598], [0.16703073, 43.55330861], [0.16709406, 43.55343]]}, "properties": {"nature": "Route \u00e0 1 chauss\u00e9e", "prive": false, "acces_pieton": null, "acces_vehicule_leger": "Libre", "nom": "COTE DU LYS", "source": "BDTOPO_V3:troncon_de_route (IGN, WFS data.geopf.fr)"}}, {"type": "Feature", "geometry": {"type": "LineString", "coordinates": [[0.16296096, 43.54713868], [0.16302522, 43.54719077], [0.16322262, 43.54730397], [0.1637937, 43.54757009], [0.1641449, 43.54772692], [0.16424554, 43.54779437], [0.16432587, 43.54787209], [0.16433946, 43.54789766]]}, "properties": {"nature": "Route \u00e0 1 chauss\u00e9e", "prive": false, "acces_pieton": null, "acces_vehicule_leger": "Libre", "nom": "COTE DU LYS", "source": "BDTOPO_V3:troncon_de_route (IGN, WFS data.geopf.fr)"}}, {"type": "Feature", "geometry": {"type": "LineString", "coordinates": [[0.16415391, 43.54458777], [0.16419445, 43.54454381], [0.16424299, 43.54446315], [0.16427776, 43.54438574], [0.16428076, 43.54437501]]}, "properties": {"nature": "Route \u00e0 1 chauss\u00e9e", "prive": false, "acces_pieton": null, "acces_vehicule_leger": "Libre", "nom": "COTE DE HAUBAN", "source": "BDTOPO_V3:troncon_de_route (IGN, WFS data.geopf.fr)"}}, {"type": "Feature", "geometry": {"type": "LineString", "coordinates": [[0.16195709, 43.5455873], [0.16189307, 43.54560543], [0.1614958, 43.54567967], [0.1613121, 43.54569017], [0.16098139, 43.54569502], [0.16057439, 43.54569067], [0.16019592, 43.54566006], [0.16007585, 43.54563531], [0.15975788, 43.54555766], [0.15948406, 43.54548838], [0.15935511, 43.54546789], [0.15919805, 43.54544037], [0.15878519, 43.54540436], [0.15856834, 43.54540948], [0.15834883, 43.54541814], [0.15798092, 43.54549943], [0.15796206, 43.54550524], [0.15791685, 43.54551846]]}, "properties": {"nature": "Route \u00e0 1 chauss\u00e9e", "prive": false, "acces_pieton": null, "acces_vehicule_leger": "Libre", "nom": "RTE DES CRETES", "source": "BDTOPO_V3:troncon_de_route (IGN, WFS data.geopf.fr)"}}, {"type": "Feature", "geometry": {"type": "LineString", "coordinates": [[0.1640587, 43.54468612], [0.16403888, 43.5446865], [0.16399133, 43.54469696], [0.16394612, 43.54471018], [0.16389163, 43.54473577], [0.16370495, 43.54483172], [0.16362238, 43.54487458], [0.16358675, 43.54489436], [0.16322972, 43.54508129], [0.1632106, 43.54509249], [0.16292854, 43.54523997], [0.16265152, 43.54536057], [0.16216412, 43.54553059], [0.16195709, 43.5455873]]}, "properties": {"nature": "Route \u00e0 1 chauss\u00e9e", "prive": false, "acces_pieton": null, "acces_vehicule_leger": "Libre", "nom": "RTE DES CRETES", "source": "BDTOPO_V3:troncon_de_route (IGN, WFS data.geopf.fr)"}}, {"type": "Feature", "geometry": {"type": "LineString", "coordinates": [[0.16433946, 43.54789766], [0.16445423, 43.54797988], [0.16452935, 43.54803767], [0.16466406, 43.54816723], [0.16485642, 43.54833251], [0.16505796, 43.54851244], [0.16533528, 43.54876187]]}, "properties": {"nature": "Route empierr\u00e9e", "prive": false, "acces_pieton": null, "acces_vehicule_leger": "Libre", "nom": "", "source": "BDTOPO_V3:troncon_de_route (IGN, WFS data.geopf.fr)"}}, {"type": "Feature", "geometry": {"type": "LineString", "coordinates": [[0.16195709, 43.5455873], [0.16190338, 43.54552197], [0.16183661, 43.5454455], [0.16180651, 43.54542851], [0.1617323, 43.54542746], [0.16134322, 43.54543619]]}, "properties": {"nature": "Route \u00e0 1 chauss\u00e9e", "prive": false, "acces_pieton": null, "acces_vehicule_leger": "Libre", "nom": "", "source": "BDTOPO_V3:troncon_de_route (IGN, WFS data.geopf.fr)"}}, {"type": "Feature", "geometry": {"type": "LineString", "coordinates": [[0.16452364, 43.54444438], [0.16441017, 43.54448643], [0.16430005, 43.54453577], [0.16422804, 43.5445654], [0.16419537, 43.54457535], [0.16415391, 43.54458777]]}, "properties": {"nature": "Route \u00e0 1 chauss\u00e9e", "prive": false, "acces_pieton": null, "acces_vehicule_leger": "Libre", "nom": "RTE DES CRETES", "source": "BDTOPO_V3:troncon_de_route (IGN, WFS data.geopf.fr)"}}, {"type": "Feature", "geometry": {"type": "LineString", "coordinates": [[0.16452364, 43.54444438], [0.16444581, 43.54444144], [0.16438586, 43.54442727], [0.16432883, 43.54440418], [0.16428076, 43.54437501]]}, "properties": {"nature": "Route \u00e0 1 chauss\u00e9e", "prive": false, "acces_pieton": null, "acces_vehicule_leger": "Libre", "nom": "RTE DES CRETES", "source": "BDTOPO_V3:troncon_de_route (IGN, WFS data.geopf.fr)"}}, {"type": "Feature", "geometry": {"type": "LineString", "coordinates": [[0.16296096, 43.54713868], [0.16281566, 43.54702324], [0.16270391, 43.54690508], [0.16260119, 43.54672953], [0.16256579, 43.54656925], [0.16256142, 43.54643229], [0.16259575, 43.54621351], [0.16262988, 43.54604875], [0.16266753, 43.54593809], [0.16273436, 43.5458381], [0.16286305, 43.54571362], [0.16307775, 43.54555178], [0.1633502, 43.54534823], [0.16357823, 43.54516693], [0.1637989, 43.54495932], [0.16397921, 43.54476687], [0.1640587, 43.54468612]]}, "properties": {"nature": "Route \u00e0 1 chauss\u00e9e", "prive": false, "acces_pieton": null, "acces_vehicule_leger": "Libre", "nom": "COTE DU LYS", "source": "BDTOPO_V3:troncon_de_route (IGN, WFS data.geopf.fr)"}}, {"type": "Feature", "geometry": {"type": "LineString", "coordinates": [[0.15595603, 43.55299463], [0.15614903, 43.55297178], [0.15622402, 43.55293233], [0.15630087, 43.55288032], [0.15642875, 43.55274772], [0.15658175, 43.55250775], [0.15677011, 43.55220387], [0.15702901, 43.55180011], [0.15736071, 43.55132623], [0.15763667, 43.55097783], [0.1578553, 43.55066215], [0.15802032, 43.55050441], [0.15820505, 43.5503733], [0.15832791, 43.55029189], [0.15847095, 43.55022811], [0.15857689, 43.55016336], [0.15871287, 43.55006699], [0.15896133, 43.54989883], [0.15912923, 43.54980779], [0.15932269, 43.54970032], [0.15959745, 43.54955086], [0.15983799, 43.5494176], [0.16005725, 43.5492892], [0.16024078, 43.54918236], [0.16055921, 43.54900073], [0.16092613, 43.54878975], [0.16114285, 43.54868738], [0.16147598, 43.54853404], [0.16171919, 43.54842156], [0.16203341, 43.54827492], [0.16225411, 43.54816726], [0.16249357, 43.54805558], [0.16254223, 43.54802264], [0.16257469, 43.54799198], [0.16259867, 43.54795749], [0.16263389, 43.54787108], [0.16271505, 43.54768144], [0.16277205, 43.54752987], [0.16283957, 43.54734077], [0.1629122, 43.54719862], [0.16296096, 43.54713868]]}, "properties": {"nature": "Chemin", "prive": false, "acces_pieton": null, "acces_vehicule_leger": "Libre", "nom": "", "source": "BDTOPO_V3:troncon_de_route (IGN, WFS data.geopf.fr)"}}, {"type": "Feature", "geometry": {"type": "LineString", "coordinates": [[0.15211439, 43.54771435], [0.15208641, 43.54777934], [0.15195713, 43.54796501], [0.1517481, 43.54828634], [0.15150537, 43.54861309], [0.1514444, 43.54869432], [0.15140668, 43.54873114], [0.15133407, 43.54877245], [0.15116675, 43.54885179], [0.15094622, 43.54893063], [0.15072816, 43.54900953], [0.15062328, 43.54905269], [0.1505732, 43.54908919], [0.1505455, 43.54912358], [0.15052206, 43.54919679], [0.15053995, 43.54933501], [0.15056671, 43.54949416], [0.15057679, 43.54964028], [0.15056485, 43.54975611], [0.15054271, 43.5499527], [0.15053227, 43.55033776], [0.15053946, 43.55066656], [0.15055561, 43.55093978], [0.15058527, 43.5510405], [0.15062339, 43.55109552], [0.15070146, 43.55116869], [0.15086348, 43.55127108], [0.15093972, 43.5513064]]}, "properties": {"nature": "Route \u00e0 1 chauss\u00e9e", "prive": false, "acces_pieton": null, "acces_vehicule_leger": "Libre", "nom": "IMP DE CALA", "source": "BDTOPO_V3:troncon_de_route (IGN, WFS data.geopf.fr)"}}, {"type": "Feature", "geometry": {"type": "LineString", "coordinates": [[0.15588016, 43.54618085], [0.15570133, 43.54624278], [0.15524, 43.54641075], [0.15497307, 43.5465271], [0.15472542, 43.54665385], [0.15435024, 43.54685649], [0.154179, 43.54694023], [0.1539957, 43.54701735], [0.15380653, 43.54708801], [0.15355085, 43.54720195], [0.15326709, 43.54733315], [0.15289607, 43.54750168], [0.15260996, 43.54763012], [0.15246, 43.54768381], [0.15234101, 43.5477122], [0.15223668, 43.54771936], [0.15214507, 43.54771966], [0.15211439, 43.54771435]]}, "properties": {"nature": "Route \u00e0 1 chauss\u00e9e", "prive": false, "acces_pieton": null, "acces_vehicule_leger": "Libre", "nom": "RTE DES CRETES", "source": "BDTOPO_V3:troncon_de_route (IGN, WFS data.geopf.fr)"}}, {"type": "Feature", "geometry": {"type": "LineString", "coordinates": [[0.15234916, 43.55196461], [0.15239255, 43.55198826], [0.15242927, 43.55202163], [0.15244356, 43.55205802], [0.1524344, 43.55209289], [0.15238536, 43.55215823], [0.1522318, 43.55233426], [0.15199831, 43.55259913]]}, "properties": {"nature": "Route \u00e0 1 chauss\u00e9e", "prive": false, "acces_pieton": null, "acces_vehicule_leger": "Libre", "nom": "IMP DE CALA", "source": "BDTOPO_V3:troncon_de_route (IGN, WFS data.geopf.fr)"}}, {"type": "Feature", "geometry": {"type": "LineString", "coordinates": [[0.15211439, 43.54771435], [0.15201025, 43.54769271], [0.15176601, 43.54762598], [0.15137456, 43.54748246], [0.15084875, 43.54730299], [0.15065029, 43.54723656]]}, "properties": {"nature": "Route \u00e0 1 chauss\u00e9e", "prive": false, "acces_pieton": null, "acces_vehicule_leger": "Libre", "nom": "RTE DES CRETES", "source": "BDTOPO_V3:troncon_de_route (IGN, WFS data.geopf.fr)"}}, {"type": "Feature", "geometry": {"type": "LineString", "coordinates": [[0.15065029, 43.54723656], [0.1506093, 43.5472895], [0.15059837, 43.54733513], [0.15061657, 43.54746706], [0.15068161, 43.54762812], [0.15072006, 43.54772637], [0.15072752, 43.54780039], [0.15071557, 43.5478667], [0.15068922, 43.54792363], [0.15063753, 43.54799249]]}, "properties": {"nature": "Route empierr\u00e9e", "prive": false, "acces_pieton": null, "acces_vehicule_leger": "Libre", "nom": "", "source": "BDTOPO_V3:troncon_de_route (IGN, WFS data.geopf.fr)"}}, {"type": "Feature", "geometry": {"type": "LineString", "coordinates": [[0.15065029, 43.54723656], [0.15023272, 43.54709595], [0.149785, 43.54693924], [0.1494152, 43.54680888], [0.14871055, 43.54656709], [0.14814856, 43.54636866], [0.14795038, 43.54629683], [0.14785804, 43.54626199], [0.14778548, 43.54622767], [0.14773763, 43.54621921], [0.14751058, 43.54620514], [0.14738043, 43.54620892], [0.14698738, 43.54627241], [0.14669837, 43.54630983], [0.14648842, 43.54635022], [0.14644262, 43.54637513]]}, "properties": {"nature": "Route \u00e0 1 chauss\u00e9e", "prive": false, "acces_pieton": null, "acces_vehicule_leger": "Libre", "nom": "RTE DES CRETES", "source": "BDTOPO_V3:troncon_de_route (IGN, WFS data.geopf.fr)"}}, {"type": "Feature", "geometry": {"type": "LineString", "coordinates": [[0.14452395, 43.55334626], [0.14530525, 43.55314353], [0.14543574, 43.55310825], [0.14561539, 43.55305536], [0.14579634, 43.55297638], [0.14600892, 43.55285863], [0.14614059, 43.55277476], [0.14633269, 43.55264567], [0.14657561, 43.5525152], [0.1468569, 43.55238485], [0.14709766, 43.55232276], [0.14741239, 43.5522419], [0.14839577, 43.55198234], [0.14924737, 43.55178414], [0.14983979, 43.55164484], [0.15004252, 43.55160065], [0.15034036, 43.55153555], [0.15065222, 43.5514375], [0.15093972, 43.5513064]]}, "properties": {"nature": "Chemin", "prive": false, "acces_pieton": null, "acces_vehicule_leger": "Libre", "nom": null, "source": "BDTOPO_V3:troncon_de_route (IGN, WFS data.geopf.fr)"}}, {"type": "Feature", "geometry": {"type": "LineString", "coordinates": [[0.23119692, 43.54483913], [0.2312042, 43.54484202], [0.23132645, 43.54489915], [0.2313883, 43.54495115], [0.23145928, 43.54499347], [0.23157887, 43.54508025], [0.23172363, 43.54518387], [0.2319381, 43.54533069]]}, "properties": {"nature": "Route \u00e0 1 chauss\u00e9e", "prive": false, "acces_pieton": null, "acces_vehicule_leger": "Libre", "nom": "VOI DE MOULERES", "source": "BDTOPO_V3:troncon_de_route (IGN, WFS data.geopf.fr)"}}, {"type": "Feature", "geometry": {"type": "LineString", "coordinates": [[0.23289089, 43.5457205], [0.23291164, 43.54567512], [0.23292287, 43.54564749], [0.23302893, 43.54547554], [0.23305405, 43.54541677], [0.23308419, 43.54535632], [0.23310323, 43.54526947], [0.2331632, 43.54500092], [0.23318759, 43.54488], [0.23321389, 43.54477084], [0.23325616, 43.54468999], [0.23329209, 43.54463779], [0.23333156, 43.54458928], [0.23345889, 43.54446379], [0.23365294, 43.54428958], [0.23393402, 43.54405547], [0.23423371, 43.54379482], [0.23453765, 43.54354869], [0.23486941, 43.54326456], [0.23509816, 43.54306332], [0.23535992, 43.54284492], [0.23564888, 43.5426011]]}, "properties": {"nature": "Route \u00e0 1 chauss\u00e9e", "prive": false, "acces_pieton": null, "acces_vehicule_leger": "Libre", "nom": "GRAND ROUTE", "source": "BDTOPO_V3:troncon_de_route (IGN, WFS data.geopf.fr)"}}, {"type": "Feature", "geometry": {"type": "LineString", "coordinates": [[0.2324562, 43.54541773], [0.23236336, 43.54536674], [0.23226366, 43.54530388], [0.23217192, 43.54525563], [0.232123, 43.54524357], [0.23209047, 43.54525085], [0.23204625, 43.54526953], [0.23198522, 43.54530308], [0.2319381, 43.54533069]]}, "properties": {"nature": "Route \u00e0 1 chauss\u00e9e", "prive": false, "acces_pieton": null, "acces_vehicule_leger": "Libre", "nom": "PL DU VILLAGE", "source": "BDTOPO_V3:troncon_de_route (IGN, WFS data.geopf.fr)"}}, {"type": "Feature", "geometry": {"type": "LineString", "coordinates": [[0.23227811, 43.54551762], [0.2323549, 43.54554208], [0.23255998, 43.54560133], [0.23269351, 43.54562994], [0.2327438, 43.54563933], [0.23279166, 43.54564775], [0.23282439, 43.54566209], [0.23285788, 43.54568635], [0.23289089, 43.5457205]]}, "properties": {"nature": "Route \u00e0 1 chauss\u00e9e", "prive": false, "acces_pieton": null, "acces_vehicule_leger": "Libre", "nom": "VOI DE MOULERES", "source": "BDTOPO_V3:troncon_de_route (IGN, WFS data.geopf.fr)"}}, {"type": "Feature", "geometry": {"type": "LineString", "coordinates": [[0.23227811, 43.54551762], [0.23233905, 43.54548586], [0.23241556, 43.5454392], [0.2324562, 43.54541773]]}, "properties": {"nature": "Route \u00e0 1 chauss\u00e9e", "prive": false, "acces_pieton": null, "acces_vehicule_leger": "Libre", "nom": "PL DU VILLAGE", "source": "BDTOPO_V3:troncon_de_route (IGN, WFS data.geopf.fr)"}}, {"type": "Feature", "geometry": {"type": "LineString", "coordinates": [[0.2324562, 43.54541773], [0.23249433, 43.54539709], [0.23257641, 43.54536317], [0.23273461, 43.54529068], [0.23274984, 43.54528297]]}, "properties": {"nature": "Route empierr\u00e9e", "prive": false, "acces_pieton": null, "acces_vehicule_leger": "Libre", "nom": "", "source": "BDTOPO_V3:troncon_de_route (IGN, WFS data.geopf.fr)"}}, {"type": "Feature", "geometry": {"type": "LineString", "coordinates": [[0.23119692, 43.54483913], [0.23116543, 43.5447735], [0.23111784, 43.54473358], [0.23104908, 43.54469671], [0.23097846, 43.5446724], [0.23086851, 43.54464259], [0.23064648, 43.5445757], [0.2305644, 43.5445583], [0.23047715, 43.54454527], [0.23041756, 43.54454915], [0.23035792, 43.54455393]]}, "properties": {"nature": "Route \u00e0 1 chauss\u00e9e", "prive": false, "acces_pieton": null, "acces_vehicule_leger": "Libre", "nom": "", "source": "BDTOPO_V3:troncon_de_route (IGN, WFS data.geopf.fr)"}}, {"type": "Feature", "geometry": {"type": "LineString", "coordinates": [[0.23119692, 43.54483913], [0.23114463, 43.54481979], [0.23096912, 43.5447892], [0.23049444, 43.54467445], [0.23043207, 43.54463325], [0.23039301, 43.54459624], [0.23035792, 43.54455393]]}, "properties": {"nature": "Route \u00e0 1 chauss\u00e9e", "prive": false, "acces_pieton": null, "acces_vehicule_leger": "Libre", "nom": "VOI DE MOULERES", "source": "BDTOPO_V3:troncon_de_route (IGN, WFS data.geopf.fr)"}}, {"type": "Feature", "geometry": {"type": "LineString", "coordinates": [[0.2319381, 43.54533069], [0.2319513, 43.54533913], [0.2320443, 43.54541262], [0.23209832, 43.54544731], [0.23219041, 43.54548837], [0.2322574, 43.54551079], [0.23227811, 43.54551762]]}, "properties": {"nature": "Route \u00e0 1 chauss\u00e9e", "prive": false, "acces_pieton": null, "acces_vehicule_leger": "Libre", "nom": "VOI DE MOULERES", "source": "BDTOPO_V3:troncon_de_route (IGN, WFS data.geopf.fr)"}}, {"type": "Feature", "geometry": {"type": "LineString", "coordinates": [[0.23035792, 43.54455393], [0.23031539, 43.54448623], [0.23011685, 43.54416336], [0.22992517, 43.54385237], [0.2298363, 43.54374477], [0.2297748, 43.54368558], [0.22970169, 43.543636], [0.22948485, 43.54348732], [0.2294186, 43.54344961], [0.22914317, 43.54328413], [0.2287898, 43.54309235], [0.22843233, 43.54290857], [0.22805624, 43.5427261], [0.22778764, 43.54254729], [0.22760759, 43.54240584], [0.22721544, 43.54206902], [0.22690121, 43.5417846], [0.22660648, 43.54153219], [0.22631478, 43.54131947], [0.22610377, 43.54115293], [0.22586553, 43.54098659]]}, "properties": {"nature": "Route \u00e0 1 chauss\u00e9e", "prive": false, "acces_pieton": null, "acces_vehicule_leger": "Libre", "nom": "VOI DE MOULERES", "source": "BDTOPO_V3:troncon_de_route (IGN, WFS data.geopf.fr)"}}, {"type": "Feature", "geometry": {"type": "LineString", "coordinates": [[0.23035792, 43.54455393], [0.23019896, 43.54456518], [0.23006185, 43.54458509], [0.22987474, 43.54461542], [0.22949804, 43.54467603], [0.22926484, 43.54471239], [0.22894557, 43.54476275], [0.22864642, 43.54480643], [0.22837553, 43.54485443], [0.22822955, 43.54487861], [0.22811867, 43.54489378], [0.22755272, 43.54497745], [0.22732098, 43.54500934], [0.22696401, 43.54507134], [0.22668027, 43.54512891], [0.22655954, 43.54514293], [0.22637505, 43.54514452], [0.22609965, 43.54513208], [0.22575572, 43.54510348], [0.2255114, 43.54508823], [0.22542248, 43.54508415], [0.22514086, 43.54507245], [0.22486025, 43.54506528], [0.22458652, 43.54504387], [0.22437406, 43.54500963], [0.22428933, 43.54499576]]}, "properties": {"nature": "Chemin", "prive": false, "acces_pieton": null, "acces_vehicule_leger": "Libre", "nom": "", "source": "BDTOPO_V3:troncon_de_route (IGN, WFS data.geopf.fr)"}}, {"type": "Feature", "geometry": {"type": "LineString", "coordinates": [[0.22428933, 43.54499576], [0.22412139, 43.54493654], [0.22387564, 43.54489964], [0.22334569, 43.54482757], [0.22293412, 43.54479003], [0.22269347, 43.54472445], [0.22239864, 43.54457646], [0.22217509, 43.5444645], [0.22183643, 43.54432709], [0.2215792, 43.54422057], [0.22109009, 43.54402079], [0.22088235, 43.54391463], [0.22074561, 43.54387602], [0.22051621, 43.54385934], [0.22027278, 43.5438513], [0.21984107, 43.54384655], [0.21945046, 43.54383654], [0.21935935, 43.54385221], [0.21912891, 43.54385711], [0.2187929, 43.54384399]]}, "properties": {"nature": "Chemin", "prive": false, "acces_pieton": "Libre", "acces_vehicule_leger": "Libre", "nom": null, "source": "BDTOPO_V3:troncon_de_route (IGN, WFS data.geopf.fr)"}}, {"type": "Feature", "geometry": {"type": "LineString", "coordinates": [[0.21098837, 43.5449878], [0.21102631, 43.54502209], [0.21109015, 43.54510926], [0.21120578, 43.54520046], [0.21127013, 43.54525163], [0.21135655, 43.54530697], [0.21153041, 43.54539696], [0.21172727, 43.54549745], [0.21192097, 43.54561226], [0.2121106, 43.54573417], [0.21245146, 43.5459536], [0.21271436, 43.5461215], [0.21291001, 43.54624717], [0.21304479, 43.54632625], [0.2133071, 43.54645543], [0.21357038, 43.54656482], [0.21372675, 43.54663276], [0.21381953, 43.54668466], [0.21397459, 43.54677957], [0.21415289, 43.54690569], [0.21442116, 43.54709083], [0.21459279, 43.54720147], [0.21477612, 43.54732592], [0.21497028, 43.54745694], [0.21520453, 43.5476034], [0.21545663, 43.54776472], [0.21557143, 43.54784779], [0.21564877, 43.54791189], [0.2157507, 43.54803065], [0.21584119, 43.54815541], [0.21608778, 43.54840481], [0.21622258, 43.54848389], [0.21638457, 43.54856367], [0.21640621, 43.54857683], [0.21641395, 43.54859594], [0.21641587, 43.5486329]]}, "properties": {"nature": "Route \u00e0 1 chauss\u00e9e", "prive": false, "acces_pieton": null, "acces_vehicule_leger": "Libre", "nom": "VOI DE L ORDINAIRE", "source": "BDTOPO_V3:troncon_de_route (IGN, WFS data.geopf.fr)"}}, {"type": "Feature", "geometry": {"type": "LineString", "coordinates": [[0.21098837, 43.5449878], [0.21093349, 43.54497109], [0.21082593, 43.54494311], [0.21076218, 43.54493067], [0.21072032, 43.544926], [0.21065839, 43.5449271], [0.21060581, 43.54493926], [0.21045366, 43.54498846], [0.21036681, 43.54504385], [0.21032344, 43.54509585], [0.21018744, 43.5452202], [0.21010815, 43.54529828], [0.21008957, 43.54532391], [0.21009677, 43.54540513], [0.21009374, 43.54544196], [0.21009172, 43.54545811], [0.21007438, 43.54548378], [0.20995787, 43.54556361], [0.20984424, 43.54566062], [0.20977722, 43.54574082], [0.20976792, 43.54577929], [0.20976781, 43.54590893], [0.20979393, 43.54623731], [0.20983214, 43.54636794], [0.20983393, 43.54640759], [0.20981381, 43.54643949], [0.2098011, 43.54644636], [0.20977739, 43.54645025], [0.20975497, 43.54645328], [0.20973925, 43.54644567], [0.20970052, 43.54642757], [0.20952867, 43.54629621], [0.20929963, 43.54611927], [0.20896249, 43.54587472], [0.20875294, 43.54572978], [0.20865468, 43.54566333]]}, "properties": {"nature": "Chemin", "prive": false, "acces_pieton": null, "acces_vehicule_leger": "Libre", "nom": "", "source": "BDTOPO_V3:troncon_de_route (IGN, WFS data.geopf.fr)"}}, {"type": "Feature", "geometry": {"type": "LineString", "coordinates": [[0.21098837, 43.5449878], [0.21099887, 43.54497547], [0.21099914, 43.54497007], [0.21099935, 43.54496558], [0.210988, 43.54494458], [0.21098228, 43.54490932], [0.21098413, 43.54489676], [0.2109911, 43.54488074], [0.2110057, 43.54486041], [0.21105742, 43.54481492], [0.21136776, 43.54461763], [0.21153682, 43.54450044], [0.21158275, 43.5444467], [0.21161491, 43.54439621], [0.21169038, 43.54419288], [0.21180215, 43.54385364], [0.21190261, 43.54356903], [0.21194922, 43.54339918], [0.21196217, 43.54333649], [0.21196387, 43.54330142], [0.21195604, 43.54325891], [0.21194238, 43.54323425], [0.21192989, 43.5431601], [0.21194241, 43.54313162], [0.21197053, 43.54311343], [0.21202688, 43.54307437], [0.21206615, 43.54303036], [0.21207439, 43.54301347], [0.21207249, 43.54300171], [0.21203693, 43.54296929], [0.21192244, 43.54293124], [0.21164271, 43.54288084], [0.21130756, 43.5427993], [0.2111222, 43.54274232], [0.21109245, 43.54274335], [0.21106866, 43.54274904], [0.21105369, 43.54275136], [0.21102381, 43.54275509], [0.21098425, 43.54275408], [0.21096452, 43.54275267], [0.21086549, 43.54272762], [0.21071594, 43.54267246], [0.21045213, 43.54259995], [0.21023425, 43.54255024], [0.21013327, 43.54251433], [0.21004518, 43.54246795], [0.20994736, 43.54239251], [0.20979629, 43.54221577], [0.20964746, 43.54199317], [0.20953529, 43.54172921], [0.20945853, 43.54157688], [0.20936682, 43.54142688], [0.20925708, 43.5412656], [0.20915116, 43.54112784], [0.20905135, 43.54104244], [0.20896909, 43.54100341], [0.20866971, 43.54092459], [0.20850079, 43.54088603], [0.20835912, 43.54084728], [0.20824176, 43.54079204], [0.2080986, 43.54070733], [0.20794325, 43.5405935], [0.20763936, 43.54040382], [0.20745055, 43.54029093], [0.20721302, 43.54011106], [0.20697011, 43.53994005], [0.20681274, 43.53984237], [0.20680073, 43.53983486], [0.20680232, 43.5398277], [0.2068095, 43.53980717]]}, "properties": {"nature": "Chemin", "prive": false, "acces_pieton": null, "acces_vehicule_leger": "Libre", "nom": null, "source": "BDTOPO_V3:troncon_de_route (IGN, WFS data.geopf.fr)"}}, {"type": "Feature", "geometry": {"type": "LineString", "coordinates": [[0.20010241, 43.54456701], [0.19983199, 43.54465546], [0.1996658, 43.54471329], [0.1995712, 43.54474956], [0.19930295, 43.54484437], [0.19912267, 43.54491174], [0.19892456, 43.54498946], [0.19868165, 43.54509752], [0.19843861, 43.54520829], [0.19817271, 43.54533107], [0.19810456, 43.54538332], [0.19807172, 43.54542209], [0.19804848, 43.54549261], [0.19805578, 43.54557113], [0.19814775, 43.54574096], [0.19834843, 43.54611796], [0.19844084, 43.54630401], [0.19848662, 43.54643123], [0.19852493, 43.54655916], [0.19854451, 43.54661458]]}, "properties": {"nature": "Chemin", "prive": false, "acces_pieton": null, "acces_vehicule_leger": "Libre", "nom": "", "source": "BDTOPO_V3:troncon_de_route (IGN, WFS data.geopf.fr)"}}, {"type": "Feature", "geometry": {"type": "LineString", "coordinates": [[0.19687968, 43.54200259], [0.1971321, 43.54200371], [0.19743847, 43.54199001], [0.19761549, 43.54198918], [0.19777476, 43.5419969], [0.19798636, 43.54202307], [0.19811628, 43.54204893], [0.19825015, 43.5420956], [0.19843404, 43.54218228], [0.19851206, 43.54223201], [0.19860628, 43.54230466], [0.1986738, 43.54236673], [0.1987267, 43.54242391], [0.19880209, 43.54252759], [0.19884623, 43.54263767], [0.19887088, 43.54271573], [0.19887011, 43.54278233], [0.19886478, 43.54309459], [0.19887515, 43.54323711], [0.19889284, 43.5433312], [0.19893526, 43.54345113], [0.19897965, 43.5435306], [0.19902112, 43.54359379], [0.19956637, 43.5440112], [0.19990804, 43.54433962], [0.20009033, 43.54450998], [0.20010756, 43.54453743], [0.20010241, 43.54456701]]}, "properties": {"nature": "Route empierr\u00e9e", "prive": false, "acces_pieton": null, "acces_vehicule_leger": "Libre", "nom": "Impasse de Oueytous", "source": "BDTOPO_V3:troncon_de_route (IGN, WFS data.geopf.fr)"}}, {"type": "Feature", "geometry": {"type": "LineString", "coordinates": [[0.19308346, 43.54444149], [0.19313307, 43.54438875], [0.19346872, 43.54397879], [0.19353513, 43.54386077], [0.19355737, 43.54381093], [0.19356001, 43.54378219], [0.19355277, 43.54375319], [0.19352707, 43.54372192], [0.19341152, 43.5436298]]}, "properties": {"nature": "Route empierr\u00e9e", "prive": false, "acces_pieton": null, "acces_vehicule_leger": "Libre", "nom": "", "source": "BDTOPO_V3:troncon_de_route (IGN, WFS data.geopf.fr)"}}, {"type": "Feature", "geometry": {"type": "LineString", "coordinates": [[0.19451704, 43.54291474], [0.19445056, 43.54295804], [0.1942816, 43.54307251], [0.19413766, 43.54318133], [0.19401015, 43.54328336], [0.19388122, 43.54336376], [0.19362829, 43.54349946], [0.19347278, 43.54359177], [0.19341152, 43.5436298]]}, "properties": {"nature": "Route \u00e0 1 chauss\u00e9e", "prive": false, "acces_pieton": null, "acces_vehicule_leger": "Libre", "nom": "CHE DE BOURRASSOT", "source": "BDTOPO_V3:troncon_de_route (IGN, WFS data.geopf.fr)"}}, {"type": "Feature", "geometry": {"type": "LineString", "coordinates": [[0.19451704, 43.54291474], [0.19428919, 43.54268918], [0.19390475, 43.54237584], [0.19364465, 43.54217735], [0.19344707, 43.5420669], [0.19308787, 43.54189556], [0.19283702, 43.54181164], [0.19252097, 43.54171974], [0.19229954, 43.5416924], [0.19212097, 43.54167428], [0.19185707, 43.54165484], [0.19174026, 43.54163922], [0.19167121, 43.54160862]]}, "properties": {"nature": "Chemin", "prive": false, "acces_pieton": null, "acces_vehicule_leger": "Libre", "nom": null, "source": "BDTOPO_V3:troncon_de_route (IGN, WFS data.geopf.fr)"}}, {"type": "Feature", "geometry": {"type": "LineString", "coordinates": [[0.1957416, 43.54224507], [0.19572266, 43.54225268], [0.1955616, 43.54233225], [0.19525381, 43.54250165], [0.1950717, 43.54260678], [0.19480129, 43.54274564], [0.19458598, 43.54287151], [0.19451704, 43.54291474]]}, "properties": {"nature": "Route \u00e0 1 chauss\u00e9e", "prive": false, "acces_pieton": null, "acces_vehicule_leger": "Libre", "nom": "CHE DE BOURRASSOT", "source": "BDTOPO_V3:troncon_de_route (IGN, WFS data.geopf.fr)"}}, {"type": "Feature", "geometry": {"type": "LineString", "coordinates": [[0.18178633, 43.54412975], [0.1818144, 43.54413768], [0.18186998, 43.54414003], [0.18194, 43.54412564], [0.18223092, 43.54404857], [0.18249757, 43.54396186], [0.18277551, 43.54387184], [0.18305685, 43.54378822], [0.18349164, 43.54365456], [0.18384375, 43.54354125], [0.1841823, 43.5434267], [0.18445596, 43.54332306], [0.18478704, 43.54320921], [0.18504825, 43.54310705], [0.18533391, 43.54298572], [0.18554068, 43.54288305], [0.18567156, 43.54281352], [0.18596092, 43.54266707], [0.18612951, 43.54258592], [0.1862408, 43.54253749], [0.18637336, 43.5424842], [0.18666599, 43.54237205], [0.18696206, 43.54226539], [0.18718225, 43.54219187], [0.18730669, 43.54215278], [0.18747929, 43.54211584], [0.18756052, 43.54209994]]}, "properties": {"nature": "Route \u00e0 1 chauss\u00e9e", "prive": false, "acces_pieton": null, "acces_vehicule_leger": "Libre", "nom": "RTE DES CRETES", "source": "BDTOPO_V3:troncon_de_route (IGN, WFS data.geopf.fr)"}}, {"type": "Feature", "geometry": {"type": "LineString", "coordinates": [[0.18178633, 43.54412975], [0.18169229, 43.54425515], [0.1815625, 43.54437782], [0.18144781, 43.54449548], [0.18131652, 43.54462352], [0.18112417, 43.54481029], [0.18098356, 43.54495158], [0.18085986, 43.54507621], [0.18071492, 43.54523], [0.18051114, 43.54547319], [0.18042412, 43.54558166], [0.18025159, 43.54586888], [0.18004903, 43.54618772], [0.17991928, 43.54638512], [0.17977694, 43.5466119], [0.17960956, 43.54689475], [0.1793821, 43.54726696], [0.17929243, 43.54740418], [0.17921432, 43.54750748], [0.17912116, 43.5476149], [0.17898412, 43.54773378], [0.17895189, 43.54775995]]}, "properties": {"nature": "Route \u00e0 1 chauss\u00e9e", "prive": false, "acces_pieton": null, "acces_vehicule_leger": "Libre", "nom": "RTE DE FLOURES", "source": "BDTOPO_V3:troncon_de_route (IGN, WFS data.geopf.fr)"}}, {"type": "Feature", "geometry": {"type": "LineString", "coordinates": [[0.18042137, 43.54301663], [0.18038839, 43.54305809], [0.18036049, 43.54309697], [0.18035943, 43.54311855], [0.18037965, 43.54313528], [0.18043064, 43.54315552], [0.18063702, 43.5432122], [0.1807518, 43.5432692], [0.18091055, 43.54336335], [0.18108281, 43.54351007], [0.1812035, 43.54362305], [0.18140384, 43.54375249], [0.18143995, 43.54379845], [0.18143033, 43.543818], [0.18139483, 43.5438603]]}, "properties": {"nature": "Route empierr\u00e9e", "prive": false, "acces_pieton": null, "acces_vehicule_leger": "Libre", "nom": null, "source": "BDTOPO_V3:troncon_de_route (IGN, WFS data.geopf.fr)"}}, {"type": "Feature", "geometry": {"type": "LineString", "coordinates": [[0.18139483, 43.5438603], [0.18144035, 43.54389119], [0.18166483, 43.54405817], [0.18175626, 43.54411186], [0.18178633, 43.54412975]]}, "properties": {"nature": "Route \u00e0 1 chauss\u00e9e", "prive": false, "acces_pieton": null, "acces_vehicule_leger": "Libre", "nom": "RTE DES CRETES", "source": "BDTOPO_V3:troncon_de_route (IGN, WFS data.geopf.fr)"}}, {"type": "Feature", "geometry": {"type": "LineString", "coordinates": [[0.17496795, 43.54148831], [0.17502472, 43.54149159], [0.17506877, 43.54150174], [0.17507976, 43.54150473], [0.17515198, 43.54152101], [0.17520186, 43.54153852], [0.1752743, 43.54157552], [0.17544729, 43.54168175], [0.17558669, 43.54176641], [0.17585874, 43.54194725], [0.17612448, 43.54213062], [0.17647638, 43.54237386], [0.17675943, 43.54255769], [0.17715478, 43.54282366], [0.17723693, 43.54286451], [0.17736384, 43.54292633], [0.17762981, 43.54305479], [0.17786634, 43.54312756], [0.17800416, 43.54316896], [0.17806919, 43.54318056], [0.17816238, 43.54319828], [0.17828806, 43.54320966], [0.17857082, 43.54322331], [0.17886584, 43.54323908], [0.17922267, 43.54325646], [0.17954979, 43.54327397], [0.17981317, 43.54327902], [0.17999214, 43.54328907], [0.18012365, 43.54330779], [0.1803306, 43.54335278], [0.18046997, 43.54338792], [0.18062121, 43.54343326], [0.18075842, 43.54348724], [0.18095288, 43.54358503], [0.18118399, 43.54371797], [0.18139483, 43.5438603]]}, "properties": {"nature": "Route \u00e0 1 chauss\u00e9e", "prive": false, "acces_pieton": null, "acces_vehicule_leger": "Libre", "nom": "RTE DES CRETES", "source": "BDTOPO_V3:troncon_de_route (IGN, WFS data.geopf.fr)"}}, {"type": "Feature", "geometry": {"type": "LineString", "coordinates": [[0.17496795, 43.54148831], [0.17494208, 43.54148584], [0.17485282, 43.54148892], [0.17459911, 43.54153903], [0.17440333, 43.54156904], [0.1740955, 43.54161234], [0.17369983, 43.54165515], [0.17338529, 43.54168387], [0.17311826, 43.54170303], [0.17276103, 43.54174413], [0.1725075, 43.54179065], [0.17228196, 43.54184689], [0.17202118, 43.54194003], [0.17179969, 43.54203959], [0.17156124, 43.54215672], [0.17132469, 43.54228559], [0.17081319, 43.54246853], [0.17036902, 43.5426163], [0.17010978, 43.54272838], [0.16995578, 43.5428396], [0.16978923, 43.5429793], [0.16968852, 43.54306401], [0.1696807, 43.54307191]]}, "properties": {"nature": "Route \u00e0 1 chauss\u00e9e", "prive": false, "acces_pieton": null, "acces_vehicule_leger": "Libre", "nom": "RTE DES CRETES", "source": "BDTOPO_V3:troncon_de_route (IGN, WFS data.geopf.fr)"}}, {"type": "Feature", "geometry": {"type": "LineString", "coordinates": [[0.1696807, 43.54307191], [0.16953452, 43.54292404], [0.16940041, 43.54268196], [0.16928051, 43.54247807], [0.16920748, 43.54232761], [0.1691946, 43.54226245], [0.16919271, 43.54222549], [0.16922522, 43.54214351], [0.16935019, 43.5419433], [0.16938053, 43.54188017], [0.16938457, 43.54179835], [0.16938007, 43.54176402], [0.16935567, 43.54170667]]}, "properties": {"nature": "Route empierr\u00e9e", "prive": false, "acces_pieton": null, "acces_vehicule_leger": "Libre", "nom": "", "source": "BDTOPO_V3:troncon_de_route (IGN, WFS data.geopf.fr)"}}, {"type": "Feature", "geometry": {"type": "LineString", "coordinates": [[0.1696807, 43.54307191], [0.16937992, 43.54334856], [0.16917311, 43.54350161], [0.16898105, 43.54363165], [0.16876065, 43.54373394], [0.16854078, 43.54382543], [0.16840387, 43.54386597], [0.1682415, 43.54389595], [0.16814927, 43.54390885], [0.16800752, 43.54392225], [0.16774577, 43.54393433], [0.16736138, 43.5439486], [0.16698273, 43.54397203], [0.16670469, 43.54398818]]}, "properties": {"nature": "Route \u00e0 1 chauss\u00e9e", "prive": false, "acces_pieton": null, "acces_vehicule_leger": "Libre", "nom": "RTE DES CRETES", "source": "BDTOPO_V3:troncon_de_route (IGN, WFS data.geopf.fr)"}}, {"type": "Feature", "geometry": {"type": "LineString", "coordinates": [[0.16670469, 43.54398818], [0.16673797, 43.54401605], [0.167106, 43.54428315], [0.16741123, 43.54449369], [0.16767138, 43.54468954], [0.16791716, 43.5448256], [0.16804209, 43.54487748], [0.16817094, 43.54492496], [0.16842857, 43.54499651], [0.16863579, 43.54503612], [0.16884778, 43.54505426], [0.16894238, 43.54506843], [0.16900317, 43.54509073], [0.16902758, 43.54512287], [0.16910118, 43.54526164], [0.16944693, 43.545981], [0.16945262, 43.54601626], [0.16942308, 43.546038], [0.16927791, 43.54612064], [0.16918448, 43.54618303], [0.16917582, 43.54620801], [0.1691891, 43.54623987], [0.16923217, 43.54634543], [0.16927829, 43.54641415], [0.16938083, 43.54646815], [0.16948621, 43.54651501]]}, "properties": {"nature": "Chemin", "prive": false, "acces_pieton": null, "acces_vehicule_leger": "Libre", "nom": "", "source": "BDTOPO_V3:troncon_de_route (IGN, WFS data.geopf.fr)"}}, {"type": "Feature", "geometry": {"type": "LineString", "coordinates": [[0.16670469, 43.54398818], [0.16665626, 43.54399141], [0.1664165, 43.54400946], [0.16621011, 43.54402838], [0.1659722, 43.54405908], [0.16569384, 43.54410673], [0.16542484, 43.54416542], [0.16527932, 43.54420483], [0.16505199, 43.54427182], [0.1647779, 43.54435829], [0.16456527, 43.54442836], [0.16452364, 43.54444438]]}, "properties": {"nature": "Route \u00e0 1 chauss\u00e9e", "prive": false, "acces_pieton": null, "acces_vehicule_leger": "Libre", "nom": "RTE DES CRETES", "source": "BDTOPO_V3:troncon_de_route (IGN, WFS data.geopf.fr)"}}, {"type": "Feature", "geometry": {"type": "LineString", "coordinates": [[0.16428076, 43.54437501], [0.16431325, 43.54424351], [0.16434262, 43.54404981], [0.16436471, 43.54382802], [0.16436202, 43.54368209], [0.16434838, 43.54353229], [0.16432961, 43.54341115], [0.16427993, 43.54313886], [0.16423589, 43.54292794], [0.16420253, 43.54275151], [0.16412191, 43.54232896], [0.16406344, 43.54210955], [0.1640353, 43.54202779]]}, "properties": {"nature": "Route \u00e0 1 chauss\u00e9e", "prive": false, "acces_pieton": null, "acces_vehicule_leger": "Libre", "nom": "COTE DE HAUBAN", "source": "BDTOPO_V3:troncon_de_route (IGN, WFS data.geopf.fr)"}}, {"type": "Feature", "geometry": {"type": "LineString", "coordinates": [[0.15011495, 43.54198807], [0.1502945, 43.54221066], [0.1504573, 43.5423968], [0.15058943, 43.54255242], [0.15081146, 43.54276713], [0.15100404, 43.54297655], [0.15119628, 43.54316797], [0.15143465, 43.5433777], [0.15165131, 43.54357605], [0.15177729, 43.54368109], [0.15190482, 43.54377987], [0.15199442, 43.54382004], [0.1521127, 43.54388076], [0.15235413, 43.54397893], [0.15262607, 43.544086], [0.15296509, 43.54421284], [0.15330898, 43.54434161], [0.15386694, 43.54454621], [0.15446441, 43.54477795], [0.15497742, 43.54501558]]}, "properties": {"nature": "Chemin", "prive": false, "acces_pieton": "Libre", "acces_vehicule_leger": "Libre", "nom": null, "source": "BDTOPO_V3:troncon_de_route (IGN, WFS data.geopf.fr)"}}, {"type": "Feature", "geometry": {"type": "LineString", "coordinates": [[0.14755046, 43.54330987], [0.14759774, 43.54323008], [0.1476615, 43.54314263], [0.14771576, 43.54304682], [0.14777533, 43.54294395], [0.14783608, 43.54286722], [0.14790851, 43.5428043], [0.14820212, 43.54264906], [0.14842476, 43.54255227], [0.14889148, 43.54237547], [0.14930717, 43.54225405], [0.14964842, 43.54216128], [0.1500404, 43.54204373], [0.1500948, 43.54201995], [0.15011495, 43.54198807]]}, "properties": {"nature": "Route \u00e0 1 chauss\u00e9e", "prive": false, "acces_pieton": null, "acces_vehicule_leger": "Libre", "nom": "IMP DE RIOU DE PEYRE", "source": "BDTOPO_V3:troncon_de_route (IGN, WFS data.geopf.fr)"}}, {"type": "Feature", "geometry": {"type": "LineString", "coordinates": [[0.14601829, 43.54562391], [0.14603269, 43.54553335], [0.14606894, 43.54545148], [0.14615318, 43.54530064], [0.14638956, 43.54497734], [0.14663659, 43.54471374], [0.14686156, 43.54449548], [0.14702641, 43.54434136], [0.14718253, 43.5441636], [0.14725891, 43.54407107], [0.14729589, 43.54402433], [0.14743627, 43.54373992], [0.14750054, 43.5434427], [0.14755046, 43.54330987]]}, "properties": {"nature": "Route \u00e0 1 chauss\u00e9e", "prive": false, "acces_pieton": null, "acces_vehicule_leger": "Libre", "nom": "COTE D'AMELIE", "source": "BDTOPO_V3:troncon_de_route (IGN, WFS data.geopf.fr)"}}, {"type": "Feature", "geometry": {"type": "LineString", "coordinates": [[0.14872961, 43.53960366], [0.14859254, 43.53969729], [0.14812825, 43.54007492], [0.14750596, 43.54059335], [0.1473611, 43.54071918], [0.14723079, 43.54085081], [0.14711108, 43.54099351], [0.14682125, 43.54139643], [0.14650289, 43.54182561], [0.14623396, 43.54218137], [0.14588077, 43.54266365], [0.14543259, 43.54326407], [0.14542066, 43.54327996]]}, "properties": {"nature": "Route \u00e0 1 chauss\u00e9e", "prive": false, "acces_pieton": null, "acces_vehicule_leger": "Libre", "nom": "RTE DE PLAISANCE", "source": "BDTOPO_V3:troncon_de_route (IGN, WFS data.geopf.fr)"}}, {"type": "Feature", "geometry": {"type": "LineString", "coordinates": [[0.14542066, 43.54327996], [0.14557658, 43.54328047], [0.14597492, 43.54325943], [0.1463805, 43.54324219], [0.14685132, 43.54323206], [0.14716043, 43.54323839], [0.14724889, 43.54325152], [0.14738577, 43.54328663], [0.14743481, 43.54329602], [0.1474963, 43.54330394], [0.14755046, 43.54330987]]}, "properties": {"nature": "Route \u00e0 1 chauss\u00e9e", "prive": false, "acces_pieton": null, "acces_vehicule_leger": "Libre", "nom": "", "source": "BDTOPO_V3:troncon_de_route (IGN, WFS data.geopf.fr)"}}, {"type": "Feature", "geometry": {"type": "LineString", "coordinates": [[0.18220083, 43.5608016], [0.18234527, 43.56073423], [0.18261415, 43.56060346], [0.18281847, 43.56050163], [0.18303282, 43.56039735], [0.18329852, 43.56030611], [0.18344628, 43.56027213], [0.18375243, 43.56021436], [0.18398629, 43.5601664], [0.18418107, 43.56013275], [0.18462584, 43.56005065], [0.18492598, 43.55998911], [0.18511012, 43.55994527], [0.18538527, 43.55986328], [0.18551491, 43.55981982]]}, "properties": {"nature": "Route \u00e0 1 chauss\u00e9e", "prive": false, "acces_pieton": null, "acces_vehicule_leger": "Libre", "nom": "Chemin de Cr\u00eate", "source": "BDTOPO_V3:troncon_de_route (IGN, WFS data.geopf.fr)"}}, {"type": "Feature", "geometry": {"type": "LineString", "coordinates": [[0.18551491, 43.55981982], [0.18560685, 43.55978799], [0.18569538, 43.55974978]]}, "properties": {"nature": "Route \u00e0 1 chauss\u00e9e", "prive": false, "acces_pieton": null, "acces_vehicule_leger": "Libre", "nom": null, "source": "BDTOPO_V3:troncon_de_route (IGN, WFS data.geopf.fr)"}}, {"type": "Feature", "geometry": {"type": "LineString", "coordinates": [[0.17548367, 43.55971048], [0.17550266, 43.55965156], [0.17552033, 43.55961961], [0.17555027, 43.55958978], [0.17557452, 43.5595751], [0.17559704, 43.55957028], [0.17563837, 43.55956056], [0.17570628, 43.55958933]]}, "properties": {"nature": "Route empierr\u00e9e", "prive": false, "acces_pieton": null, "acces_vehicule_leger": "Restreint aux ayants droit", "nom": "", "source": "BDTOPO_V3:troncon_de_route (IGN, WFS data.geopf.fr)"}}, {"type": "Feature", "geometry": {"type": "LineString", "coordinates": [[0.1746515, 43.55974014], [0.17473222, 43.55970983], [0.1747982, 43.55970255], [0.17522088, 43.55969194], [0.17539624, 43.55970101], [0.17548367, 43.55971048]]}, "properties": {"nature": "Route empierr\u00e9e", "prive": false, "acces_pieton": null, "acces_vehicule_leger": "Restreint aux ayants droit", "nom": "", "source": "BDTOPO_V3:troncon_de_route (IGN, WFS data.geopf.fr)"}}, {"type": "Feature", "geometry": {"type": "LineString", "coordinates": [[0.16952203, 43.57772278], [0.16950542, 43.57770795], [0.16942835, 43.57763841], [0.16942482, 43.57763472], [0.16919548, 43.57741356], [0.16900483, 43.57721142], [0.16876305, 43.57694132], [0.16856486, 43.57669126], [0.16852327, 43.57660554]]}, "properties": {"nature": "Route \u00e0 1 chauss\u00e9e", "prive": false, "acces_pieton": null, "acces_vehicule_leger": "Libre", "nom": "Route de Marciac", "source": "BDTOPO_V3:troncon_de_route (IGN, WFS data.geopf.fr)"}}, {"type": "Feature", "geometry": {"type": "LineString", "coordinates": [[0.16817054, 43.57512071], [0.16815518, 43.57525625], [0.16813784, 43.57535664], [0.16813915, 43.57545571], [0.16813772, 43.5755349], [0.16814468, 43.57561971], [0.16816718, 43.57571573], [0.16821724, 43.57585569], [0.16830508, 43.57610827], [0.16838958, 43.57630315], [0.16843143, 43.57640868], [0.16847148, 43.57650065], [0.16849845, 43.57655628], [0.16852327, 43.57660554]]}, "properties": {"nature": "Route \u00e0 1 chauss\u00e9e", "prive": false, "acces_pieton": null, "acces_vehicule_leger": "Libre", "nom": "Route de Marciac", "source": "BDTOPO_V3:troncon_de_route (IGN, WFS data.geopf.fr)"}}, {"type": "Feature", "geometry": {"type": "LineString", "coordinates": [[0.17929074, 43.57409213], [0.17915174, 43.5740228], [0.17905594, 43.57398159], [0.17883885, 43.57388862], [0.1785631, 43.57377972], [0.17825375, 43.57367444], [0.17797787, 43.57359344], [0.17778061, 43.5735505], [0.17763031, 43.57353489], [0.17747311, 43.57353351], [0.1772951, 43.57355229], [0.17697766, 43.57361156], [0.17677248, 43.57367915]]}, "properties": {"nature": "Route \u00e0 1 chauss\u00e9e", "prive": false, "acces_pieton": null, "acces_vehicule_leger": "Libre", "nom": "Route de Bassoues", "source": "BDTOPO_V3:troncon_de_route (IGN, WFS data.geopf.fr)"}}, {"type": "Feature", "geometry": {"type": "LineString", "coordinates": [[0.16960437, 43.5757019], [0.16928456, 43.57618514], [0.16925037, 43.57622566], [0.16922293, 43.57625465], [0.16918132, 43.57626978], [0.16893327, 43.57640286], [0.16864312, 43.57656095], [0.16852327, 43.57660554]]}, "properties": {"nature": "Route empierr\u00e9e", "prive": false, "acces_pieton": null, "acces_vehicule_leger": "Libre", "nom": "", "source": "BDTOPO_V3:troncon_de_route (IGN, WFS data.geopf.fr)"}}, {"type": "Feature", "geometry": {"type": "LineString", "coordinates": [[0.17677248, 43.57367915], [0.1766017, 43.57347573], [0.17634983, 43.57318378], [0.17624869, 43.57307491], [0.17622166, 43.5730454], [0.17621261, 43.57302806], [0.1762085, 43.57301084], [0.17621305, 43.57299386], [0.17624061, 43.57296216], [0.17657481, 43.57278899], [0.17700194, 43.572539], [0.17711833, 43.5724637], [0.17715706, 43.5724314], [0.17717429, 43.57240844], [0.17717761, 43.57239142], [0.1771769, 43.57235539], [0.17713274, 43.57222099], [0.17704544, 43.57200714], [0.17687173, 43.57188829], [0.17669507, 43.57172884], [0.17656364, 43.57160657], [0.17645151, 43.57151993], [0.1764118, 43.57147118], [0.17638433, 43.57142545], [0.17637674, 43.57140364], [0.17637272, 43.57135942]]}, "properties": {"nature": "Chemin", "prive": false, "acces_pieton": null, "acces_vehicule_leger": "Libre", "nom": "", "source": "BDTOPO_V3:troncon_de_route (IGN, WFS data.geopf.fr)"}}, {"type": "Feature", "geometry": {"type": "LineString", "coordinates": [[0.18540119, 43.57433355], [0.18545507, 43.57432055], [0.18552658, 43.5743269], [0.18557367, 43.57435153], [0.18561749, 43.57439228], [0.18566241, 43.57443576], [0.18569797, 43.57444298], [0.18582862, 43.57440496], [0.18622534, 43.57426939], [0.18629173, 43.574254], [0.18632124, 43.57425837], [0.18636422, 43.57429099]]}, "properties": {"nature": "Route empierr\u00e9e", "prive": false, "acces_pieton": null, "acces_vehicule_leger": "Libre", "nom": null, "source": "BDTOPO_V3:troncon_de_route (IGN, WFS data.geopf.fr)"}}, {"type": "Feature", "geometry": {"type": "LineString", "coordinates": [[0.18774026, 43.57372974], [0.18751165, 43.57382105], [0.18718706, 43.57395039], [0.18683438, 43.57409701], [0.18661302, 43.5741921], [0.18636422, 43.57429099]]}, "properties": {"nature": "Route \u00e0 1 chauss\u00e9e", "prive": false, "acces_pieton": null, "acces_vehicule_leger": "Libre", "nom": "Route de Bassoues", "source": "BDTOPO_V3:troncon_de_route (IGN, WFS data.geopf.fr)"}}, {"type": "Feature", "geometry": {"type": "LineString", "coordinates": [[0.16642792, 43.58119478], [0.16623036, 43.5814084], [0.16600969, 43.58163853], [0.1657892, 43.58183985], [0.1655018, 43.58211685], [0.16522701, 43.58236447], [0.16503595, 43.58252154], [0.16482146, 43.58270141], [0.16453859, 43.5828867], [0.16416423, 43.5830939], [0.16385204, 43.5832208], [0.16369687, 43.58327797]]}, "properties": {"nature": "Route \u00e0 1 chauss\u00e9e", "prive": false, "acces_pieton": null, "acces_vehicule_leger": "Libre", "nom": "Route du Village", "source": "BDTOPO_V3:troncon_de_route (IGN, WFS data.geopf.fr)"}}, {"type": "Feature", "geometry": {"type": "LineString", "coordinates": [[0.15386673, 43.5921889], [0.15388767, 43.59219125], [0.153919, 43.59218397], [0.15397429, 43.5921431], [0.15406456, 43.59204643], [0.15423138, 43.59180501], [0.15439614, 43.59160495], [0.15443951, 43.59155477], [0.15449131, 43.59150931], [0.15455672, 43.5914642], [0.15460246, 43.59144109], [0.15473566, 43.59137796], [0.1548909, 43.5913199], [0.15497013, 43.59129587], [0.15500252, 43.59129221], [0.15503331, 43.59129572]]}, "properties": {"nature": "Chemin", "prive": false, "acces_pieton": null, "acces_vehicule_leger": "Libre", "nom": "", "source": "BDTOPO_V3:troncon_de_route (IGN, WFS data.geopf.fr)"}}, {"type": "Feature", "geometry": {"type": "LineString", "coordinates": [[0.170761, 43.57954493], [0.17068011, 43.57960315], [0.17057871, 43.57970044], [0.17043636, 43.57982458], [0.1703533, 43.57990164]]}, "properties": {"nature": "Route empierr\u00e9e", "prive": false, "acces_pieton": null, "acces_vehicule_leger": "Libre", "nom": "", "source": "BDTOPO_V3:troncon_de_route (IGN, WFS data.geopf.fr)"}}, {"type": "Feature", "geometry": {"type": "LineString", "coordinates": [[0.16782464, 43.57931892], [0.16793997, 43.57936604], [0.16798869, 43.57938262], [0.16802539, 43.57939168], [0.16809841, 43.57939268], [0.16847301, 43.57935564], [0.16884496, 43.57932212], [0.16894568, 43.57931394], [0.16899891, 43.57931443], [0.16911641, 43.5793427], [0.16944314, 43.57942235], [0.16953692, 43.57945451], [0.16956951, 43.57947156], [0.16959637, 43.57950467], [0.16961306, 43.57954292], [0.16963143, 43.57957221], [0.16968734, 43.57961869], [0.17000223, 43.57998883], [0.17001804, 43.57999464], [0.17007145, 43.57999153], [0.17022465, 43.57994871], [0.1703533, 43.57990164]]}, "properties": {"nature": "Chemin", "prive": false, "acces_pieton": null, "acces_vehicule_leger": "Libre", "nom": null, "source": "BDTOPO_V3:troncon_de_route (IGN, WFS data.geopf.fr)"}}, {"type": "Feature", "geometry": {"type": "LineString", "coordinates": [[0.22424128, 43.59465604], [0.22428663, 43.59461488], [0.22433871, 43.5945883], [0.22439384, 43.59457531], [0.22444624, 43.59456764], [0.22449321, 43.59456975], [0.22453612, 43.59457895], [0.22457378, 43.59459431], [0.22463314, 43.59462194]]}, "properties": {"nature": "Route empierr\u00e9e", "prive": false, "acces_pieton": null, "acces_vehicule_leger": "Libre", "nom": "Chemin du bois de l'Etat", "source": "BDTOPO_V3:troncon_de_route (IGN, WFS data.geopf.fr)"}}, {"type": "Feature", "geometry": {"type": "LineString", "coordinates": [[0.21916745, 43.59536983], [0.21903281, 43.59528536], [0.2189173, 43.59521488], [0.21881516, 43.59517535], [0.21871313, 43.59515923], [0.2186186, 43.5951415], [0.21856964, 43.59512945], [0.2184893, 43.59512559], [0.21843434, 43.59513498], [0.21836935, 43.59514682], [0.21833671, 43.59515589], [0.21827831, 43.59518501], [0.21822751, 43.59521071], [0.21817667, 43.59523732], [0.21814407, 43.59524549], [0.21805403, 43.59526299], [0.21795585, 43.59526948], [0.21771932, 43.59526792], [0.21745623, 43.59525218], [0.21699406, 43.59520342], [0.21661411, 43.59514507], [0.21651746, 43.59512008], [0.21644927, 43.59509583], [0.2164045, 43.59507397], [0.21619895, 43.59494446], [0.21573148, 43.59459666], [0.2154398, 43.59435329], [0.21531449, 43.59420423], [0.21514158, 43.59396391], [0.21485529, 43.59363515], [0.21452914, 43.59328557], [0.21435036, 43.59311532], [0.21414387, 43.59292906], [0.21411332, 43.59289497], [0.21406949, 43.59282812], [0.21403286, 43.59274075], [0.21400366, 43.59260225], [0.21396267, 43.59247695], [0.21394522, 43.59240268]]}, "properties": {"nature": "Route empierr\u00e9e", "prive": false, "acces_pieton": null, "acces_vehicule_leger": "Libre", "nom": "Chemin du bois de l'Etat", "source": "BDTOPO_V3:troncon_de_route (IGN, WFS data.geopf.fr)"}}, {"type": "Feature", "geometry": {"type": "LineString", "coordinates": [[0.16031496, 43.59755629], [0.16032445, 43.59746471]]}, "properties": {"nature": "Route \u00e0 1 chauss\u00e9e", "prive": false, "acces_pieton": null, "acces_vehicule_leger": "Libre", "nom": "Chemin du Sentulet", "source": "BDTOPO_V3:troncon_de_route (IGN, WFS data.geopf.fr)"}}, {"type": "Feature", "geometry": {"type": "LineString", "coordinates": [[0.19193804, 43.60468178], [0.19183677, 43.60457382], [0.19166114, 43.60431449], [0.19117082, 43.60382733], [0.19100768, 43.60366735]]}, "properties": {"nature": "Chemin", "prive": false, "acces_pieton": "Libre", "acces_vehicule_leger": "Libre", "nom": null, "source": "BDTOPO_V3:troncon_de_route (IGN, WFS data.geopf.fr)"}}, {"type": "Feature", "geometry": {"type": "LineString", "coordinates": [[0.19229607, 43.60549234], [0.19235787, 43.60534358], [0.19238477, 43.60527495]]}, "properties": {"nature": "Route \u00e0 1 chauss\u00e9e", "prive": false, "acces_pieton": null, "acces_vehicule_leger": "Libre", "nom": "Route de Bassoues", "source": "BDTOPO_V3:troncon_de_route (IGN, WFS data.geopf.fr)"}}, {"type": "Feature", "geometry": {"type": "LineString", "coordinates": [[0.20326863, 43.58521557], [0.2032704, 43.58510308], [0.20327246, 43.58506082], [0.20327583, 43.58486464], [0.20328734, 43.58457773], [0.20332135, 43.58410864], [0.20334599, 43.58385719], [0.20339697, 43.58339574], [0.2034136, 43.5832071], [0.20344809, 43.58285506], [0.20345965, 43.5826942], [0.2034511, 43.58251392], [0.20343576, 43.58237127], [0.20339531, 43.58218476], [0.20335819, 43.58205686], [0.20331127, 43.58192691], [0.20325146, 43.58180743], [0.20315881, 43.58165019], [0.20312171, 43.5815727]]}, "properties": {"nature": "Route \u00e0 1 chauss\u00e9e", "prive": false, "acces_pieton": null, "acces_vehicule_leger": "Libre", "nom": "Route de C\u00e9sar", "source": "BDTOPO_V3:troncon_de_route (IGN, WFS data.geopf.fr)"}}, {"type": "Feature", "geometry": {"type": "LineString", "coordinates": [[0.19502871, 43.60076686], [0.19492602, 43.60078942], [0.19468886, 43.60082561], [0.19437357, 43.60088859], [0.19399351, 43.60098411], [0.19363732, 43.60109825], [0.19328149, 43.60128083], [0.19319184, 43.60131543], [0.19289122, 43.60135717], [0.19252471, 43.60140352], [0.19217319, 43.60149797], [0.1919086, 43.60158837], [0.19185411, 43.60161307], [0.19156182, 43.60178828], [0.19129931, 43.60193725], [0.19119931, 43.60198058], [0.19107493, 43.60204129], [0.19096202, 43.60206988], [0.19064876, 43.6021167], [0.19051182, 43.60215547], [0.1903378, 43.60221759], [0.19021421, 43.60228732], [0.19002178, 43.6024219], [0.1898981, 43.60254384], [0.18983245, 43.60264478], [0.18974056, 43.60280087], [0.18972138, 43.60283818], [0.18971564, 43.60285424], [0.18969757, 43.60286908], [0.18964896, 43.60290023], [0.18927896, 43.60304282], [0.18909483, 43.60310918], [0.18900357, 43.60315093]]}, "properties": {"nature": "Route \u00e0 1 chauss\u00e9e", "prive": false, "acces_pieton": null, "acces_vehicule_leger": "Libre", "nom": "Impasse des Tulipes", "source": "BDTOPO_V3:troncon_de_route (IGN, WFS data.geopf.fr)"}}, {"type": "Feature", "geometry": {"type": "LineString", "coordinates": [[0.16039757, 43.56052686], [0.16039432, 43.56034221], [0.16030581, 43.55990414], [0.16010584, 43.55864116], [0.15995342, 43.55764322], [0.15981587, 43.55669519]]}, "properties": {"nature": "Chemin", "prive": false, "acces_pieton": null, "acces_vehicule_leger": "Libre", "nom": null, "source": "BDTOPO_V3:troncon_de_route (IGN, WFS data.geopf.fr)"}}, {"type": "Feature", "geometry": {"type": "LineString", "coordinates": [[0.20312171, 43.5815727], [0.20283706, 43.58161939], [0.20263144, 43.5816456], [0.20245342, 43.58166443], [0.2023019, 43.58167313], [0.20223246, 43.58167494], [0.20218055, 43.5816727], [0.20213734, 43.58166979], [0.20207722, 43.58165833], [0.20200017, 43.58163834], [0.20175836, 43.58154298], [0.20158477, 43.58147098], [0.20124227, 43.5813073], [0.20114078, 43.58125516], [0.20109412, 43.58122155], [0.2010619, 43.58119641], [0.20101507, 43.58116639], [0.20095599, 43.58113336], [0.2007772, 43.58106663], [0.20070991, 43.58104959]]}, "properties": {"nature": "Route \u00e0 1 chauss\u00e9e", "prive": false, "acces_pieton": null, "acces_vehicule_leger": "Libre", "nom": "Impasse de Barrotes", "source": "BDTOPO_V3:troncon_de_route (IGN, WFS data.geopf.fr)"}}, {"type": "Feature", "geometry": {"type": "LineString", "coordinates": [[0.15682504, 43.57746304], [0.15673195, 43.57761726], [0.15668051, 43.57765553], [0.15666916, 43.57765973], [0.15664115, 43.57767521], [0.15649056, 43.57769017], [0.15636952, 43.57770861], [0.15605972, 43.57773741], [0.15587194, 43.57775319], [0.15582494, 43.57775196], [0.15578581, 43.57774193]]}, "properties": {"nature": "Route empierr\u00e9e", "prive": false, "acces_pieton": null, "acces_vehicule_leger": "Libre", "nom": "Impasse de Bouillon", "source": "BDTOPO_V3:troncon_de_route (IGN, WFS data.geopf.fr)"}}, {"type": "Feature", "geometry": {"type": "LineString", "coordinates": [[0.17454805, 43.55691226], [0.17569722, 43.55645241], [0.17588891, 43.55638087], [0.17628425, 43.5562462], [0.17687458, 43.5560734], [0.17738759, 43.55593729], [0.17808857, 43.55577996], [0.17884165, 43.55559516]]}, "properties": {"nature": "Chemin", "prive": false, "acces_pieton": null, "acces_vehicule_leger": "Libre", "nom": null, "source": "BDTOPO_V3:troncon_de_route (IGN, WFS data.geopf.fr)"}}, {"type": "Feature", "geometry": {"type": "LineString", "coordinates": [[0.19589303, 43.57436918], [0.19589665, 43.57452323], [0.19595687, 43.57511539], [0.19599507, 43.57524602], [0.19600686, 43.57525803], [0.19611091, 43.57535885], [0.1963485, 43.57551444], [0.19667059, 43.57566411], [0.19678685, 43.57566711], [0.1969997, 43.57564469], [0.19723281, 43.57553727], [0.197306, 43.57553466], [0.19740795, 43.57570385], [0.19768421, 43.57620886], [0.19790417, 43.57649723], [0.1980043, 43.57662766]]}, "properties": {"nature": "Chemin", "prive": false, "acces_pieton": null, "acces_vehicule_leger": "Libre", "nom": null, "source": "BDTOPO_V3:troncon_de_route (IGN, WFS data.geopf.fr)"}}, {"type": "Feature", "geometry": {"type": "LineString", "coordinates": [[0.19924856, 43.57391921], [0.19877401, 43.57410233], [0.19860169, 43.57418252], [0.19853721, 43.57420966], [0.19843284, 43.57424208], [0.19803601, 43.57432998], [0.19787228, 43.57436086], [0.19767904, 43.57438739], [0.19750466, 43.57440809], [0.19725471, 43.57442955], [0.19703987, 43.57444201], [0.19691342, 43.57444505], [0.19671068, 43.57443801], [0.19643651, 43.57442283], [0.19620333, 43.5744051], [0.19604675, 43.57439115], [0.19589303, 43.57436918]]}, "properties": {"nature": "Route \u00e0 1 chauss\u00e9e", "prive": false, "acces_pieton": null, "acces_vehicule_leger": "Libre", "nom": "Route de Bassoues", "source": "BDTOPO_V3:troncon_de_route (IGN, WFS data.geopf.fr)"}}, {"type": "Feature", "geometry": {"type": "LineString", "coordinates": [[0.16170139, 43.57524527], [0.16164602, 43.57518801], [0.16155617, 43.57507672], [0.16150218, 43.57496637], [0.1614596, 43.57485091], [0.1614458, 43.57477942], [0.16144529, 43.57471459], [0.1614456, 43.57458315], [0.1614678, 43.5745099], [0.16147979, 43.57444269], [0.16148176, 43.57437792], [0.16148015, 43.57431035], [0.16147151, 43.5742345], [0.16145026, 43.5741385], [0.16139537, 43.57397141], [0.1613286, 43.5737941], [0.16127793, 43.57369194], [0.1612598, 43.57363294], [0.16122613, 43.57353753], [0.16120972, 43.57346867], [0.16119924, 43.57338017], [0.16120393, 43.57323534], [0.16121028, 43.57313196], [0.16122741, 43.57303608], [0.16136303, 43.57257235], [0.16146831, 43.57224649], [0.1614894, 43.57217051], [0.16151235, 43.57210719], [0.16151537, 43.57204604], [0.16151942, 43.57196422]]}, "properties": {"nature": "Route \u00e0 1 chauss\u00e9e", "prive": false, "acces_pieton": null, "acces_vehicule_leger": "Libre", "nom": "impasse de Guilhembordes", "source": "BDTOPO_V3:troncon_de_route (IGN, WFS data.geopf.fr)"}}, {"type": "Feature", "geometry": {"type": "LineString", "coordinates": [[0.18572746, 43.5643476], [0.18559064, 43.56425942], [0.18532216, 43.56402828], [0.18520813, 43.56392989], [0.185074, 43.56383728], [0.18476154, 43.5635942], [0.18443067, 43.56334793], [0.18410863, 43.56309829], [0.18386424, 43.5629317], [0.18373776, 43.56285999], [0.18356711, 43.56277994], [0.18350034, 43.562753], [0.18334132, 43.56268855], [0.183085, 43.56261347], [0.18296409, 43.56257973], [0.18274814, 43.5625147], [0.18261495, 43.56245362], [0.18251343, 43.56240327], [0.18233166, 43.56229772], [0.18212256, 43.56216895], [0.18199506, 43.56209271], [0.18188347, 43.56202049], [0.18179351, 43.56196143], [0.18166465, 43.56188786], [0.18163559, 43.5618745], [0.18160353, 43.56187187], [0.18156878, 43.56187367]]}, "properties": {"nature": "Route \u00e0 1 chauss\u00e9e", "prive": false, "acces_pieton": null, "acces_vehicule_leger": "Libre", "nom": "Chemin de la Mairie", "source": "BDTOPO_V3:troncon_de_route (IGN, WFS data.geopf.fr)"}}, {"type": "Feature", "geometry": {"type": "LineString", "coordinates": [[0.196153, 43.56471464], [0.19614776, 43.56477122], [0.19614683, 43.56494226], [0.19615684, 43.56504155], [0.19618981, 43.56515224], [0.1961387, 43.56526076], [0.19604281, 43.56537352], [0.19594903, 43.56544312], [0.1958098, 43.56550525], [0.19566473, 43.56553481], [0.19552602, 43.56558615]]}, "properties": {"nature": "Chemin", "prive": false, "acces_pieton": null, "acces_vehicule_leger": "Libre", "nom": "", "source": "BDTOPO_V3:troncon_de_route (IGN, WFS data.geopf.fr)"}}, {"type": "Feature", "geometry": {"type": "LineString", "coordinates": [[0.196153, 43.56471464], [0.19619699, 43.56472658], [0.19625869, 43.56473088], [0.19632329, 43.56472624], [0.19638869, 43.56470542], [0.19654788, 43.56464021], [0.19660219, 43.56461821], [0.19668168, 43.56458785], [0.19684082, 43.56452353], [0.19693488, 43.56449895], [0.19707059, 43.56448355], [0.19720409, 43.5644879], [0.19734193, 43.56450496], [0.19749323, 43.56452508], [0.19774449, 43.56457748], [0.19808283, 43.56464653], [0.19827203, 43.56467663], [0.19835444, 43.56468776], [0.19846582, 43.56468883], [0.19884597, 43.56468784], [0.19901428, 43.56468948], [0.19917215, 43.56467645], [0.19926211, 43.56465986], [0.19935228, 43.56463878], [0.19942951, 43.56460386], [0.19943582, 43.56460132], [0.19970888, 43.56448593], [0.19998318, 43.56437056], [0.20024225, 43.5642629], [0.20048687, 43.56417198], [0.20065639, 43.56409803], [0.20078413, 43.5640428], [0.20090842, 43.56398208], [0.20100428, 43.56392063], [0.20111364, 43.56383612], [0.20124568, 43.56371799], [0.20139053, 43.56359118], [0.20148872, 43.56350728], [0.20158898, 43.56343154], [0.20163344, 43.56340838], [0.20172052, 43.56337461], [0.20172802, 43.563373]]}, "properties": {"nature": "Route \u00e0 1 chauss\u00e9e", "prive": false, "acces_pieton": null, "acces_vehicule_leger": "Libre", "nom": "CHE D'ARMOUS", "source": "BDTOPO_V3:troncon_de_route (IGN, WFS data.geopf.fr)"}}, {"type": "Feature", "geometry": {"type": "LineString", "coordinates": [[0.20826761, 43.54990726], [0.20866121, 43.55082399], [0.2088584, 43.55129991], [0.20923002, 43.55244024]]}, "properties": {"nature": "Chemin", "prive": false, "acces_pieton": null, "acces_vehicule_leger": "Libre", "nom": "", "source": "BDTOPO_V3:troncon_de_route (IGN, WFS data.geopf.fr)"}}, {"type": "Feature", "geometry": {"type": "LineString", "coordinates": [[0.19229245, 43.55335291], [0.19238658, 43.55332653], [0.19265674, 43.5532696], [0.19296894, 43.55321375], [0.19309773, 43.55318737], [0.19317425, 43.55316684], [0.19328869, 43.55313019], [0.19343491, 43.55307635], [0.19371116, 43.55299617], [0.19401033, 43.55292828], [0.19428482, 43.55285885], [0.19445272, 43.55281727], [0.19465065, 43.55276927], [0.19483621, 43.55272095], [0.19497604, 43.55269666], [0.19515309, 43.55267062], [0.19526916, 43.55265112], [0.19542669, 43.55261917], [0.19552236, 43.55258654], [0.19564739, 43.55253575], [0.19582575, 43.55245753], [0.19598777, 43.55238429], [0.19607161, 43.55234054], [0.19616767, 43.5522746], [0.19626267, 43.55220503], [0.19653821, 43.55198707], [0.19675186, 43.55181973], [0.19690954, 43.55170857], [0.19708974, 43.55159258], [0.1972921, 43.55147897], [0.19925983, 43.55062497], [0.19943813, 43.55052244], [0.19950924, 43.55048556], [0.19961382, 43.55042254], [0.19974343, 43.55035386], [0.20002467, 43.55022157], [0.20035253, 43.55007247], [0.20055718, 43.54996252], [0.20071477, 43.54987835], [0.20105896, 43.54972428], [0.20136003, 43.5496168], [0.20159869, 43.54954553], [0.2017864, 43.54950356], [0.20190741, 43.54948417], [0.20201549, 43.54947615], [0.20211227, 43.54947145], [0.20229987, 43.54948258], [0.20239201, 43.54949666], [0.20254872, 43.54953221], [0.20266838, 43.54956591], [0.20279149, 43.54960509], [0.20307903, 43.54969893], [0.20332132, 43.5497817], [0.20357964, 43.54986579], [0.20374527, 43.54992137], [0.203869, 43.54997318], [0.20397316, 43.54999477], [0.20408292, 43.55000299], [0.20423759, 43.55000428], [0.20462139, 43.55000246], [0.20481186, 43.55000557], [0.20510437, 43.55002301], [0.20540685, 43.5500389], [0.20556774, 43.55003944], [0.20566571, 43.55003566], [0.20584836, 43.55002146], [0.20601246, 43.55000678], [0.20637882, 43.549982], [0.20677913, 43.54997159], [0.20729017, 43.54994964], [0.20782854, 43.54992568], [0.20826761, 43.54990726]]}, "properties": {"nature": "Route \u00e0 1 chauss\u00e9e", "prive": false, "acces_pieton": null, "acces_vehicule_leger": "Libre", "nom": null, "source": "BDTOPO_V3:troncon_de_route (IGN, WFS data.geopf.fr)"}}, {"type": "Feature", "geometry": {"type": "LineString", "coordinates": [[0.20070991, 43.58104959], [0.20065809, 43.58104555], [0.20059347, 43.58105019], [0.20055388, 43.58104917], [0.20051585, 43.58104188], [0.20041472, 43.58100776], [0.2003553, 43.58098192], [0.20027488, 43.58092943], [0.20017838, 43.58087653], [0.20011639, 43.58082721], [0.20005771, 43.58078608], [0.19997036, 43.58072351], [0.19976685, 43.58060482], [0.19962767, 43.580513], [0.19956824, 43.58046195]]}, "properties": {"nature": "Route empierr\u00e9e", "prive": false, "acces_pieton": null, "acces_vehicule_leger": "Libre", "nom": "", "source": "BDTOPO_V3:troncon_de_route (IGN, WFS data.geopf.fr)"}}, {"type": "Feature", "geometry": {"type": "LineString", "coordinates": [[0.19806065, 43.57671645], [0.1980043, 43.57662766]]}, "properties": {"nature": "Chemin", "prive": false, "acces_pieton": null, "acces_vehicule_leger": "Libre", "nom": "", "source": "BDTOPO_V3:troncon_de_route (IGN, WFS data.geopf.fr)"}}, {"type": "Feature", "geometry": {"type": "LineString", "coordinates": [[0.19846161, 43.57867508], [0.19827421, 43.57817597], [0.1981899, 43.57807656], [0.19810344, 43.57802121], [0.19792771, 43.57796806], [0.19762616, 43.57787925], [0.19755061, 43.57782868], [0.19752669, 43.57773533], [0.19757771, 43.5776034], [0.1977188, 43.57745309], [0.19799001, 43.57712337], [0.19811642, 43.57694387], [0.19812628, 43.57684329], [0.19806065, 43.57671645]]}, "properties": {"nature": "Chemin", "prive": false, "acces_pieton": "Libre", "acces_vehicule_leger": "Libre", "nom": null, "source": "BDTOPO_V3:troncon_de_route (IGN, WFS data.geopf.fr)"}}, {"type": "Feature", "geometry": {"type": "LineString", "coordinates": [[0.21488967, 43.56705524], [0.21517467, 43.56715258], [0.21563466, 43.56747138], [0.21593227, 43.56758975], [0.21637089, 43.56771084], [0.2169052, 43.56785058], [0.21749082, 43.56805556], [0.2178099, 43.56816547], [0.21861357, 43.5685723]]}, "properties": {"nature": "Chemin", "prive": false, "acces_pieton": null, "acces_vehicule_leger": "Libre", "nom": "", "source": "BDTOPO_V3:troncon_de_route (IGN, WFS data.geopf.fr)"}}, {"type": "Feature", "geometry": {"type": "LineString", "coordinates": [[0.21340582, 43.56938676], [0.21339258, 43.5693279], [0.21339743, 43.56922809], [0.21340575, 43.56918419], [0.21341249, 43.56914745], [0.21349245, 43.56895413], [0.21361915, 43.5686909], [0.21380433, 43.56844716], [0.21390244, 43.56833895], [0.21407187, 43.56819024], [0.21429109, 43.56801041], [0.21437125, 43.56794044], [0.21451639, 43.56780732], [0.21460545, 43.56770697], [0.21466912, 43.56759426], [0.2147506, 43.567446], [0.2148281, 43.56727783], [0.21487574, 43.5671125], [0.21488967, 43.56705524]]}, "properties": {"nature": "Route \u00e0 1 chauss\u00e9e", "prive": false, "acces_pieton": null, "acces_vehicule_leger": "Libre", "nom": "RTE DE PEBIDAU", "source": "BDTOPO_V3:troncon_de_route (IGN, WFS data.geopf.fr)"}}, {"type": "Feature", "geometry": {"type": "LineString", "coordinates": [[0.21617558, 43.55169943], [0.21750588, 43.55168133], [0.2186547, 43.551781], [0.21964255, 43.55188194], [0.22053238, 43.55203888], [0.22109571, 43.55221536]]}, "properties": {"nature": "Chemin", "prive": false, "acces_pieton": null, "acces_vehicule_leger": "Libre", "nom": "", "source": "BDTOPO_V3:troncon_de_route (IGN, WFS data.geopf.fr)"}}, {"type": "Feature", "geometry": {"type": "LineString", "coordinates": [[0.22484802, 43.55932465], [0.22485359, 43.55938872], [0.22493443, 43.55948351], [0.22515911, 43.55977825], [0.22515507, 43.55986188], [0.22525159, 43.55996518]]}, "properties": {"nature": "Chemin", "prive": false, "acces_pieton": null, "acces_vehicule_leger": "Libre", "nom": "", "source": "BDTOPO_V3:troncon_de_route (IGN, WFS data.geopf.fr)"}}, {"type": "Feature", "geometry": {"type": "LineString", "coordinates": [[0.22063943, 43.56138398], [0.22087862, 43.56135319], [0.22105484, 43.56131899], [0.22119021, 43.56128464], [0.22132244, 43.56123851], [0.22143709, 43.56119733], [0.22167089, 43.56109888], [0.22181896, 43.56103245], [0.22198741, 43.56095393], [0.22212628, 43.56087286], [0.22229004, 43.56076361], [0.22245824, 43.56063917], [0.22273051, 43.56043637], [0.2230771, 43.56018145], [0.22329056, 43.56004287], [0.22359102, 43.5598714], [0.22385542, 43.55972871], [0.22409718, 43.55959355], [0.22430565, 43.55948094], [0.22444603, 43.55941971], [0.22455675, 43.55938293], [0.22467728, 43.5593482], [0.2247983, 43.55932878], [0.22484802, 43.55932465]]}, "properties": {"nature": "Route \u00e0 1 chauss\u00e9e", "prive": false, "acces_pieton": null, "acces_vehicule_leger": "Libre", "nom": "RTE DE PEBIDAU", "source": "BDTOPO_V3:troncon_de_route (IGN, WFS data.geopf.fr)"}}, {"type": "Feature", "geometry": {"type": "LineString", "coordinates": [[0.22525312, 43.56011286], [0.22525186, 43.56008762], [0.22524794, 43.55998939], [0.22525159, 43.55996518]]}, "properties": {"nature": "Route \u00e0 1 chauss\u00e9e", "prive": false, "acces_pieton": null, "acces_vehicule_leger": "Libre", "nom": "GRAND ROUTE", "source": "BDTOPO_V3:troncon_de_route (IGN, WFS data.geopf.fr)"}}, {"type": "Feature", "geometry": {"type": "LineString", "coordinates": [[0.22895193, 43.57476248], [0.22903117, 43.5747627], [0.22920564, 43.57476535], [0.22930252, 43.57478493], [0.22938489, 43.57482304], [0.22944399, 43.57488127], [0.22945465, 43.57489145], [0.22949268, 43.57495004], [0.2295151, 43.57502443], [0.22951718, 43.57513522], [0.22949946, 43.5755021], [0.22950133, 43.5756687], [0.22951343, 43.57572573], [0.22956141, 43.5758863], [0.2296398, 43.57608367], [0.22972993, 43.57626873], [0.22978733, 43.57633682], [0.22982078, 43.57636198], [0.22994254, 43.57643081], [0.2300754, 43.57647471], [0.23027244, 43.57652295], [0.23045912, 43.57658083], [0.23051339, 43.57661103], [0.23055826, 43.57665629], [0.23058944, 43.576703], [0.23060567, 43.57672592], [0.23060289, 43.57678347], [0.23058575, 43.57683075], [0.2304683, 43.5769808], [0.23035238, 43.5771246], [0.23026165, 43.57728524], [0.23024028, 43.57734321], [0.23024388, 43.57742253], [0.23025842, 43.57748052], [0.23030375, 43.577542], [0.23035847, 43.57758841], [0.23044258, 43.57764187], [0.23056937, 43.57770903], [0.23082004, 43.57780095], [0.23100971, 43.5778481], [0.23125893, 43.57789317], [0.23155146, 43.57791323], [0.23179193, 43.57790856], [0.23212293, 43.57787559], [0.23239426, 43.57784739], [0.23260292, 43.5778347], [0.23271547, 43.57783757], [0.23283356, 43.57785409], [0.23287023, 43.57786403]]}, "properties": {"nature": "Route \u00e0 1 chauss\u00e9e", "prive": false, "acces_pieton": null, "acces_vehicule_leger": "Libre", "nom": "RTE DE BEAUMARCHES", "source": "BDTOPO_V3:troncon_de_route (IGN, WFS data.geopf.fr)"}}, {"type": "Feature", "geometry": {"type": "LineString", "coordinates": [[0.15590517, 43.57993107], [0.155965, 43.57979849], [0.15601483, 43.57969266], [0.15603768, 43.5795564], [0.15602452, 43.57914731], [0.15600251, 43.57856692], [0.15599582, 43.57850192], [0.1558968, 43.57837598], [0.15586464, 43.5782752], [0.15578581, 43.57774193]]}, "properties": {"nature": "Chemin", "prive": false, "acces_pieton": null, "acces_vehicule_leger": "Libre", "nom": null, "source": "BDTOPO_V3:troncon_de_route (IGN, WFS data.geopf.fr)"}}, {"type": "Feature", "geometry": {"type": "LineString", "coordinates": [[0.15612829, 43.55741341], [0.15614731, 43.55722934], [0.15618499, 43.55689361], [0.15621642, 43.55660903]]}, "properties": {"nature": "Route empierr\u00e9e", "prive": false, "acces_pieton": null, "acces_vehicule_leger": "Libre", "nom": "", "source": "BDTOPO_V3:troncon_de_route (IGN, WFS data.geopf.fr)"}}, {"type": "Feature", "geometry": {"type": "LineString", "coordinates": [[0.15621642, 43.55660903], [0.156227, 43.55654539], [0.15623507, 43.55648257]]}, "properties": {"nature": "Chemin", "prive": false, "acces_pieton": null, "acces_vehicule_leger": "Libre", "nom": "", "source": "BDTOPO_V3:troncon_de_route (IGN, WFS data.geopf.fr)"}}, {"type": "Feature", "geometry": {"type": "LineString", "coordinates": [[0.17181383, 43.55775757], [0.17202972, 43.55774789], [0.17228341, 43.55769958], [0.17276981, 43.55760151], [0.17320178, 43.55745251], [0.17355192, 43.55728066], [0.17410214, 43.55706811], [0.17454805, 43.55691226]]}, "properties": {"nature": "Route \u00e0 1 chauss\u00e9e", "prive": false, "acces_pieton": null, "acces_vehicule_leger": "Libre", "nom": "Impasse du Bezin", "source": "BDTOPO_V3:troncon_de_route (IGN, WFS data.geopf.fr)"}}, {"type": "Feature", "geometry": {"type": "LineString", "coordinates": [[0.18360631, 43.55519404], [0.18387748, 43.55547027], [0.18420976, 43.55568686], [0.18454614, 43.55581983], [0.18494628, 43.55578879], [0.18592876, 43.55554508], [0.18691027, 43.55532114], [0.18714181, 43.55524432], [0.18731648, 43.55516601], [0.18737414, 43.55510089]]}, "properties": {"nature": "Chemin", "prive": false, "acces_pieton": null, "acces_vehicule_leger": "Libre", "nom": null, "source": "BDTOPO_V3:troncon_de_route (IGN, WFS data.geopf.fr)"}}, {"type": "Feature", "geometry": {"type": "LineString", "coordinates": [[0.184838, 43.55019688], [0.18483403, 43.55020218], [0.18483478, 43.55023731], [0.18484741, 43.55025745], [0.18494772, 43.55033207], [0.18520125, 43.55051331], [0.18540511, 43.55064734], [0.18563546, 43.55079646], [0.18586034, 43.55095625], [0.18602473, 43.55108745], [0.18615009, 43.55120684]]}, "properties": {"nature": "Route \u00e0 1 chauss\u00e9e", "prive": false, "acces_pieton": null, "acces_vehicule_leger": "Libre", "nom": "CHE DE BOURRASSOT", "source": "BDTOPO_V3:troncon_de_route (IGN, WFS data.geopf.fr)"}}, {"type": "Feature", "geometry": {"type": "LineString", "coordinates": [[0.18615009, 43.55120684], [0.18620594, 43.55125421], [0.18631147, 43.55129836]]}, "properties": {"nature": "Route \u00e0 1 chauss\u00e9e", "prive": false, "acces_pieton": null, "acces_vehicule_leger": "Libre", "nom": "CHE DE BOURRASSOT", "source": "BDTOPO_V3:troncon_de_route (IGN, WFS data.geopf.fr)"}}, {"type": "Feature", "geometry": {"type": "LineString", "coordinates": [[0.19238714, 43.55706101], [0.19251943, 43.55729221], [0.19239226, 43.5575383], [0.19215566, 43.55771855], [0.19197791, 43.5578598], [0.19226741, 43.55834445], [0.19306614, 43.55836511], [0.19357802, 43.55837835], [0.19386059, 43.55844778], [0.19409976, 43.55846836]]}, "properties": {"nature": "Chemin", "prive": false, "acces_pieton": null, "acces_vehicule_leger": "Libre", "nom": null, "source": "BDTOPO_V3:troncon_de_route (IGN, WFS data.geopf.fr)"}}, {"type": "Feature", "geometry": {"type": "LineString", "coordinates": [[0.19594048, 43.55733113], [0.19619125, 43.55749427], [0.19626959, 43.5575377], [0.19632312, 43.55755709], [0.19649909, 43.55760395], [0.19666517, 43.55762535], [0.19684534, 43.5576372], [0.19697445, 43.55762974], [0.19701167, 43.557628], [0.19720253, 43.55764913], [0.19751335, 43.55767246], [0.19782573, 43.55771474], [0.19803663, 43.55773099], [0.19819467, 43.55773957]]}, "properties": {"nature": "Route \u00e0 1 chauss\u00e9e", "prive": false, "acces_pieton": null, "acces_vehicule_leger": "Libre", "nom": "CHE DE MALLAPET", "source": "BDTOPO_V3:troncon_de_route (IGN, WFS data.geopf.fr)"}}, {"type": "Feature", "geometry": {"type": "LineString", "coordinates": [[0.19495585, 43.55647921], [0.19483029, 43.55638864]]}, "properties": {"nature": "Route \u00e0 1 chauss\u00e9e", "prive": false, "acces_pieton": null, "acces_vehicule_leger": "Libre", "nom": "CHE DE MALLAPET", "source": "BDTOPO_V3:troncon_de_route (IGN, WFS data.geopf.fr)"}}, {"type": "Feature", "geometry": {"type": "LineString", "coordinates": [[0.19594048, 43.55733113], [0.19583426, 43.55725006], [0.19572425, 43.5571707], [0.19563852, 43.55710096], [0.1954335, 43.5569138], [0.19527963, 43.55676937], [0.19510318, 43.55660546], [0.19495585, 43.55647921]]}, "properties": {"nature": "Route \u00e0 1 chauss\u00e9e", "prive": false, "acces_pieton": null, "acces_vehicule_leger": "Libre", "nom": "CHE DE MALLAPET", "source": "BDTOPO_V3:troncon_de_route (IGN, WFS data.geopf.fr)"}}, {"type": "Feature", "geometry": {"type": "LineString", "coordinates": [[0.1858316, 43.56442052], [0.18576928, 43.56437839], [0.18572746, 43.5643476]]}, "properties": {"nature": "Route \u00e0 1 chauss\u00e9e", "prive": false, "acces_pieton": null, "acces_vehicule_leger": "Libre", "nom": "Chemin de la Mairie", "source": "BDTOPO_V3:troncon_de_route (IGN, WFS data.geopf.fr)"}}, {"type": "Feature", "geometry": {"type": "LineString", "coordinates": [[0.19139747, 43.57169607], [0.19139402, 43.57166537], [0.19137639, 43.57159559], [0.19131581, 43.57149228], [0.191226, 43.57137922], [0.19107125, 43.57120146], [0.19091708, 43.57103721], [0.19080129, 43.57089827], [0.19066939, 43.57075981], [0.19049451, 43.57061393], [0.19037427, 43.57054059], [0.19026539, 43.57048826], [0.19008739, 43.57040622], [0.1898547, 43.57030297], [0.18974529, 43.57026142], [0.18957445, 43.57021018], [0.18931214, 43.57015567], [0.18918197, 43.5701334], [0.18899019, 43.57007981], [0.1888799, 43.57003104], [0.18868596, 43.56994589], [0.18852585, 43.56987782], [0.18832161, 43.5697753], [0.18808809, 43.56966391], [0.18780011, 43.56952681], [0.18751478, 43.56936096], [0.18721685, 43.56914887], [0.18701615, 43.56899962], [0.18682468, 43.56886411], [0.18670197, 43.5687655], [0.18662742, 43.56869514], [0.18653081, 43.56851887], [0.18646283, 43.56836496], [0.18640107, 43.5681851], [0.18639351, 43.56816239], [0.18633966, 43.56802325], [0.18628797, 43.56786525], [0.18628019, 43.56777142], [0.18628746, 43.56759785], [0.18630247, 43.5674938], [0.18630913, 43.56738323], [0.18631195, 43.56730048], [0.18630439, 43.56722736], [0.18627757, 43.56714293], [0.18623804, 43.56701496], [0.18619192, 43.56686972], [0.18618197, 43.56681994], [0.18618899, 43.56677781], [0.18619053, 43.56672113], [0.18623111, 43.56657543], [0.18626409, 43.56648355], [0.18635426, 43.56633644], [0.18652789, 43.56610325], [0.18667511, 43.56592881], [0.1868747, 43.56567109], [0.18698718, 43.56554886], [0.18706904, 43.56544475], [0.18711161, 43.56538463], [0.18713117, 43.56531401], [0.18712458, 43.56524631], [0.18711022, 43.56521083], [0.18706477, 43.56515293], [0.18697626, 43.56508942], [0.18690039, 43.56504604], [0.18673667, 43.56495086], [0.18649919, 43.56481956], [0.18618377, 43.56463673], [0.18599262, 43.56452013], [0.1858316, 43.56442052]]}, "properties": {"nature": "Route \u00e0 1 chauss\u00e9e", "prive": false, "acces_pieton": null, "acces_vehicule_leger": "Libre", "nom": "Chemin de la Mairie", "source": "BDTOPO_V3:troncon_de_route (IGN, WFS data.geopf.fr)"}}, {"type": "Feature", "geometry": {"type": "LineString", "coordinates": [[0.2024937, 43.57204921], [0.20252752, 43.57201587], [0.20259812, 43.57193936], [0.20266089, 43.57184554], [0.20270047, 43.57174483], [0.20269351, 43.57168433], [0.20268129, 43.57160478], [0.20267727, 43.57158577], [0.20268283, 43.57157331], [0.20269461, 43.57156011], [0.20271758, 43.5715463]]}, "properties": {"nature": "Route empierr\u00e9e", "prive": false, "acces_pieton": null, "acces_vehicule_leger": "Libre", "nom": "", "source": "BDTOPO_V3:troncon_de_route (IGN, WFS data.geopf.fr)"}}, {"type": "Feature", "geometry": {"type": "LineString", "coordinates": [[0.20816429, 43.57389587], [0.20822704, 43.57385337], [0.20835331, 43.57382871], [0.20852628, 43.57383676], [0.20863053, 43.57385744], [0.20870709, 43.57388732], [0.2087529, 43.57391281], [0.20883924, 43.57397085]]}, "properties": {"nature": "Route empierr\u00e9e", "prive": false, "acces_pieton": null, "acces_vehicule_leger": "Libre", "nom": "", "source": "BDTOPO_V3:troncon_de_route (IGN, WFS data.geopf.fr)"}}, {"type": "Feature", "geometry": {"type": "LineString", "coordinates": [[0.20816429, 43.57389587], [0.20840755, 43.57393544], [0.20863173, 43.57396011], [0.20874891, 43.57396942], [0.20876499, 43.57396984], [0.20883924, 43.57397085]]}, "properties": {"nature": "Route \u00e0 1 chauss\u00e9e", "prive": false, "acces_pieton": null, "acces_vehicule_leger": "Libre", "nom": "Route de Bassoues", "source": "BDTOPO_V3:troncon_de_route (IGN, WFS data.geopf.fr)"}}, {"type": "Feature", "geometry": {"type": "LineString", "coordinates": [[0.18991853, 43.54186574], [0.19035128, 43.54210202], [0.1909074, 43.54224516], [0.19143468, 43.54234524], [0.19187105, 43.54250779], [0.19216142, 43.54264404], [0.19212018, 43.54287975], [0.19211491, 43.54298765]]}, "properties": {"nature": "Chemin", "prive": false, "acces_pieton": null, "acces_vehicule_leger": "Libre", "nom": "", "source": "BDTOPO_V3:troncon_de_route (IGN, WFS data.geopf.fr)"}}, {"type": "Feature", "geometry": {"type": "LineString", "coordinates": [[0.19308346, 43.54444149], [0.19392267, 43.54433895], [0.19451994, 43.5443751], [0.19505833, 43.54445114], [0.19550738, 43.5446077], [0.19586908, 43.5448043], [0.19617072, 43.54503987], [0.196386, 43.54529482], [0.19657111, 43.5456102]]}, "properties": {"nature": "Chemin", "prive": false, "acces_pieton": null, "acces_vehicule_leger": "Libre", "nom": "", "source": "BDTOPO_V3:troncon_de_route (IGN, WFS data.geopf.fr)"}}, {"type": "Feature", "geometry": {"type": "LineString", "coordinates": [[0.19282356, 43.54593466], [0.19276707, 43.54579905], [0.19265771, 43.54555494], [0.19258756, 43.54534426], [0.19257906, 43.5452396], [0.19259141, 43.5451643], [0.19262309, 43.54507329], [0.19285598, 43.54471469], [0.19298278, 43.54455142], [0.19308346, 43.54444149]]}, "properties": {"nature": "Route empierr\u00e9e", "prive": false, "acces_pieton": "Libre", "acces_vehicule_leger": "Libre", "nom": null, "source": "BDTOPO_V3:troncon_de_route (IGN, WFS data.geopf.fr)"}}, {"type": "Feature", "geometry": {"type": "LineString", "coordinates": [[0.15497742, 43.54501558], [0.15556155, 43.54566652], [0.15588016, 43.54618085]]}, "properties": {"nature": "Chemin", "prive": false, "acces_pieton": "Libre", "acces_vehicule_leger": "Libre", "nom": null, "source": "BDTOPO_V3:troncon_de_route (IGN, WFS data.geopf.fr)"}}, {"type": "Feature", "geometry": {"type": "LineString", "coordinates": [[0.15791685, 43.54551846], [0.15756142, 43.54562259], [0.15721579, 43.54572878], [0.15681262, 43.54584696], [0.15647744, 43.54596692], [0.15604892, 43.54612225], [0.15588016, 43.54618085]]}, "properties": {"nature": "Route \u00e0 1 chauss\u00e9e", "prive": false, "acces_pieton": null, "acces_vehicule_leger": "Libre", "nom": "RTE DES CRETES", "source": "BDTOPO_V3:troncon_de_route (IGN, WFS data.geopf.fr)"}}, {"type": "Feature", "geometry": {"type": "LineString", "coordinates": [[0.1630281, 43.6077498], [0.1629538, 43.60764882], [0.16285604, 43.60749591], [0.16276916, 43.60734868], [0.16268878, 43.60717011], [0.16264848, 43.6070079], [0.1626153, 43.60682696], [0.16249969, 43.60640888], [0.16248055, 43.60614458], [0.16248641, 43.60592595], [0.16249286, 43.60579556], [0.16250743, 43.60572662], [0.16254156, 43.60566269], [0.16267324, 43.60545544], [0.16281818, 43.60523054], [0.16293884, 43.60504552], [0.1630076, 43.60493297], [0.16304655, 43.60487186], [0.16310773, 43.60481224], [0.16334401, 43.60461943], [0.16340342, 43.60457057], [0.16342079, 43.60454491], [0.16342253, 43.60450984], [0.16338785, 43.60445942], [0.16336396, 43.60441648]]}, "properties": {"nature": "Chemin", "prive": false, "acces_pieton": null, "acces_vehicule_leger": "Libre", "nom": "", "source": "BDTOPO_V3:troncon_de_route (IGN, WFS data.geopf.fr)"}}, {"type": "Feature", "geometry": {"type": "LineString", "coordinates": [[0.16444621, 43.60347686], [0.1642291, 43.60360805], [0.16407677, 43.60373192], [0.16380575, 43.60397604], [0.16355263, 43.60423413], [0.16342876, 43.60435875], [0.16336396, 43.60441648]]}, "properties": {"nature": "Route \u00e0 1 chauss\u00e9e", "prive": false, "acces_pieton": null, "acces_vehicule_leger": "Libre", "nom": "Route de Mondebat", "source": "BDTOPO_V3:troncon_de_route (IGN, WFS data.geopf.fr)"}}, {"type": "Feature", "geometry": {"type": "LineString", "coordinates": [[0.22860197, 43.60216262], [0.22850787, 43.60213591], [0.22843224, 43.60211147], [0.22839774, 43.60208178], [0.22835583, 43.60200058], [0.22830167, 43.60191637], [0.22824621, 43.60185913], [0.22818616, 43.60181979], [0.22802342, 43.60177782], [0.22778068, 43.60172481], [0.22738967, 43.60166351], [0.22716627, 43.6016461], [0.22703943, 43.60163026], [0.22690425, 43.60163311], [0.22676124, 43.60161865], [0.22660305, 43.60158491], [0.22634108, 43.60151969], [0.22619523, 43.60148716], [0.22574846, 43.60142623], [0.22529969, 43.60135535], [0.22511678, 43.60134617]]}, "properties": {"nature": "Chemin", "prive": false, "acces_pieton": null, "acces_vehicule_leger": "Libre", "nom": "", "source": "BDTOPO_V3:troncon_de_route (IGN, WFS data.geopf.fr)"}}, {"type": "Feature", "geometry": {"type": "LineString", "coordinates": [[0.22511678, 43.60134617], [0.22498516, 43.6013266], [0.22469736, 43.60128324], [0.22415003, 43.60117562], [0.22382964, 43.60111431], [0.2236626, 43.60111004], [0.22332612, 43.60115095], [0.2230961, 43.60119369], [0.22297281, 43.60120674], [0.22268744, 43.60121565], [0.22231916, 43.60122244], [0.22170037, 43.60123452], [0.22132712, 43.60121597], [0.22112109, 43.6011981], [0.22096654, 43.60116623], [0.22081821, 43.60113363], [0.22065195, 43.60111317], [0.22052366, 43.60110178], [0.22034865, 43.6010829]]}, "properties": {"nature": "Chemin", "prive": false, "acces_pieton": null, "acces_vehicule_leger": "Libre", "nom": "", "source": "BDTOPO_V3:troncon_de_route (IGN, WFS data.geopf.fr)"}}, {"type": "Feature", "geometry": {"type": "LineString", "coordinates": [[0.22853955, 43.60009569], [0.22842011, 43.60010615], [0.22836263, 43.60011638], [0.22834889, 43.60011874], [0.22825376, 43.60013882], [0.22779425, 43.60021352], [0.22774565, 43.60021948], [0.22753523, 43.60024112], [0.22626449, 43.60038784], [0.22602955, 43.60045566], [0.22562212, 43.60063162], [0.22561183, 43.60063946], [0.22532694, 43.60076633], [0.2253144, 43.60076961], [0.22518119, 43.60085984], [0.22515633, 43.60088712], [0.22514041, 43.60093443], [0.22511678, 43.60134617]]}, "properties": {"nature": "Chemin", "prive": false, "acces_pieton": null, "acces_vehicule_leger": "Libre", "nom": "", "source": "BDTOPO_V3:troncon_de_route (IGN, WFS data.geopf.fr)"}}, {"type": "Feature", "geometry": {"type": "LineString", "coordinates": [[0.22860197, 43.60216262], [0.22862086, 43.60213069], [0.22863495, 43.60206982], [0.22866802, 43.60182128], [0.22865987, 43.60157979], [0.22863582, 43.60130818], [0.22861799, 43.6009593], [0.22859755, 43.60076701], [0.22857472, 43.60062417], [0.22853246, 43.60044753], [0.22851277, 43.6003678], [0.22849964, 43.60030625], [0.22850689, 43.6002074], [0.22852965, 43.60014676], [0.22853955, 43.60009569]]}, "properties": {"nature": "Chemin", "prive": false, "acces_pieton": null, "acces_vehicule_leger": "Libre", "nom": null, "source": "BDTOPO_V3:troncon_de_route (IGN, WFS data.geopf.fr)"}}, {"type": "Feature", "geometry": {"type": "LineString", "coordinates": [[0.23130826, 43.59440069], [0.23137648, 43.59439882]]}, "properties": {"nature": "Chemin", "prive": false, "acces_pieton": null, "acces_vehicule_leger": "Libre", "nom": "", "source": "BDTOPO_V3:troncon_de_route (IGN, WFS data.geopf.fr)"}}, {"type": "Feature", "geometry": {"type": "LineString", "coordinates": [[0.18679796, 43.59613424], [0.18664911, 43.59626453], [0.18650149, 43.59636965], [0.18633006, 43.59648045], [0.1862268, 43.59651469]]}, "properties": {"nature": "Chemin", "prive": false, "acces_pieton": null, "acces_vehicule_leger": "Libre", "nom": "", "source": "BDTOPO_V3:troncon_de_route (IGN, WFS data.geopf.fr)"}}, {"type": "Feature", "geometry": {"type": "LineString", "coordinates": [[0.18059299, 43.58889671], [0.18032729, 43.58888441], [0.17986021, 43.58891189], [0.17952947, 43.58893752], [0.17925046, 43.58894377], [0.17904772, 43.58896102], [0.17889856, 43.58899676], [0.17862773, 43.58906355], [0.17837607, 43.58911823], [0.17801687, 43.58916832], [0.17782994, 43.58919137], [0.17771555, 43.58922531], [0.17751293, 43.58931548], [0.17727894, 43.58946425], [0.17693537, 43.58959938], [0.17636696, 43.58979798], [0.1757601, 43.590073], [0.1754574, 43.59015786], [0.17523516, 43.59024392]]}, "properties": {"nature": "Chemin", "prive": false, "acces_pieton": null, "acces_vehicule_leger": "Libre", "nom": null, "source": "BDTOPO_V3:troncon_de_route (IGN, WFS data.geopf.fr)"}}, {"type": "Feature", "geometry": {"type": "LineString", "coordinates": [[0.15231503, 43.59714604], [0.15231537, 43.59708933], [0.15232012, 43.59704354], [0.15233401, 43.59701329], [0.15241524, 43.59689928], [0.15256108, 43.59675634], [0.1526103, 43.59668831], [0.15264404, 43.59663247], [0.15265356, 43.5965904], [0.15264394, 43.59655954], [0.15254819, 43.59646699], [0.15234686, 43.59633026], [0.15217163, 43.59621673], [0.1518181, 43.59592655], [0.15161109, 43.59575455], [0.15135775, 43.59554263], [0.15116933, 43.59539543], [0.15102548, 43.59527371], [0.15091105, 43.59515817], [0.15085276, 43.59508461], [0.15079208, 43.5950344], [0.15063268, 43.59490147], [0.15046767, 43.59470717], [0.15042141, 43.59461592], [0.1504062, 43.59454799]]}, "properties": {"nature": "Chemin", "prive": false, "acces_pieton": null, "acces_vehicule_leger": "Libre", "nom": null, "source": "BDTOPO_V3:troncon_de_route (IGN, WFS data.geopf.fr)"}}, {"type": "Feature", "geometry": {"type": "LineString", "coordinates": [[0.1524317, 43.59711669], [0.15231503, 43.59714604]]}, "properties": {"nature": "Route \u00e0 1 chauss\u00e9e", "prive": false, "acces_pieton": null, "acces_vehicule_leger": "Libre", "nom": "Route du Midour", "source": "BDTOPO_V3:troncon_de_route (IGN, WFS data.geopf.fr)"}}, {"type": "Feature", "geometry": {"type": "LineString", "coordinates": [[0.14745681, 43.5958652], [0.14757954, 43.59573877], [0.14778299, 43.59540919], [0.14793371, 43.59516825], [0.14798949, 43.59506798], [0.14802266, 43.59502383], [0.14808, 43.59496681], [0.14818316, 43.5949101], [0.14839965, 43.59479154], [0.14851448, 43.59472432], [0.14869303, 43.59457145], [0.14879372, 43.59451467], [0.1488836, 43.59450083], [0.14906645, 43.59448582], [0.1494262, 43.59450066], [0.15027378, 43.59454542], [0.1504062, 43.59454799]]}, "properties": {"nature": "Chemin", "prive": false, "acces_pieton": null, "acces_vehicule_leger": "Libre", "nom": "", "source": "BDTOPO_V3:troncon_de_route (IGN, WFS data.geopf.fr)"}}, {"type": "Feature", "geometry": {"type": "LineString", "coordinates": [[0.17297571, 43.5978875], [0.17300588, 43.59795401], [0.17299889, 43.59799524], [0.17296061, 43.59809329], [0.17289926, 43.59820693], [0.17284117, 43.59835488], [0.17281513, 43.59848115], [0.17274546, 43.59868821], [0.17260105, 43.59897886], [0.17251583, 43.59917472], [0.17247122, 43.59930051], [0.17247104, 43.59932931], [0.17247042, 43.5993419], [0.17248677, 43.59936213], [0.1725199, 43.59939361], [0.17260421, 43.59941741], [0.17275653, 43.59944389], [0.17286899, 43.59947472]]}, "properties": {"nature": "Route \u00e0 1 chauss\u00e9e", "prive": false, "acces_pieton": null, "acces_vehicule_leger": "Libre", "nom": "", "source": "BDTOPO_V3:troncon_de_route (IGN, WFS data.geopf.fr)"}}, {"type": "Feature", "geometry": {"type": "LineString", "coordinates": [[0.1504062, 43.59454799], [0.15043742, 43.59449299], [0.15044006, 43.59443994], [0.15041886, 43.59434305], [0.15035504, 43.59420632], [0.15032115, 43.5941154], [0.15030909, 43.59403405], [0.15031062, 43.59390354], [0.15028191, 43.59380825], [0.15022975, 43.59368623], [0.15015788, 43.5935619], [0.15013343, 43.59350544], [0.15011836, 43.59343481], [0.1501352, 43.59284643], [0.15014237, 43.59275208], [0.15014818, 43.59270992], [0.15016086, 43.59262922], [0.15017579, 43.59255308], [0.15018835, 43.59244987], [0.1501828, 43.59233718], [0.15020023, 43.59221069], [0.1502329, 43.59210171], [0.15028424, 43.59201572], [0.15038011, 43.59195611], [0.1504526, 43.59189319], [0.15046291, 43.59186015], [0.1504572, 43.59180057], [0.1503751, 43.59165797], [0.1503434, 43.59159771], [0.15033437, 43.59155516], [0.15032754, 43.59151807], [0.15034353, 43.59144556], [0.15042138, 43.59120001], [0.15055466, 43.59098562], [0.15060602, 43.59087442], [0.15069325, 43.59076417], [0.15075572, 43.59067848], [0.15080116, 43.59056172], [0.15089997, 43.5902681], [0.1509757, 43.59009002], [0.15103202, 43.58995375], [0.1510457, 43.58990278], [0.15102897, 43.58986543], [0.15099956, 43.58983405], [0.15081598, 43.58976441], [0.15039512, 43.5895841], [0.15011012, 43.58946138], [0.14998468, 43.58939326], [0.14983264, 43.58926232], [0.149743, 43.58917173], [0.14968901, 43.58908658], [0.14967478, 43.58902409], [0.14968179, 43.58895765]]}, "properties": {"nature": "Chemin", "prive": false, "acces_pieton": null, "acces_vehicule_leger": "Libre", "nom": null, "source": "BDTOPO_V3:troncon_de_route (IGN, WFS data.geopf.fr)"}}, {"type": "Feature", "geometry": {"type": "LineString", "coordinates": [[0.15564952, 43.58593773], [0.15561171, 43.58592593], [0.15557293, 43.58590871], [0.15555668, 43.58588668], [0.1555582, 43.58585611], [0.15556956, 43.58582669], [0.15560395, 43.58578258]]}, "properties": {"nature": "Chemin", "prive": false, "acces_pieton": null, "acces_vehicule_leger": "Libre", "nom": "", "source": "BDTOPO_V3:troncon_de_route (IGN, WFS data.geopf.fr)"}}, {"type": "Feature", "geometry": {"type": "LineString", "coordinates": [[0.15441614, 43.59145152], [0.15434469, 43.59146855], [0.15420083, 43.59154671], [0.15397582, 43.59171278], [0.15381735, 43.59186079], [0.15365792, 43.59207809], [0.15367549, 43.59212357], [0.15369183, 43.5921438]]}, "properties": {"nature": "Chemin", "prive": false, "acces_pieton": null, "acces_vehicule_leger": "Libre", "nom": "", "source": "BDTOPO_V3:troncon_de_route (IGN, WFS data.geopf.fr)"}}, {"type": "Feature", "geometry": {"type": "LineString", "coordinates": [[0.15386673, 43.5921889], [0.1539051, 43.59213949], [0.15398207, 43.59203617], [0.15410769, 43.59185129], [0.15422051, 43.59169939], [0.15431344, 43.59157397], [0.15438718, 43.59148587], [0.15441614, 43.59145152]]}, "properties": {"nature": "Route empierr\u00e9e", "prive": false, "acces_pieton": null, "acces_vehicule_leger": "Libre", "nom": "Chemin de Lasserre", "source": "BDTOPO_V3:troncon_de_route (IGN, WFS data.geopf.fr)"}}, {"type": "Feature", "geometry": {"type": "LineString", "coordinates": [[0.15386673, 43.5921889], [0.15382957, 43.59218883], [0.15375743, 43.59216983], [0.15369183, 43.5921438]]}, "properties": {"nature": "Route empierr\u00e9e", "prive": false, "acces_pieton": null, "acces_vehicule_leger": "Libre", "nom": "", "source": "BDTOPO_V3:troncon_de_route (IGN, WFS data.geopf.fr)"}}, {"type": "Feature", "geometry": {"type": "LineString", "coordinates": [[0.16010157, 43.59613627], [0.16001196, 43.59614473], [0.15972911, 43.59617785], [0.15933715, 43.59623783], [0.15878753, 43.59630448], [0.15830145, 43.59636379], [0.15816774, 43.59636209], [0.15810464, 43.59636044], [0.15802798, 43.59635754], [0.15778739, 43.59633773], [0.15775156, 43.5963359], [0.15765386, 43.59633244], [0.15751503, 43.59633421], [0.15742568, 43.59633727], [0.15730858, 43.59635041], [0.15707888, 43.59638581], [0.15658602, 43.59648185], [0.15621694, 43.59655502], [0.15591945, 43.59660845], [0.1557217, 43.59664919], [0.15541926, 43.5967025], [0.15519566, 43.59673985], [0.1548512, 43.59679115], [0.15448615, 43.59683291], [0.15425662, 43.59686471], [0.15379339, 43.59691289], [0.15356418, 43.5969384], [0.15293058, 43.59702443], [0.1526185, 43.59707207], [0.15252822, 43.59709401]]}, "properties": {"nature": "Route \u00e0 1 chauss\u00e9e", "prive": false, "acces_pieton": null, "acces_vehicule_leger": "Libre", "nom": "Route du Midour", "source": "BDTOPO_V3:troncon_de_route (IGN, WFS data.geopf.fr)"}}, {"type": "Feature", "geometry": {"type": "LineString", "coordinates": [[0.16209526, 43.59429947], [0.16208431, 43.59427038], [0.16208198, 43.5942424]]}, "properties": {"nature": "Route \u00e0 1 chauss\u00e9e", "prive": false, "acces_pieton": null, "acces_vehicule_leger": "Libre", "nom": "Chemin de Gardia", "source": "BDTOPO_V3:troncon_de_route (IGN, WFS data.geopf.fr)"}}, {"type": "Feature", "geometry": {"type": "LineString", "coordinates": [[0.18056254, 43.58535762], [0.18052565, 43.58532696], [0.18049544, 43.58523614], [0.18044454, 43.58516279], [0.1803728, 43.58513572], [0.18015275, 43.58515251], [0.18011118, 43.58514153], [0.18010287, 43.5851089], [0.18008131, 43.58504352]]}, "properties": {"nature": "Chemin", "prive": false, "acces_pieton": null, "acces_vehicule_leger": "Libre", "nom": null, "source": "BDTOPO_V3:troncon_de_route (IGN, WFS data.geopf.fr)"}}, {"type": "Feature", "geometry": {"type": "LineString", "coordinates": [[0.18059299, 43.58889671], [0.18050547, 43.58881251], [0.17997496, 43.58839178], [0.17920133, 43.58775136], [0.17891386, 43.58752691], [0.17865877, 43.58737443], [0.17784002, 43.58682106], [0.17777132, 43.58680757], [0.17764103, 43.58676187], [0.17715702, 43.58658002], [0.17678389, 43.58643527], [0.1763885, 43.58628994], [0.17622138, 43.58621267], [0.17605934, 43.58613283]]}, "properties": {"nature": "Chemin", "prive": false, "acces_pieton": null, "acces_vehicule_leger": "Libre", "nom": null, "source": "BDTOPO_V3:troncon_de_route (IGN, WFS data.geopf.fr)"}}, {"type": "Feature", "geometry": {"type": "LineString", "coordinates": [[0.17523516, 43.59024392], [0.1751025, 43.59004509], [0.17496622, 43.58984437], [0.17475587, 43.58943735], [0.17470644, 43.58933433], [0.17454271, 43.5888862], [0.17448163, 43.58874326], [0.17436475, 43.58852594], [0.17431713, 43.58846168], [0.17427185, 43.58840018], [0.17420758, 43.58832198], [0.17403999, 43.58805292], [0.17401557, 43.58797035], [0.17403281, 43.58787177], [0.17405774, 43.58779318], [0.17408616, 43.5877192], [0.17411453, 43.58767132], [0.17417007, 43.58757463], [0.1742432, 43.58747299], [0.17430338, 43.58740793], [0.17438419, 43.58735151], [0.17444782, 43.58731716], [0.17454011, 43.58727904], [0.17463784, 43.58725638], [0.17475351, 43.58724678], [0.17495333, 43.58723848], [0.17512466, 43.58723033], [0.17524448, 43.58721184], [0.1753149, 43.58719026], [0.17542125, 43.58714351], [0.17550696, 43.58708812], [0.17561583, 43.58699011], [0.17577136, 43.58682489], [0.17591597, 43.58665489], [0.17599475, 43.586539], [0.17604336, 43.58643222], [0.1760682, 43.58633023], [0.17607581, 43.58622599], [0.17605934, 43.58613283]]}, "properties": {"nature": "Route \u00e0 1 chauss\u00e9e", "prive": false, "acces_pieton": null, "acces_vehicule_leger": "Libre", "nom": "Route de Marciac", "source": "BDTOPO_V3:troncon_de_route (IGN, WFS data.geopf.fr)"}}, {"type": "Feature", "geometry": {"type": "LineString", "coordinates": [[0.18803956, 43.59352482], [0.1879871, 43.59340732], [0.18788037, 43.59320918], [0.18779543, 43.59307194], [0.18765741, 43.59282977], [0.18761591, 43.59274137], [0.18760959, 43.59269349], [0.1876159, 43.59261532], [0.18765888, 43.5925219], [0.18779374, 43.5922724], [0.1878809, 43.5921117], [0.18801046, 43.59189447], [0.18825541, 43.59147136], [0.18846148, 43.59115887], [0.18855098, 43.59105135]]}, "properties": {"nature": "Route \u00e0 1 chauss\u00e9e", "prive": false, "acces_pieton": null, "acces_vehicule_leger": "Libre", "nom": "Chemin de Bazian", "source": "BDTOPO_V3:troncon_de_route (IGN, WFS data.geopf.fr)"}}, {"type": "Feature", "geometry": {"type": "LineString", "coordinates": [[0.19444794, 43.59478357], [0.1944297, 43.59482721], [0.19442294, 43.59483874], [0.19440474, 43.59485628], [0.19429691, 43.59495883], [0.19414914, 43.59509276], [0.19406922, 43.59515642], [0.19394861, 43.59524154], [0.19382495, 43.59531307], [0.19365225, 43.59539954], [0.193437, 43.59549482], [0.19323601, 43.59557695], [0.19301328, 43.59564772], [0.19275318, 43.59574814], [0.19265466, 43.59581222]]}, "properties": {"nature": "Route \u00e0 1 chauss\u00e9e", "prive": false, "acces_pieton": null, "acces_vehicule_leger": "Libre", "nom": "", "source": "BDTOPO_V3:troncon_de_route (IGN, WFS data.geopf.fr)"}}, {"type": "Feature", "geometry": {"type": "LineString", "coordinates": [[0.19480809, 43.59828615], [0.19464452, 43.59833775], [0.19437123, 43.59840361], [0.1940404, 43.59845539], [0.19360533, 43.59848556], [0.1928719, 43.59853683], [0.19231916, 43.59856666], [0.19216697, 43.59856273], [0.1920584, 43.59855362], [0.19195804, 43.59852851], [0.19182065, 43.59847544], [0.19158188, 43.59836753]]}, "properties": {"nature": "Chemin", "prive": false, "acces_pieton": null, "acces_vehicule_leger": "Libre", "nom": "", "source": "BDTOPO_V3:troncon_de_route (IGN, WFS data.geopf.fr)"}}, {"type": "Feature", "geometry": {"type": "LineString", "coordinates": [[0.18562197, 43.59434902], [0.18689668, 43.59442436], [0.1869665, 43.59444058], [0.18710175, 43.5944864], [0.18744946, 43.59464576], [0.18758477, 43.59471589], [0.18777451, 43.59483784], [0.18779692, 43.59486093], [0.18781194, 43.59488293], [0.18782198, 43.5949057], [0.18782445, 43.59493097], [0.18782194, 43.59495701], [0.18780953, 43.5949828], [0.18779477, 43.59500583], [0.18775382, 43.59505789], [0.18679796, 43.59613424]]}, "properties": {"nature": "Route \u00e0 1 chauss\u00e9e", "prive": false, "acces_pieton": null, "acces_vehicule_leger": "Libre", "nom": "", "source": "BDTOPO_V3:troncon_de_route (IGN, WFS data.geopf.fr)"}}, {"type": "Feature", "geometry": {"type": "LineString", "coordinates": [[0.18140255, 43.60358058], [0.18162347, 43.60359802], [0.18170655, 43.60359657]]}, "properties": {"nature": "Chemin", "prive": false, "acces_pieton": null, "acces_vehicule_leger": "Libre", "nom": "", "source": "BDTOPO_V3:troncon_de_route (IGN, WFS data.geopf.fr)"}}, {"type": "Feature", "geometry": {"type": "LineString", "coordinates": [[0.18140255, 43.60358058], [0.18130453, 43.60355823], [0.1810274, 43.60352493], [0.18041256, 43.60340543], [0.18017251, 43.60337399], [0.18010724, 43.60336599], [0.17999503, 43.60335498], [0.17989781, 43.60336686], [0.17977248, 43.60337081], [0.17963482, 43.60339874], [0.17944081, 43.60348914], [0.17891743, 43.603878], [0.17856154, 43.60416137], [0.1780901, 43.60465241], [0.17748825, 43.6052256], [0.17710316, 43.60554782]]}, "properties": {"nature": "Chemin", "prive": false, "acces_pieton": null, "acces_vehicule_leger": "Libre", "nom": "", "source": "BDTOPO_V3:troncon_de_route (IGN, WFS data.geopf.fr)"}}, {"type": "Feature", "geometry": {"type": "LineString", "coordinates": [[0.1710832, 43.59905908], [0.17089762, 43.59897862], [0.17072269, 43.59890834], [0.16980842, 43.59848116], [0.16966071, 43.5984368], [0.16954763, 43.59841855], [0.16943782, 43.59840938], [0.1692768, 43.59840879], [0.16913089, 43.59840318], [0.16903532, 43.59838178], [0.16895866, 43.59832847], [0.16888843, 43.59819519], [0.16884047, 43.5980877], [0.1688251, 43.59804768], [0.16879971, 43.59795969], [0.16882049, 43.59791521], [0.1688558, 43.59787742], [0.16894198, 43.59781304], [0.16920297, 43.5977208]]}, "properties": {"nature": "Route \u00e0 1 chauss\u00e9e", "prive": false, "acces_pieton": null, "acces_vehicule_leger": "Libre", "nom": "Impasse Canonge", "source": "BDTOPO_V3:troncon_de_route (IGN, WFS data.geopf.fr)"}}, {"type": "Feature", "geometry": {"type": "LineString", "coordinates": [[0.15705608, 43.60177019], [0.15710322, 43.60179393], [0.15716985, 43.60182449], [0.15721743, 43.60183924], [0.15726322, 43.60184044], [0.157309, 43.60184164], [0.15735022, 43.60185982], [0.15739793, 43.60189708]]}, "properties": {"nature": "Route empierr\u00e9e", "prive": false, "acces_pieton": null, "acces_vehicule_leger": "Libre", "nom": "Impasse de Herregat", "source": "BDTOPO_V3:troncon_de_route (IGN, WFS data.geopf.fr)"}}, {"type": "Feature", "geometry": {"type": "LineString", "coordinates": [[0.1550028, 43.60360086], [0.15498888, 43.60358159], [0.15491836, 43.6034798], [0.15489067, 43.60343856], [0.15487271, 43.60337596], [0.15487899, 43.60327439], [0.15492287, 43.60308917], [0.15497159, 43.60283114], [0.15509716, 43.60229782], [0.15512941, 43.60222214], [0.15524363, 43.60206757], [0.15545683, 43.60181565], [0.15556348, 43.6016888], [0.15566176, 43.60158063], [0.15579363, 43.60146974], [0.15593026, 43.60138778], [0.15605216, 43.60132795], [0.15628579, 43.60113869], [0.15645412, 43.60101705], [0.15652162, 43.6009801], [0.15658791, 43.60096743], [0.15663403, 43.60098664]]}, "properties": {"nature": "Route \u00e0 1 chauss\u00e9e", "prive": false, "acces_pieton": null, "acces_vehicule_leger": "Libre", "nom": "Impasse de Herregat", "source": "BDTOPO_V3:troncon_de_route (IGN, WFS data.geopf.fr)"}}, {"type": "Feature", "geometry": {"type": "LineString", "coordinates": [[0.20023692, 43.59734224], [0.20018772, 43.59728425], [0.20013193, 43.59720899], [0.20009108, 43.59713231], [0.20007356, 43.59705983], [0.20006475, 43.59701188], [0.20010018, 43.59699659], [0.20013394, 43.59699026]]}, "properties": {"nature": "Route empierr\u00e9e", "prive": false, "acces_pieton": null, "acces_vehicule_leger": "Libre", "nom": "", "source": "BDTOPO_V3:troncon_de_route (IGN, WFS data.geopf.fr)"}}, {"type": "Feature", "geometry": {"type": "LineString", "coordinates": [[0.20965527, 43.58986257], [0.20986307, 43.58981749], [0.2100123, 43.58977991], [0.21021778, 43.58968075], [0.21045732, 43.58956897], [0.21052733, 43.58953025], [0.21058005, 43.58946498], [0.21060094, 43.58936648], [0.2106241, 43.58911949], [0.21066464, 43.5887442], [0.21097191, 43.58805434], [0.21122645, 43.58740455], [0.21134779, 43.58727802]]}, "properties": {"nature": "Chemin", "prive": false, "acces_pieton": null, "acces_vehicule_leger": "Libre", "nom": "", "source": "BDTOPO_V3:troncon_de_route (IGN, WFS data.geopf.fr)"}}, {"type": "Feature", "geometry": {"type": "LineString", "coordinates": [[0.2156579, 43.60565794], [0.21582826, 43.60345021]]}, "properties": {"nature": "Chemin", "prive": false, "acces_pieton": null, "acces_vehicule_leger": "Libre", "nom": "", "source": "BDTOPO_V3:troncon_de_route (IGN, WFS data.geopf.fr)"}}, {"type": "Feature", "geometry": {"type": "LineString", "coordinates": [[0.21521258, 43.59209307], [0.21521196, 43.59215697]]}, "properties": {"nature": "Chemin", "prive": false, "acces_pieton": null, "acces_vehicule_leger": "Libre", "nom": "", "source": "BDTOPO_V3:troncon_de_route (IGN, WFS data.geopf.fr)"}}, {"type": "Feature", "geometry": {"type": "LineString", "coordinates": [[0.21568037, 43.58860553], [0.21561636, 43.58854627], [0.21551133, 43.58843914], [0.21545411, 43.58836744], [0.21543205, 43.58833717], [0.215414, 43.58830069], [0.21542874, 43.58820114]]}, "properties": {"nature": "Chemin", "prive": false, "acces_pieton": null, "acces_vehicule_leger": "Libre", "nom": "", "source": "BDTOPO_V3:troncon_de_route (IGN, WFS data.geopf.fr)"}}, {"type": "Feature", "geometry": {"type": "LineString", "coordinates": [[0.21557059, 43.58471695], [0.21569307, 43.5847453], [0.21575799, 43.58478568], [0.21589031, 43.58494303], [0.21596181, 43.585052], [0.21602933, 43.58514106], [0.21610448, 43.58522581], [0.2162358, 43.58532732], [0.21636028, 43.58539083], [0.2164482, 43.58546781], [0.21656983, 43.58561588], [0.2167118, 43.58580408], [0.2168667, 43.5859557], [0.21693539, 43.58602048], [0.21703599, 43.58609149]]}, "properties": {"nature": "Route empierr\u00e9e", "prive": false, "acces_pieton": null, "acces_vehicule_leger": "Libre", "nom": "", "source": "BDTOPO_V3:troncon_de_route (IGN, WFS data.geopf.fr)"}}, {"type": "Feature", "geometry": {"type": "LineString", "coordinates": [[0.22302558, 43.58663107], [0.22356732, 43.58664672], [0.22412345, 43.58664653], [0.22476387, 43.5866449], [0.22490216, 43.58665383], [0.225007, 43.58666281], [0.22509344, 43.58669383], [0.22521688, 43.58675371], [0.22536061, 43.5868294], [0.22561901, 43.58694134], [0.22601224, 43.58703152], [0.22636688, 43.5871], [0.22692361, 43.58718984], [0.22772131, 43.58729124], [0.22826262, 43.58736718], [0.22853951, 43.58743007], [0.22879132, 43.58747341]]}, "properties": {"nature": "Route \u00e0 1 chauss\u00e9e", "prive": false, "acces_pieton": null, "acces_vehicule_leger": "Libre", "nom": "Chemin de Mounicat", "source": "BDTOPO_V3:troncon_de_route (IGN, WFS data.geopf.fr)"}}, {"type": "Feature", "geometry": {"type": "LineString", "coordinates": [[0.21703599, 43.58609149], [0.21697457, 43.58608091], [0.2169463, 43.58607658], [0.21682319, 43.58603561], [0.21671894, 43.58598883], [0.21650943, 43.5858142], [0.21636647, 43.58567188], [0.21606707, 43.58538421], [0.21597847, 43.5852703], [0.21587464, 43.58511278], [0.21580344, 43.58499752], [0.21566979, 43.58481673], [0.21557059, 43.58471695]]}, "properties": {"nature": "Route \u00e0 1 chauss\u00e9e", "prive": false, "acces_pieton": null, "acces_vehicule_leger": "Libre", "nom": "Chemin de Mounicat", "source": "BDTOPO_V3:troncon_de_route (IGN, WFS data.geopf.fr)"}}, {"type": "Feature", "geometry": {"type": "LineString", "coordinates": [[0.22302558, 43.58663107], [0.22310959, 43.58666112], [0.22321232, 43.58668806], [0.22334894, 43.58670596], [0.22348206, 43.58671927], [0.22360687, 43.58672516], [0.22369683, 43.58673466], [0.22373895, 43.58676005], [0.22376128, 43.58678492], [0.22377933, 43.5868214], [0.22379169, 43.58692435], [0.22375294, 43.58716194], [0.22369022, 43.58740882]]}, "properties": {"nature": "Route empierr\u00e9e", "prive": false, "acces_pieton": null, "acces_vehicule_leger": "Libre", "nom": "", "source": "BDTOPO_V3:troncon_de_route (IGN, WFS data.geopf.fr)"}}, {"type": "Feature", "geometry": {"type": "LineString", "coordinates": [[0.21703599, 43.58609149], [0.21716129, 43.5861127], [0.21761569, 43.58614145], [0.21817148, 43.5861737], [0.21833757, 43.58619686], [0.21857307, 43.58624431], [0.2189436, 43.58631682], [0.2192323, 43.58636563], [0.21964737, 43.58643928], [0.21986799, 43.58648724], [0.22002609, 43.5865219], [0.22020565, 43.58654811], [0.22054121, 43.5865756], [0.22091282, 43.58660042], [0.22137814, 43.58663394], [0.22197348, 43.58666808], [0.2222455, 43.58667774], [0.22254625, 43.58665662], [0.22281706, 43.58664014], [0.22297093, 43.58663417], [0.22302558, 43.58663107]]}, "properties": {"nature": "Route \u00e0 1 chauss\u00e9e", "prive": false, "acces_pieton": null, "acces_vehicule_leger": "Libre", "nom": "Chemin de Mounicat", "source": "BDTOPO_V3:troncon_de_route (IGN, WFS data.geopf.fr)"}}, {"type": "Feature", "geometry": {"type": "LineString", "coordinates": [[0.22959511, 43.59016784], [0.22952125, 43.59018396]]}, "properties": {"nature": "Route empierr\u00e9e", "prive": false, "acces_pieton": null, "acces_vehicule_leger": "Libre", "nom": "Chemin du Marsoules", "source": "BDTOPO_V3:troncon_de_route (IGN, WFS data.geopf.fr)"}}, {"type": "Feature", "geometry": {"type": "LineString", "coordinates": [[0.23139239, 43.5917334], [0.23136411, 43.59172908], [0.23133012, 43.59171471], [0.23128211, 43.59168287], [0.23122865, 43.5916356], [0.23106036, 43.59147825], [0.23083765, 43.59124209], [0.23062796, 43.59094144], [0.2305304, 43.5907814], [0.23046212, 43.59065632], [0.23041713, 43.59053633], [0.23038969, 43.59043749], [0.23036, 43.5903341], [0.23032043, 43.59025567], [0.2302583, 43.59018296], [0.23021124, 43.59013134], [0.23016284, 43.5901076], [0.23009046, 43.59009315], [0.22994982, 43.59008146], [0.2298408, 43.59010748], [0.22959511, 43.59016784]]}, "properties": {"nature": "Route empierr\u00e9e", "prive": false, "acces_pieton": null, "acces_vehicule_leger": "Libre", "nom": "Chemin du Marsoules", "source": "BDTOPO_V3:troncon_de_route (IGN, WFS data.geopf.fr)"}}, {"type": "Feature", "geometry": {"type": "LineString", "coordinates": [[0.22869676, 43.59581599], [0.22817383, 43.5959476], [0.22766093, 43.59612808], [0.22717891, 43.59631024], [0.22679448, 43.59647238], [0.22665556, 43.59652736], [0.22640912, 43.59657688], [0.22549916, 43.5967193], [0.22364763, 43.5970168], [0.22286597, 43.59709315], [0.22248068, 43.59711931], [0.22202957, 43.59712308], [0.22182896, 43.59712155]]}, "properties": {"nature": "Chemin", "prive": false, "acces_pieton": null, "acces_vehicule_leger": "Libre", "nom": "", "source": "BDTOPO_V3:troncon_de_route (IGN, WFS data.geopf.fr)"}}, {"type": "Feature", "geometry": {"type": "LineString", "coordinates": [[0.22182896, 43.59712155], [0.22149193, 43.5970463], [0.22133785, 43.59697934], [0.22101813, 43.59675148], [0.22084426, 43.59663269], [0.22056501, 43.59646439], [0.22021182, 43.59626268], [0.21972581, 43.59599005], [0.21935366, 43.59584727], [0.21923242, 43.59579285], [0.21909596, 43.59569482], [0.21908883, 43.59561181], [0.21910927, 43.5955223], [0.21916745, 43.59536983]]}, "properties": {"nature": "Chemin", "prive": false, "acces_pieton": null, "acces_vehicule_leger": "Libre", "nom": "", "source": "BDTOPO_V3:troncon_de_route (IGN, WFS data.geopf.fr)"}}, {"type": "Feature", "geometry": {"type": "LineString", "coordinates": [[0.22424128, 43.59465604], [0.22388309, 43.5946856], [0.22344375, 43.59472838], [0.22284835, 43.59479599], [0.22246352, 43.59483837], [0.22204008, 43.59488516], [0.22150042, 43.59497849], [0.22090395, 43.59509377], [0.22040092, 43.59519794], [0.21980423, 43.59531771], [0.21960678, 43.59535317], [0.21941685, 43.59538702], [0.21926958, 43.59538415], [0.21916745, 43.59536983]]}, "properties": {"nature": "Route empierr\u00e9e", "prive": false, "acces_pieton": null, "acces_vehicule_leger": "Libre", "nom": "Chemin du bois de l'Etat", "source": "BDTOPO_V3:troncon_de_route (IGN, WFS data.geopf.fr)"}}, {"type": "Feature", "geometry": {"type": "LineString", "coordinates": [[0.22893633, 43.59670352], [0.22893772, 43.59667474], [0.22884415, 43.59638065], [0.22869676, 43.59581599]]}, "properties": {"nature": "Route empierr\u00e9e", "prive": false, "acces_pieton": null, "acces_vehicule_leger": "Libre", "nom": null, "source": "BDTOPO_V3:troncon_de_route (IGN, WFS data.geopf.fr)"}}, {"type": "Feature", "geometry": {"type": "LineString", "coordinates": [[0.22182896, 43.59712155], [0.2207327, 43.59722225], [0.22001836, 43.59728949], [0.21948196, 43.59734058], [0.21889055, 43.59732544], [0.21856724, 43.59727395], [0.21801156, 43.59710936], [0.21742224, 43.59705105], [0.21698121, 43.59697492], [0.21668759, 43.59692418], [0.2161194, 43.59701766]]}, "properties": {"nature": "Chemin", "prive": false, "acces_pieton": null, "acces_vehicule_leger": "Libre", "nom": "", "source": "BDTOPO_V3:troncon_de_route (IGN, WFS data.geopf.fr)"}}, {"type": "Feature", "geometry": {"type": "LineString", "coordinates": [[0.19104154, 43.57178319], [0.19105342, 43.5717934], [0.19107012, 43.57180644], [0.19109168, 43.5718214], [0.19113713, 43.57185409], [0.19115626, 43.57186809], [0.19117534, 43.57188299], [0.19118727, 43.5718923], [0.19119442, 43.57189789], [0.19120277, 43.57190441], [0.19121346, 43.57191368], [0.19122888, 43.57192759], [0.19124434, 43.57194059], [0.19126197, 43.57195996], [0.19127973, 43.57197662]]}, "properties": {"nature": "Route \u00e0 1 chauss\u00e9e", "prive": false, "acces_pieton": null, "acces_vehicule_leger": "Libre", "nom": "", "source": "BDTOPO_V3:troncon_de_route (IGN, WFS data.geopf.fr)"}}, {"type": "Feature", "geometry": {"type": "LineString", "coordinates": [[0.19139747, 43.57169607], [0.19139836, 43.57170329], [0.19139302, 43.57176168], [0.1913581, 43.5718427], [0.19129315, 43.57195536], [0.19127973, 43.57197662]]}, "properties": {"nature": "Route \u00e0 1 chauss\u00e9e", "prive": false, "acces_pieton": null, "acces_vehicule_leger": "Libre", "nom": "Chemin de la Mairie", "source": "BDTOPO_V3:troncon_de_route (IGN, WFS data.geopf.fr)"}}, {"type": "Feature", "geometry": {"type": "LineString", "coordinates": [[0.1758843, 43.59094685], [0.17582045, 43.59101092], [0.17573911, 43.59102771], [0.17560515, 43.59105664], [0.17554267, 43.59106762], [0.17535047, 43.59117246], [0.17526748, 43.59124773], [0.17466663, 43.59172728], [0.17446381, 43.59189667], [0.17437897, 43.5919845], [0.17432969, 43.59207955], [0.17426764, 43.592258], [0.17423213, 43.59245065], [0.17415183, 43.59262233], [0.17407436, 43.59276166], [0.17407983, 43.59282663]]}, "properties": {"nature": "Chemin", "prive": false, "acces_pieton": null, "acces_vehicule_leger": "Libre", "nom": "", "source": "BDTOPO_V3:troncon_de_route (IGN, WFS data.geopf.fr)"}}, {"type": "Feature", "geometry": {"type": "LineString", "coordinates": [[0.17772637, 43.59089391], [0.17758724, 43.590902], [0.17708435, 43.59092674], [0.17675527, 43.59094339], [0.17655278, 43.59095523], [0.17614414, 43.59097792], [0.17598133, 43.59096378], [0.1758843, 43.59094685]]}, "properties": {"nature": "Route \u00e0 1 chauss\u00e9e", "prive": false, "acces_pieton": null, "acces_vehicule_leger": "Libre", "nom": "Route de Marciac", "source": "BDTOPO_V3:troncon_de_route (IGN, WFS data.geopf.fr)"}}, {"type": "Feature", "geometry": {"type": "LineString", "coordinates": [[0.17523516, 43.59024392], [0.17514047, 43.59028017], [0.17509589, 43.59030512], [0.17502364, 43.59036356], [0.17492414, 43.5904474], [0.17483404, 43.59051619], [0.17475111, 43.59056535], [0.17467621, 43.59060211], [0.17454516, 43.59064732], [0.17443448, 43.59068136], [0.17428686, 43.59071083], [0.17405525, 43.59076062], [0.17390768, 43.59078919], [0.17371257, 43.59082733], [0.17356079, 43.5908657], [0.17342771, 43.59090185], [0.17334213, 43.59092933], [0.17323458, 43.59097515], [0.17309906, 43.59103554], [0.17293288, 43.59111495], [0.17272645, 43.59120681], [0.17250627, 43.59130101], [0.17234702, 43.59136529]]}, "properties": {"nature": "Route \u00e0 1 chauss\u00e9e", "prive": false, "acces_pieton": null, "acces_vehicule_leger": "Libre", "nom": "Route du Midour", "source": "BDTOPO_V3:troncon_de_route (IGN, WFS data.geopf.fr)"}}, {"type": "Feature", "geometry": {"type": "LineString", "coordinates": [[0.17234702, 43.59136529], [0.17227372, 43.5913949]]}, "properties": {"nature": "Route \u00e0 1 chauss\u00e9e", "prive": false, "acces_pieton": null, "acces_vehicule_leger": "Libre", "nom": "Route du Midour", "source": "BDTOPO_V3:troncon_de_route (IGN, WFS data.geopf.fr)"}}, {"type": "Feature", "geometry": {"type": "LineString", "coordinates": [[0.16448828, 43.59463118], [0.16451894, 43.59463739], [0.16458994, 43.59465455], [0.16462882, 43.59466997], [0.16470393, 43.59470434], [0.16473905, 43.59472056], [0.16479591, 43.59474816], [0.16482626, 43.59476065], [0.16485387, 43.59477848]]}, "properties": {"nature": "Route \u00e0 1 chauss\u00e9e", "prive": false, "acces_pieton": null, "acces_vehicule_leger": "Libre", "nom": "", "source": "BDTOPO_V3:troncon_de_route (IGN, WFS data.geopf.fr)"}}, {"type": "Feature", "geometry": {"type": "LineString", "coordinates": [[0.16500926, 43.59466729], [0.16495004, 43.59471257], [0.16485387, 43.59477848]]}, "properties": {"nature": "Route \u00e0 1 chauss\u00e9e", "prive": false, "acces_pieton": null, "acces_vehicule_leger": "Libre", "nom": "Route du Midour", "source": "BDTOPO_V3:troncon_de_route (IGN, WFS data.geopf.fr)"}}, {"type": "Feature", "geometry": {"type": "LineString", "coordinates": [[0.17238274, 43.55113439], [0.1723373, 43.55122774], [0.17231036, 43.55127205], [0.17228585, 43.55131733], [0.17225529, 43.55135974], [0.17224164, 43.55141071], [0.17223349, 43.55157615], [0.17222534, 43.55169118], [0.17222153, 43.55179372], [0.17227596, 43.55186986]]}, "properties": {"nature": "Route \u00e0 1 chauss\u00e9e", "prive": false, "acces_pieton": null, "acces_vehicule_leger": "Libre", "nom": "", "source": "BDTOPO_V3:troncon_de_route (IGN, WFS data.geopf.fr)"}}, {"type": "Feature", "geometry": {"type": "LineString", "coordinates": [[0.16709406, 43.55343], [0.16711714, 43.55328835], [0.16713046, 43.55316896], [0.16717749, 43.55296852], [0.16726169, 43.55276724], [0.16739652, 43.55246826], [0.16746533, 43.55237822], [0.16754583, 43.5523272], [0.1676171, 43.55231286], [0.16770783, 43.55233053], [0.16779754, 43.55236889], [0.16786133, 43.55240566], [0.16797692, 43.55244649], [0.16808667, 43.55247997], [0.16828708, 43.55250771], [0.16842276, 43.55251755], [0.16852903, 43.55252122], [0.16876556, 43.55251929], [0.16911013, 43.55251027], [0.16937695, 43.55249652], [0.16951864, 43.55248491], [0.16999771, 43.55243439], [0.17035037, 43.55238686], [0.17069928, 43.55234014], [0.17105414, 43.55227287], [0.17137435, 43.55220559], [0.17159084, 43.55215811], [0.17174883, 43.552092], [0.17182381, 43.55205254], [0.17197844, 43.55197915], [0.1721967, 43.5518957], [0.17227596, 43.55186986]]}, "properties": {"nature": "Route \u00e0 1 chauss\u00e9e", "prive": false, "acces_pieton": null, "acces_vehicule_leger": "Libre", "nom": "RTE DE FLOURES", "source": "BDTOPO_V3:troncon_de_route (IGN, WFS data.geopf.fr)"}}, {"type": "Feature", "geometry": {"type": "LineString", "coordinates": [[0.2341712, 43.58283444], [0.23421795, 43.58294367], [0.23427468, 43.58300003], [0.23433738, 43.58300973], [0.23453829, 43.58300405], [0.23498828, 43.58296959], [0.23520256, 43.58294354], [0.23561986, 43.58286773], [0.2361075, 43.58279732], [0.23666564, 43.58267738], [0.23676531, 43.5826394], [0.23696145, 43.58250125], [0.23716471, 43.58236957], [0.2375167, 43.58218406], [0.23792924, 43.5820271], [0.23843567, 43.58190044], [0.23877077, 43.58183423], [0.23912631, 43.58180636], [0.23935917, 43.58177987], [0.24005929, 43.58179767], [0.2405656, 43.58185375], [0.24077766, 43.58187355], [0.24093338, 43.58182889], [0.24110369, 43.58171258], [0.24129265, 43.58156883], [0.24138472, 43.58153425], [0.24153564, 43.58151198], [0.24167859, 43.58155252], [0.24209397, 43.58159369], [0.24234945, 43.5816893], [0.24257172, 43.58190922], [0.24270021, 43.58201872], [0.24321436, 43.58229827], [0.24355596, 43.58240597], [0.24362439, 43.58245092], [0.24361805, 43.58250568], [0.24344063, 43.58266683], [0.24335215, 43.5827042], [0.24312372, 43.5827155], [0.24251277, 43.5827234], [0.24247168, 43.58275386], [0.24245741, 43.58279312], [0.2424702, 43.58286186]]}, "properties": {"nature": "Chemin", "prive": false, "acces_pieton": "Libre", "acces_vehicule_leger": "Libre", "nom": null, "source": "BDTOPO_V3:troncon_de_route (IGN, WFS data.geopf.fr)"}}, {"type": "Feature", "geometry": {"type": "LineString", "coordinates": [[0.23340341, 43.57933971], [0.23317331, 43.57851277], [0.23310013, 43.57828402]]}, "properties": {"nature": "Sentier", "prive": false, "acces_pieton": "Libre", "acces_vehicule_leger": "Physiquement impossible", "nom": null, "source": "BDTOPO_V3:troncon_de_route (IGN, WFS data.geopf.fr)"}}, {"type": "Feature", "geometry": {"type": "LineString", "coordinates": [[0.23582158, 43.57824351], [0.23582258, 43.57827414], [0.23580896, 43.57829991], [0.2357804, 43.57832709], [0.23556604, 43.57838105], [0.2352593, 43.57847587], [0.23497724, 43.57859834], [0.23456789, 43.57879228], [0.23415995, 43.57898265], [0.23373743, 43.57916726], [0.23340341, 43.57933971]]}, "properties": {"nature": "Route \u00e0 1 chauss\u00e9e", "prive": false, "acces_pieton": null, "acces_vehicule_leger": "Libre", "nom": "Route de Belmont", "source": "BDTOPO_V3:troncon_de_route (IGN, WFS data.geopf.fr)"}}, {"type": "Feature", "geometry": {"type": "LineString", "coordinates": [[0.2329294, 43.57828057], [0.2330446, 43.57827991], [0.23310013, 43.57828402]]}, "properties": {"nature": "Route \u00e0 1 chauss\u00e9e", "prive": false, "acces_pieton": null, "acces_vehicule_leger": "Libre", "nom": "Impasse de l'\u00c9tendard", "source": "BDTOPO_V3:troncon_de_route (IGN, WFS data.geopf.fr)"}}, {"type": "Feature", "geometry": {"type": "LineString", "coordinates": [[0.16039757, 43.56052686], [0.16027633, 43.56070015], [0.16006036, 43.56091148], [0.15984639, 43.56108235], [0.1598137, 43.5611175], [0.15978572, 43.56130764], [0.15977202, 43.56133429], [0.15974596, 43.56136062], [0.15875078, 43.56155605], [0.15726935, 43.56187019], [0.15670339, 43.5619733], [0.1566156, 43.561971], [0.15655333, 43.56197838], [0.15652749, 43.56200021], [0.15647966, 43.56221593], [0.15645832, 43.56224688], [0.15642718, 43.56225057], [0.15634681, 43.56224846], [0.15587524, 43.56219559], [0.15575306, 43.56218789]]}, "properties": {"nature": "Chemin", "prive": false, "acces_pieton": "Libre", "acces_vehicule_leger": "Libre", "nom": null, "source": "BDTOPO_V3:troncon_de_route (IGN, WFS data.geopf.fr)"}}, {"type": "Feature", "geometry": {"type": "LineString", "coordinates": [[0.15525362, 43.56362162], [0.15525694, 43.56360461], [0.15531737, 43.5633595], [0.15535725, 43.56325431], [0.15541513, 43.56308566], [0.15558496, 43.56263185], [0.15568921, 43.56235188], [0.15575306, 43.56218789]]}, "properties": {"nature": "Route \u00e0 1 chauss\u00e9e", "prive": false, "acces_pieton": null, "acces_vehicule_leger": "Libre", "nom": "Route de l'\u00c9glise", "source": "BDTOPO_V3:troncon_de_route (IGN, WFS data.geopf.fr)"}}, {"type": "Feature", "geometry": {"type": "LineString", "coordinates": [[0.1631584, 43.56859302], [0.16295977, 43.56837806], [0.16259292, 43.56800924], [0.16222469, 43.56766829], [0.16205128, 43.56746929], [0.1618963, 43.56722305], [0.16169226, 43.56684228], [0.16165623, 43.56666938], [0.16155992, 43.5665138], [0.16134397, 43.5663488], [0.16116, 43.56618823], [0.16091252, 43.566035], [0.16061843, 43.56579773], [0.16047212, 43.56565165], [0.16036245, 43.56556595], [0.1603517, 43.56550805], [0.16041249, 43.56543041], [0.16055752, 43.56507678], [0.16068996, 43.56470211], [0.16072603, 43.56449868], [0.16074836, 43.5640473], [0.16073887, 43.56378866], [0.16078086, 43.56293985], [0.16078596, 43.56273651], [0.16073493, 43.56244167], [0.16073256, 43.5621391], [0.16074691, 43.56202423], [0.16074022, 43.56170895], [0.16070687, 43.5615073], [0.16060941, 43.56124996], [0.16046463, 43.56082302], [0.16042044, 43.56066521], [0.16039757, 43.56052686]]}, "properties": {"nature": "Chemin", "prive": false, "acces_pieton": null, "acces_vehicule_leger": "Libre", "nom": null, "source": "BDTOPO_V3:troncon_de_route (IGN, WFS data.geopf.fr)"}}, {"type": "Feature", "geometry": {"type": "LineString", "coordinates": [[0.15093972, 43.5513064], [0.15125171, 43.55145504], [0.15149718, 43.55157222], [0.15167855, 43.55165891], [0.15222875, 43.55189663], [0.15234916, 43.55196461]]}, "properties": {"nature": "Route \u00e0 1 chauss\u00e9e", "prive": false, "acces_pieton": null, "acces_vehicule_leger": "Libre", "nom": "IMP DE CALA", "source": "BDTOPO_V3:troncon_de_route (IGN, WFS data.geopf.fr)"}}, {"type": "Feature", "geometry": {"type": "LineString", "coordinates": [[0.17884165, 43.55559516], [0.17878099, 43.55531809], [0.17872262, 43.55519593], [0.17863621, 43.55511536], [0.17852733, 43.55508912], [0.17836471, 43.55507319], [0.1783013, 43.55505354], [0.17823141, 43.55501481], [0.17816628, 43.55492938], [0.17808076, 43.5547552], [0.17802483, 43.55455838], [0.17799662, 43.55445231], [0.17796798, 43.55422919], [0.17795049, 43.55415671], [0.17795465, 43.5541226], [0.17800061, 43.55409409], [0.17820584, 43.55407422], [0.17839942, 43.55406484], [0.17855868, 43.55407349]]}, "properties": {"nature": "Chemin", "prive": false, "acces_pieton": null, "acces_vehicule_leger": "Libre", "nom": null, "source": "BDTOPO_V3:troncon_de_route (IGN, WFS data.geopf.fr)"}}, {"type": "Feature", "geometry": {"type": "LineString", "coordinates": [[0.1913336, 43.55033188], [0.19103798, 43.5499227], [0.19103714, 43.54988937], [0.19103674, 43.54987225], [0.19106366, 43.54982793], [0.19109792, 43.54981081], [0.19120114, 43.54977567], [0.19136899, 43.549735], [0.19151556, 43.54967397], [0.19158562, 43.54963347], [0.19163532, 43.54957894], [0.19166953, 43.5495123], [0.19171309, 43.54940629], [0.19175761, 43.54925529], [0.19177199, 43.54918904], [0.19180558, 43.54913499], [0.19184539, 43.54908021], [0.19191936, 43.54893447], [0.19201247, 43.54867579], [0.19206749, 43.54848725], [0.19209638, 43.54835206], [0.1921254, 43.54818895], [0.19217674, 43.54792379], [0.19222998, 43.54769559], [0.19227565, 43.54754642], [0.19234921, 43.54735836], [0.19244771, 43.54716645], [0.19254908, 43.5469665], [0.19265883, 43.54674697], [0.19279402, 43.5465389], [0.19288016, 43.54637187], [0.19291992, 43.54626756], [0.19292379, 43.54621364], [0.19290179, 43.54613205], [0.19282356, 43.54593466]]}, "properties": {"nature": "Chemin", "prive": false, "acces_pieton": "Libre", "acces_vehicule_leger": "Libre", "nom": null, "source": "BDTOPO_V3:troncon_de_route (IGN, WFS data.geopf.fr)"}}, {"type": "Feature", "geometry": {"type": "LineString", "coordinates": [[0.18170655, 43.60359657], [0.18178871, 43.60361401], [0.18184704, 43.60363713]]}, "properties": {"nature": "Route empierr\u00e9e", "prive": false, "acces_pieton": null, "acces_vehicule_leger": "Libre", "nom": null, "source": "BDTOPO_V3:troncon_de_route (IGN, WFS data.geopf.fr)"}}, {"type": "Feature", "geometry": {"type": "LineString", "coordinates": [[0.19238714, 43.55706101], [0.19242982, 43.55699819], [0.19277166, 43.5568936], [0.19328428, 43.5567394], [0.19358643, 43.55666168], [0.19403792, 43.55661844], [0.19456863, 43.55660065], [0.19495585, 43.55647921]]}, "properties": {"nature": "Chemin", "prive": false, "acces_pieton": "Libre", "acces_vehicule_leger": "Libre", "nom": null, "source": "BDTOPO_V3:troncon_de_route (IGN, WFS data.geopf.fr)"}}, {"type": "Feature", "geometry": {"type": "LineString", "coordinates": [[0.19238477, 43.60527495], [0.19227661, 43.60520643], [0.19216145, 43.60500267], [0.19203594, 43.60475724], [0.19193804, 43.60468178]]}, "properties": {"nature": "Route empierr\u00e9e", "prive": false, "acces_pieton": null, "acces_vehicule_leger": "Libre", "nom": "Route de Bassoues", "source": "BDTOPO_V3:troncon_de_route (IGN, WFS data.geopf.fr)"}}, {"type": "Feature", "geometry": {"type": "LineString", "coordinates": [[0.20172802, 43.563373], [0.2016107, 43.56329075], [0.20142497, 43.56318963], [0.20127859, 43.56311923], [0.20107171, 43.56302026], [0.20093479, 43.56295911], [0.20074884, 43.56286249], [0.2006794, 43.56281388], [0.20058937, 43.56273053], [0.20047583, 43.56259616], [0.20034695, 43.56242088], [0.20018539, 43.56220514], [0.20005241, 43.56203785], [0.19990953, 43.5618451], [0.19976882, 43.56165871], [0.19967264, 43.56152388], [0.19950935, 43.56129279], [0.1994305, 43.56120883], [0.19936702, 43.56113967], [0.19932709, 43.56109542], [0.19923229, 43.56100835], [0.19913825, 43.5609312], [0.19904267, 43.56086031], [0.19895702, 43.56078877], [0.19888375, 43.56074277], [0.19880499, 43.56068221], [0.19869881, 43.56060025], [0.19853043, 43.56047346], [0.1983773, 43.56036417], [0.19821922, 43.56025475], [0.19813301, 43.56019491], [0.19802909, 43.56014271], [0.19794062, 43.56010351], [0.19785875, 43.56008159], [0.19775824, 43.56006099], [0.19761268, 43.56005003], [0.19730383, 43.56003665], [0.19710225, 43.56003235], [0.19685129, 43.56002497], [0.19675017, 43.56001695], [0.19666273, 43.56000749], [0.19654115, 43.55998725], [0.19646312, 43.55996272], [0.19637611, 43.55991906], [0.19620899, 43.55981751], [0.19598931, 43.55967679], [0.19582342, 43.55957527], [0.19551294, 43.55939259], [0.19525908, 43.55924198], [0.19517429, 43.55917857], [0.19512159, 43.55911689]]}, "properties": {"nature": "Route \u00e0 1 chauss\u00e9e", "prive": false, "acces_pieton": null, "acces_vehicule_leger": "Libre", "nom": "Impasse du Sarthou", "source": "BDTOPO_V3:troncon_de_route (IGN, WFS data.geopf.fr)"}}, {"type": "Feature", "geometry": {"type": "LineString", "coordinates": [[0.1788863, 43.5540568], [0.1788384, 43.55407446], [0.17876952, 43.55409067], [0.17868187, 43.55408569], [0.17855868, 43.55407349]]}, "properties": {"nature": "Chemin", "prive": false, "acces_pieton": "Libre", "acces_vehicule_leger": "Libre", "nom": null, "source": "BDTOPO_V3:troncon_de_route (IGN, WFS data.geopf.fr)"}}, {"type": "Feature", "geometry": {"type": "LineString", "coordinates": [[0.18319054, 43.58321823], [0.18361595, 43.58398824], [0.18387976, 43.58449296], [0.18400731, 43.58472045], [0.18404712, 43.58481782], [0.18401355, 43.58487097], [0.18378948, 43.58494439], [0.18353758, 43.58500448], [0.18319406, 43.5850892], [0.18263503, 43.58524936], [0.18234469, 43.58533546], [0.18197643, 43.58544475], [0.18166908, 43.58547368], [0.18143776, 43.58546768], [0.18112056, 43.58541983], [0.18078613, 43.58536973], [0.18056254, 43.58535762]]}, "properties": {"nature": "Chemin", "prive": false, "acces_pieton": "Libre", "acces_vehicule_leger": "Libre", "nom": null, "source": "BDTOPO_V3:troncon_de_route (IGN, WFS data.geopf.fr)"}}, {"type": "Feature", "geometry": {"type": "LineString", "coordinates": [[0.18059299, 43.58889671], [0.18074069, 43.58891585], [0.18078275, 43.58891694], [0.18117278, 43.58871819], [0.18125359, 43.58866177], [0.18129653, 43.58856925], [0.18134752, 43.58848954], [0.18140349, 43.58845948], [0.18153312, 43.58841783], [0.18171797, 43.58836141], [0.181794, 43.58832647], [0.1818031, 43.58829249], [0.1818009, 43.58826182], [0.18164648, 43.58800122], [0.18146852, 43.58769049], [0.18142938, 43.58760484], [0.18138807, 43.587412], [0.181233, 43.58691279], [0.18110704, 43.5865773], [0.18104492, 43.58648025], [0.1809218, 43.5863141], [0.18085694, 43.58619717], [0.18083512, 43.58608677], [0.18079655, 43.58593901], [0.18074093, 43.58581062], [0.18064409, 43.58556322], [0.18056254, 43.58535762]]}, "properties": {"nature": "Chemin", "prive": false, "acces_pieton": null, "acces_vehicule_leger": "Libre", "nom": null, "source": "BDTOPO_V3:troncon_de_route (IGN, WFS data.geopf.fr)"}}, {"type": "Feature", "geometry": {"type": "LineString", "coordinates": [[0.14728862, 43.57062513], [0.14733056, 43.57065324], [0.14740164, 43.57069292], [0.14751235, 43.57073274], [0.14779255, 43.57080043], [0.14795051, 43.57083609], [0.14807585, 43.57085559], [0.14823772, 43.57086254], [0.14836567, 43.5708542], [0.14850521, 43.57083716], [0.14863304, 43.5708063], [0.14874978, 43.57079947], [0.14895288, 43.57077419], [0.14912386, 43.57074717], [0.1491774, 43.57074137], [0.14931776, 43.57073245], [0.14943657, 43.57073377], [0.14953254, 43.5707462], [0.14961079, 43.57076626], [0.14970211, 43.57079747], [0.14988987, 43.57088162], [0.15008363, 43.57096954], [0.15028008, 43.57105303], [0.15043601, 43.57110484], [0.15055971, 43.57113239], [0.15067056, 43.57114431], [0.15088388, 43.57116251], [0.15125801, 43.57118403], [0.15155061, 43.57120162], [0.15189047, 43.57121504], [0.15194987, 43.57121569]]}, "properties": {"nature": "Route \u00e0 1 chauss\u00e9e", "prive": false, "acces_pieton": null, "acces_vehicule_leger": "Libre", "nom": "Route de Courties", "source": "BDTOPO_V3:troncon_de_route (IGN, WFS data.geopf.fr)"}}, {"type": "Feature", "geometry": {"type": "LineString", "coordinates": [[0.22893633, 43.59670352], [0.22891275, 43.59678124], [0.22890361, 43.59684223], [0.22889612, 43.59692037], [0.22888646, 43.59704346], [0.22886028, 43.59712382], [0.22881858, 43.59719208], [0.22874529, 43.59727304], [0.22864637, 43.59734615], [0.22842841, 43.59747293], [0.22837045, 43.59749306], [0.22810836, 43.5975845], [0.22785496, 43.59765006], [0.22752922, 43.59777679], [0.22716734, 43.59790801], [0.22667679, 43.59806114], [0.22611509, 43.59825117], [0.2257425, 43.5983731], [0.22560173, 43.59844063], [0.22554837, 43.59846807], [0.22552158, 43.5985097], [0.22549733, 43.59857571], [0.22547921, 43.59869409], [0.22548567, 43.59881669], [0.22551549, 43.59886607], [0.22555693, 43.59890585], [0.22567976, 43.5989531], [0.22583786, 43.59898865], [0.22620778, 43.59907552], [0.22657908, 43.59915973], [0.22708855, 43.59928168], [0.22743432, 43.59938144], [0.22772556, 43.59948161], [0.22803808, 43.59960302], [0.2281444, 43.59965886], [0.22840642, 43.59985101], [0.22848231, 43.59992137]]}, "properties": {"nature": "Route empierr\u00e9e", "prive": false, "acces_pieton": null, "acces_vehicule_leger": "Libre", "nom": null, "source": "BDTOPO_V3:troncon_de_route (IGN, WFS data.geopf.fr)"}}, {"type": "Feature", "geometry": {"type": "LineString", "coordinates": [[0.22848231, 43.59992137], [0.22858779, 43.59986644], [0.228626, 43.59979359], [0.22866905, 43.59964614], [0.22875417, 43.59949975], [0.22888439, 43.59934282], [0.2290543, 43.59923642], [0.22926011, 43.5990535], [0.22936889, 43.59893023], [0.22939709, 43.59883372], [0.22940602, 43.59857195], [0.2293684, 43.5982991], [0.2293325, 43.5980677]]}, "properties": {"nature": "Chemin", "prive": false, "acces_pieton": null, "acces_vehicule_leger": "Libre", "nom": null, "source": "BDTOPO_V3:troncon_de_route (IGN, WFS data.geopf.fr)"}}, {"type": "Feature", "geometry": {"type": "LineString", "coordinates": [[0.16605969, 43.57475861], [0.16604233, 43.57475906], [0.16576272, 43.57477877], [0.16547067, 43.57479996], [0.16506548, 43.57482989], [0.16485916, 43.57484521], [0.1645921, 43.57486164], [0.16417822, 43.57489225], [0.16381526, 43.57491968], [0.16363142, 43.57493108]]}, "properties": {"nature": "Route \u00e0 1 chauss\u00e9e", "prive": false, "acces_pieton": null, "acces_vehicule_leger": "Libre", "nom": "Route de Beaumarch\u00e9s", "source": "BDTOPO_V3:troncon_de_route (IGN, WFS data.geopf.fr)"}}, {"type": "Feature", "geometry": {"type": "LineString", "coordinates": [[0.16931631, 43.56743301], [0.16928382, 43.56736373], [0.16922529, 43.56721996], [0.1691566, 43.56708132], [0.16907736, 43.56688028], [0.16900138, 43.56676396], [0.16884273, 43.56661667], [0.16862607, 43.56639044], [0.16846663, 43.56623412], [0.16813229, 43.5659337], [0.16760998, 43.56552843], [0.1672146, 43.56526062], [0.16687531, 43.56503569], [0.16655819, 43.56481313], [0.16608473, 43.56447216], [0.16580722, 43.56427494], [0.16562015, 43.56412691], [0.1654038, 43.56397], [0.16523276, 43.56379808], [0.1651858, 43.56369601], [0.16516641, 43.56353705], [0.16518405, 43.56330523], [0.16521347, 43.56313584], [0.16523154, 43.56294544], [0.16527088, 43.56265026], [0.16535777, 43.56206912], [0.16538657, 43.56171155], [0.16537097, 43.56145095], [0.16533713, 43.56115836], [0.16534269, 43.5608452], [0.16535324, 43.56055647], [0.16534782, 43.56036546], [0.16531865, 43.56010361], [0.16522737, 43.55964566], [0.16518335, 43.55945904], [0.16510321, 43.55912653]]}, "properties": {"nature": "Chemin", "prive": false, "acces_pieton": null, "acces_vehicule_leger": "Libre", "nom": null, "source": "BDTOPO_V3:troncon_de_route (IGN, WFS data.geopf.fr)"}}, {"type": "Feature", "geometry": {"type": "LineString", "coordinates": [[0.16782464, 43.57931892], [0.16779694, 43.57935331], [0.16772664, 43.5794226], [0.16751734, 43.57962332], [0.16740861, 43.57971862], [0.16732148, 43.57980277], [0.16724061, 43.5799105], [0.16711139, 43.58014482], [0.16695997, 43.58047759], [0.16684453, 43.58068346], [0.16670962, 43.58088251], [0.16657382, 43.58104913], [0.16642792, 43.58119478]]}, "properties": {"nature": "Route \u00e0 1 chauss\u00e9e", "prive": false, "acces_pieton": null, "acces_vehicule_leger": "Libre", "nom": "Chemin de Loustliges", "source": "BDTOPO_V3:troncon_de_route (IGN, WFS data.geopf.fr)"}}, {"type": "Feature", "geometry": {"type": "LineString", "coordinates": [[0.17041652, 43.57934779], [0.1702781, 43.57926675], [0.17017206, 43.57918206], [0.17010497, 43.57908577], [0.17006515, 43.5789893]]}, "properties": {"nature": "Route \u00e0 1 chauss\u00e9e", "prive": false, "acces_pieton": null, "acces_vehicule_leger": "Libre", "nom": "Route de Marciac", "source": "BDTOPO_V3:troncon_de_route (IGN, WFS data.geopf.fr)"}}, {"type": "Feature", "geometry": {"type": "LineString", "coordinates": [[0.20200959, 43.59307716], [0.2019988, 43.59304447], [0.20197775, 43.59299351], [0.20195427, 43.59294159], [0.20190704, 43.59284314], [0.20168956, 43.5924513], [0.20160613, 43.59230779], [0.20150045, 43.59206198], [0.20143654, 43.59177223], [0.20134583, 43.59137195], [0.20130472, 43.59119893], [0.2012526, 43.59099772], [0.20122329, 43.59081149], [0.20121257, 43.59059964], [0.20122934, 43.59043351], [0.20129072, 43.59008937], [0.20135732, 43.58976517], [0.20140314, 43.58951156], [0.20142103, 43.58937337], [0.20143026, 43.58926017], [0.20144765, 43.58908145], [0.20146007, 43.58895393], [0.20147956, 43.588859], [0.2014815, 43.58884464], [0.20153663, 43.58870471], [0.20154511, 43.58868332], [0.20160166, 43.58856504], [0.20169159, 43.58837198]]}, "properties": {"nature": "Route \u00e0 1 chauss\u00e9e", "prive": false, "acces_pieton": null, "acces_vehicule_leger": "Libre", "nom": "Route de Mascaras", "source": "BDTOPO_V3:troncon_de_route (IGN, WFS data.geopf.fr)"}}, {"type": "Feature", "geometry": {"type": "LineString", "coordinates": [[0.20224796, 43.58730053], [0.20227617, 43.58725534], [0.20236255, 43.58716033], [0.20250679, 43.5870218], [0.2027349, 43.5868143], [0.2028665, 43.58668084], [0.20296648, 43.58656097], [0.20306445, 43.58640594], [0.2031727, 43.58619265], [0.20323999, 43.58598101], [0.20325357, 43.58590573], [0.20325479, 43.58585535], [0.20327422, 43.58560916], [0.20326863, 43.58521557]]}, "properties": {"nature": "Route \u00e0 1 chauss\u00e9e", "prive": false, "acces_pieton": null, "acces_vehicule_leger": "Libre", "nom": "Route de Mascaras", "source": "BDTOPO_V3:troncon_de_route (IGN, WFS data.geopf.fr)"}}, {"type": "Feature", "geometry": {"type": "LineString", "coordinates": [[0.22811239, 43.58076048], [0.22808015, 43.58071014], [0.22804358, 43.5806723], [0.2279935, 43.5806323], [0.2279394, 43.58059851], [0.22788522, 43.58056652], [0.22783789, 43.5805464], [0.22778677, 43.58052799], [0.2277303, 43.58051755], [0.22767137, 43.58050704], [0.2276172, 43.58050025], [0.22753194, 43.58049628], [0.22745645, 43.58049525], [0.22726297, 43.58050111], [0.22713672, 43.58049969], [0.22693002, 43.58049711], [0.22675288, 43.58049799], [0.22646067, 43.58049683], [0.22626577, 43.58050625], [0.22595687, 43.58051727], [0.22580085, 43.58051688], [0.22564985, 43.58051482], [0.22556123, 43.58050356], [0.2253668, 43.58047788], [0.22518495, 43.58044802], [0.22507698, 43.58042726], [0.22503191, 43.5804117], [0.22499929, 43.58039466], [0.22497039, 43.58037772], [0.22494895, 43.58036006], [0.22493728, 43.58034536], [0.22493316, 43.58032815], [0.22492854, 43.58029562], [0.22492663, 43.58023255], [0.22491835, 43.58019903], [0.22490993, 43.5801682], [0.22489754, 43.58014268], [0.22488016, 43.58011792], [0.22486124, 43.58009943], [0.2248326, 43.58007709], [0.2248025, 43.58005922], [0.2247626, 43.58003929], [0.22467042, 43.57999912], [0.22457555, 43.57996339], [0.22448648, 43.5799359], [0.22428862, 43.57987863], [0.22391713, 43.5797755], [0.22366511, 43.57971143], [0.22347323, 43.57965881], [0.22337545, 43.579632], [0.2232854, 43.57959909], [0.22313932, 43.57954673], [0.22307477, 43.57952438], [0.22302082, 43.57951309], [0.22295685, 43.57950425], [0.22287283, 43.5795003], [0.22277618, 43.57950143], [0.22262719, 43.57950933], [0.22251036, 43.57951804], [0.22245205, 43.57952015], [0.22241626, 43.57951744], [0.22239059, 43.57951048], [0.22236762, 43.57949908], [0.22234972, 43.57948512], [0.22233817, 43.57946772], [0.22233188, 43.57944415], [0.22232816, 43.57941885], [0.22233212, 43.57933702], [0.2223415, 43.57924543], [0.22234006, 43.57919858], [0.22233633, 43.57917327], [0.22232615, 43.57915321], [0.22231094, 43.57913481], [0.22228094, 43.57911514], [0.22225173, 43.57910449], [0.22219566, 43.57908595], [0.22215153, 43.57907671], [0.22209175, 43.57905808], [0.22205052, 43.57903992], [0.22201088, 43.5790146], [0.22197922, 43.57897777], [0.22193245, 43.57892076], [0.22188272, 43.57887357], [0.221837, 43.57882018], [0.22180865, 43.57876634], [0.22178616, 43.57869374]]}, "properties": {"nature": "Chemin", "prive": null, "acces_pieton": null, "acces_vehicule_leger": "Libre", "nom": null, "source": "BDTOPO_V3:troncon_de_route (IGN, WFS data.geopf.fr)"}}, {"type": "Feature", "geometry": {"type": "LineString", "coordinates": [[0.22195111, 43.57833063], [0.22190242, 43.57844102], [0.22182113, 43.5786109], [0.22178616, 43.57869374]]}, "properties": {"nature": "Route empierr\u00e9e", "prive": false, "acces_pieton": null, "acces_vehicule_leger": "Libre", "nom": null, "source": "BDTOPO_V3:troncon_de_route (IGN, WFS data.geopf.fr)"}}]}